query_id,phylum,representative_id,representative_index,alignment_score,alignment_length,identities,identity_percent
Soil11.scaffold_431547323_c1_2,Bacteroidota,A0A399D723|unreviewed|nitrate,1,4252.0,1522,696,45.729303547963205
Soil11.scaffold_431547323_c1_2,Bacteroidota,A0A9D9VY91|unreviewed|nitrate,2,4108.0,1546,671,43.402328589909445
Soil11.scaffold_431547323_c1_2,Bacteroidota,A0A1G6KWR1|unreviewed|nitrate,3,4049.0,1585,660,41.6403785488959
Soil11.scaffold_431547323_c1_2,Bacteroidota,A0A1F3NZE7|unreviewed|nitrate,4,4289.0,1505,698,46.37873754152824
Soil11.scaffold_431547323_c1_2,Bacteroidota,A0A434AV88|unreviewed|nitrate,5,4011.0,1587,659,41.52488972904852
Soil11.scaffold_431547323_c1_2,Pseudomonadota,A0A149V6R9|unreviewed|4Fe-4S,1,4006.0,1596,655,41.040100250626566
Soil11.scaffold_431547323_c1_2,Pseudomonadota,A0A4Q7N714|unreviewed|nitrate,2,3990.0,1609,641,39.838408949658174
Soil11.scaffold_431547323_c1_2,Pseudomonadota,A0A0N9VQU4|unreviewed|nitrate,3,4007.0,1592,652,40.95477386934673
Soil11.scaffold_431547323_c1_2,Pseudomonadota,A0A5B0BNB7|unreviewed|nitrate,4,4084.0,1613,669,41.47551146931184
Soil11.scaffold_431547323_c1_2,Pseudomonadota,A0A7Z0I064|unreviewed|nitrate,5,4075.0,1592,662,41.58291457286432
Soil11.scaffold_431547323_c1_2,Bacillota,A0A1I1VAQ5|unreviewed|nitrate,1,4039.0,1603,661,41.23518402994385
Soil11.scaffold_431547323_c1_2,Bacillota,A0A5J5HPE3|unreviewed|nitrate,2,4084.0,1572,672,42.74809160305343
Soil11.scaffold_431547323_c1_2,Bacillota,A0A941E077|unreviewed|nitrate,3,3947.0,1593,639,40.11299435028249
Soil11.scaffold_431547323_c1_2,Bacillota,A0A2T5G6I1|unreviewed|nitrate,4,4114.0,1569,681,43.40344168260038
Soil11.scaffold_431547323_c1_2,Bacillota,A0A0R1H9J7|unreviewed|nitrate,5,3954.0,1598,639,39.9874843554443
Soil11.scaffold_431547323_c1_2,Actinomycetota,Q1AWQ7|unreviewed|Nitrate,1,4070.0,1570,670,42.675159235668794
Soil11.scaffold_431547323_c1_2,Actinomycetota,A0A511D6I2|unreviewed|Nitrate,2,3993.0,1608,657,40.85820895522388
Soil11.scaffold_431547323_c1_2,Actinomycetota,A0A7K0W3P6|unreviewed|Nitrate,3,3939.0,1589,652,41.032095657646316
Soil11.scaffold_431547323_c1_2,Actinomycetota,U1QE67|unreviewed|nitrate,4,3832.0,1649,628,38.083687083080655
Soil11.scaffold_431547323_c1_2,Actinomycetota,A0A8J3NMA7|unreviewed|nitrate,5,3930.0,1606,648,40.34869240348692
Soil11.scaffold_431547323_c1_2,acidobacteriota,A0A936F3S9|unreviewed|nitrate,1,4343.0,1509,712,47.18356527501656
Soil11.scaffold_431547323_c1_2,acidobacteriota,A0A953EJI2|unreviewed|nitrate,2,4434.0,1504,736,48.93617021276596
Soil11.scaffold_431547323_c1_2,acidobacteriota,A0A1F2RVC6|unreviewed|nitrate,3,4341.0,1511,710,46.98874917273329
Soil11.scaffold_431547323_c1_2,acidobacteriota,A0A9D7SI32|unreviewed|nitrate,4,4357.0,1506,716,47.54316069057105
Soil11.scaffold_431547323_c1_2,acidobacteriota,A0A1F2SV26|unreviewed|4Fe-4S,5,3522.0,1412,584,41.359773371104815
Soil11.scaffold_431547323_c1_2,chloroflexota,A0A2N2MAT5|unreviewed|nitrate,1,4401.0,1511,733,48.510919920582396
Soil11.scaffold_431547323_c1_2,chloroflexota,A0A949W021|unreviewed|nitrate,2,4312.0,1524,718,47.112860892388454
Soil11.scaffold_431547323_c1_2,chloroflexota,A0A1F8L172|unreviewed|nitrate,3,4330.0,1500,726,48.4
Soil11.scaffold_431547323_c1_2,chloroflexota,A0A8J6NLS7|unreviewed|nitrate,4,4381.0,1510,735,48.675496688741724
Soil11.scaffold_431547323_c1_2,chloroflexota,A0A2M8CTB5|unreviewed|nitrate,5,4404.0,1485,736,49.562289562289564
Soil11.scaffold_431547323_c1_2,verrucomicrobiota,A0A849XW34|unreviewed|nitrate,1,4370.0,1520,730,48.026315789473685
Soil11.scaffold_431547323_c1_2,verrucomicrobiota,A0A933UFK4|unreviewed|nitrate,2,4267.0,1536,703,45.76822916666667
Soil11.scaffold_431547323_c1_2,verrucomicrobiota,A0A934F0J8|unreviewed|nitrate,3,4254.0,1528,700,45.811518324607334
Soil11.scaffold_431547323_c1_2,verrucomicrobiota,A0A832HWY0|unreviewed|Nitrate,4,3903.0,1510,650,43.04635761589404
Soil11.scaffold_431547323_c1_2,verrucomicrobiota,A0A7C4LZE2|unreviewed|nitrate,5,4273.0,1529,706,46.17396991497711
Soil11.scaffold_431547323_c1_2,gemmatimonadota,A0A2D5ZQA8|unreviewed|nitrate,1,4314.0,1532,710,46.344647519582246
Soil11.scaffold_431547323_c1_2,gemmatimonadota,A0A524IW10|unreviewed|nitrate,2,4395.0,1492,730,48.92761394101876
Soil11.scaffold_431547323_c1_2,gemmatimonadota,A0A933BW52|unreviewed|nitrate,3,3974.0,1612,640,39.70223325062035
Soil11.scaffold_431547323_c1_2,gemmatimonadota,A0A945GIP3|unreviewed|nitrate,4,4362.0,1517,715,47.13249835201055
Soil11.scaffold_431547323_c1_2,gemmatimonadota,A0A9D7CFV4|unreviewed|nitrate,5,4210.0,1530,686,44.83660130718955
Soil11.scaffold_431547323_c1_2,myxococcota,Q2IJW3|unreviewed|nitrate,1,4347.0,1514,728,48.084544253632764
Soil11.scaffold_431547323_c1_2,myxococcota,B4ULS9|unreviewed|nitrate,2,4343.0,1516,728,48.02110817941953
Soil11.scaffold_431547323_c1_2,myxococcota,A0A928XR34|unreviewed|nitrate,3,4183.0,1533,685,44.6836268754077
Soil11.scaffold_431547323_c1_2,myxococcota,A7HGD0|unreviewed|nitrate,4,4119.0,1544,694,44.94818652849741
Soil11.scaffold_431547323_c1_2,myxococcota,A0A947HI39|unreviewed|nitrate,5,4253.0,1543,696,45.10693454309786
Soil11.scaffold_587233302_c1_1,Bacteroidota,A0A399D723|unreviewed|nitrate,1,3963.0,1606,643,40.037359900373595
Soil11.scaffold_587233302_c1_1,Bacteroidota,A0A9D9VY91|unreviewed|nitrate,2,3958.0,1616,643,39.78960396039604
Soil11.scaffold_587233302_c1_1,Bacteroidota,A0A1G6KWR1|unreviewed|nitrate,3,4723.0,1517,797,52.53790375741595
Soil11.scaffold_587233302_c1_1,Bacteroidota,A0A1F3NZE7|unreviewed|nitrate,4,3948.0,1619,643,39.71587399629401
Soil11.scaffold_587233302_c1_1,Bacteroidota,A0A434AV88|unreviewed|nitrate,5,4766.0,1504,801,53.25797872340425
Soil11.scaffold_587233302_c1_1,Pseudomonadota,A0A149V6R9|unreviewed|4Fe-4S,1,4616.0,1533,769,50.16307893020222
Soil11.scaffold_587233302_c1_1,Pseudomonadota,A0A4Q7N714|unreviewed|nitrate,2,5148.0,1456,877,60.23351648351648
Soil11.scaffold_587233302_c1_1,Pseudomonadota,A0A0N9VQU4|unreviewed|nitrate,3,5548.0,1384,966,69.79768786127167
Soil11.scaffold_587233302_c1_1,Pseudomonadota,A0A5B0BNB7|unreviewed|nitrate,4,5112.0,1481,874,59.01417960837272
Soil11.scaffold_587233302_c1_1,Pseudomonadota,A0A7Z0I064|unreviewed|nitrate,5,4971.0,1484,847,57.07547169811321
Soil11.scaffold_587233302_c1_1,Bacillota,A0A1I1VAQ5|unreviewed|nitrate,1,4246.0,1588,703,44.269521410579344
Soil11.scaffold_587233302_c1_1,Bacillota,A0A5J5HPE3|unreviewed|nitrate,2,4221.0,1595,693,43.44827586206896
Soil11.scaffold_587233302_c1_1,Bacillota,A0A941E077|unreviewed|nitrate,3,4300.0,1570,709,45.15923566878981
Soil11.scaffold_587233302_c1_1,Bacillota,A0A2T5G6I1|unreviewed|nitrate,4,4423.0,1552,736,47.42268041237113
Soil11.scaffold_587233302_c1_1,Bacillota,A0A0R1H9J7|unreviewed|nitrate,5,4238.0,1588,693,43.63979848866499
Soil11.scaffold_587233302_c1_1,Actinomycetota,Q1AWQ7|unreviewed|Nitrate,1,4359.0,1558,721,46.277278562259305
Soil11.scaffold_587233302_c1_1,Actinomycetota,A0A511D6I2|unreviewed|Nitrate,2,4175.0,1612,697,43.23821339950372
Soil11.scaffold_587233302_c1_1,Actinomycetota,A0A7K0W3P6|unreviewed|Nitrate,3,4116.0,1592,681,42.77638190954774
Soil11.scaffold_587233302_c1_1,Actinomycetota,U1QE67|unreviewed|nitrate,4,3970.0,1659,654,39.42133815551537
Soil11.scaffold_587233302_c1_1,Actinomycetota,A0A8J3NMA7|unreviewed|nitrate,5,4110.0,1615,682,42.22910216718267
Soil11.scaffold_587233302_c1_1,acidobacteriota,A0A936F3S9|unreviewed|nitrate,1,4037.0,1602,661,41.26092384519351
Soil11.scaffold_587233302_c1_1,acidobacteriota,A0A953EJI2|unreviewed|nitrate,2,4089.0,1606,673,41.90535491905355
Soil11.scaffold_587233302_c1_1,acidobacteriota,A0A1F2RVC6|unreviewed|nitrate,3,3982.0,1625,649,39.93846153846154
Soil11.scaffold_587233302_c1_1,acidobacteriota,A0A9D7SI32|unreviewed|nitrate,4,4049.0,1602,664,41.4481897627965
Soil11.scaffold_587233302_c1_1,acidobacteriota,A0A1F2SV26|unreviewed|4Fe-4S,5,3249.0,1503,538,35.79507651363939
Soil11.scaffold_587233302_c1_1,chloroflexota,A0A2N2MAT5|unreviewed|nitrate,1,4044.0,1602,661,41.26092384519351
Soil11.scaffold_587233302_c1_1,chloroflexota,A0A949W021|unreviewed|nitrate,2,4054.0,1625,670,41.23076923076923
Soil11.scaffold_587233302_c1_1,chloroflexota,A0A1F8L172|unreviewed|nitrate,3,4050.0,1599,674,42.151344590368986
Soil11.scaffold_587233302_c1_1,chloroflexota,A0A8J6NLS7|unreviewed|nitrate,4,3972.0,1614,648,40.14869888475837
Soil11.scaffold_587233302_c1_1,chloroflexota,A0A2M8CTB5|unreviewed|nitrate,5,4008.0,1605,661,41.18380062305296
Soil11.scaffold_587233302_c1_1,verrucomicrobiota,A0A849XW34|unreviewed|nitrate,1,4095.0,1597,669,41.89104571070757
Soil11.scaffold_587233302_c1_1,verrucomicrobiota,A0A933UFK4|unreviewed|nitrate,2,4092.0,1601,673,42.03622735790131
Soil11.scaffold_587233302_c1_1,verrucomicrobiota,A0A934F0J8|unreviewed|nitrate,3,4080.0,1597,669,41.89104571070757
Soil11.scaffold_587233302_c1_1,verrucomicrobiota,A0A832HWY0|unreviewed|Nitrate,4,3679.0,1581,601,38.01391524351676
Soil11.scaffold_587233302_c1_1,verrucomicrobiota,A0A7C4LZE2|unreviewed|nitrate,5,4070.0,1602,668,41.69787765293383
Soil11.scaffold_587233302_c1_1,gemmatimonadota,A0A2D5ZQA8|unreviewed|nitrate,1,3976.0,1620,648,40.0
Soil11.scaffold_587233302_c1_1,gemmatimonadota,A0A524IW10|unreviewed|nitrate,2,4022.0,1595,663,41.56739811912226
Soil11.scaffold_587233302_c1_1,gemmatimonadota,A0A933BW52|unreviewed|nitrate,3,3837.0,1667,626,37.552489502099576
Soil11.scaffold_587233302_c1_1,gemmatimonadota,A0A945GIP3|unreviewed|nitrate,4,4014.0,1621,662,40.83898827884022
Soil11.scaffold_587233302_c1_1,gemmatimonadota,A0A9D7CFV4|unreviewed|nitrate,5,3963.0,1619,649,40.08647313156269
Soil11.scaffold_587233302_c1_1,myxococcota,Q2IJW3|unreviewed|nitrate,1,3992.0,1616,656,40.5940594059406
Soil11.scaffold_587233302_c1_1,myxococcota,B4ULS9|unreviewed|nitrate,2,3991.0,1617,657,40.63079777365491
Soil11.scaffold_587233302_c1_1,myxococcota,A0A928XR34|unreviewed|nitrate,3,3978.0,1619,649,40.08647313156269
Soil11.scaffold_587233302_c1_1,myxococcota,A7HGD0|unreviewed|nitrate,4,3870.0,1635,649,39.694189602446485
Soil11.scaffold_587233302_c1_1,myxococcota,A0A947HI39|unreviewed|nitrate,5,4096.0,1597,665,41.64057608015028
Soil11.scaffold_65427810_c1_20,Bacteroidota,A0A399D723|unreviewed|nitrate,1,3988.0,1583,644,40.682248894504106
Soil11.scaffold_65427810_c1_20,Bacteroidota,A0A9D9VY91|unreviewed|nitrate,2,3957.0,1592,637,40.01256281407035
Soil11.scaffold_65427810_c1_20,Bacteroidota,A0A1G6KWR1|unreviewed|nitrate,3,4153.0,1580,671,42.46835443037975
Soil11.scaffold_65427810_c1_20,Bacteroidota,A0A1F3NZE7|unreviewed|nitrate,4,3993.0,1581,651,41.17647058823529
Soil11.scaffold_65427810_c1_20,Bacteroidota,A0A434AV88|unreviewed|nitrate,5,4116.0,1588,665,41.876574307304786
Soil11.scaffold_65427810_c1_20,Pseudomonadota,A0A149V6R9|unreviewed|4Fe-4S,1,4136.0,1603,686,42.79475982532751
Soil11.scaffold_65427810_c1_20,Pseudomonadota,A0A4Q7N714|unreviewed|nitrate,2,4292.0,1587,708,44.61247637051039
Soil11.scaffold_65427810_c1_20,Pseudomonadota,A0A0N9VQU4|unreviewed|nitrate,3,4151.0,1581,677,42.82099936748893
Soil11.scaffold_65427810_c1_20,Pseudomonadota,A0A5B0BNB7|unreviewed|nitrate,4,4190.0,1598,682,42.67834793491865
Soil11.scaffold_65427810_c1_20,Pseudomonadota,A0A7Z0I064|unreviewed|nitrate,5,4261.0,1580,702,44.43037974683544
Soil11.scaffold_65427810_c1_20,Bacillota,A0A1I1VAQ5|unreviewed|nitrate,1,4331.0,1543,714,46.27349319507453
Soil11.scaffold_65427810_c1_20,Bacillota,A0A5J5HPE3|unreviewed|nitrate,2,4380.0,1521,721,47.40302432610125
Soil11.scaffold_65427810_c1_20,Bacillota,A0A941E077|unreviewed|nitrate,3,4269.0,1541,700,45.425048669695
Soil11.scaffold_65427810_c1_20,Bacillota,A0A2T5G6I1|unreviewed|nitrate,4,4615.0,1507,787,52.222959522229594
Soil11.scaffold_65427810_c1_20,Bacillota,A0A0R1H9J7|unreviewed|nitrate,5,4227.0,1550,693,44.70967741935484
Soil11.scaffold_65427810_c1_20,Actinomycetota,Q1AWQ7|unreviewed|Nitrate,1,5089.0,1417,868,61.25617501764291
Soil11.scaffold_65427810_c1_20,Actinomycetota,A0A511D6I2|unreviewed|Nitrate,2,4637.0,1528,788,51.57068062827225
Soil11.scaffold_65427810_c1_20,Actinomycetota,A0A7K0W3P6|unreviewed|Nitrate,3,4583.0,1494,766,51.27175368139224
Soil11.scaffold_65427810_c1_20,Actinomycetota,U1QE67|unreviewed|nitrate,4,4399.0,1571,740,47.10375556970083
Soil11.scaffold_65427810_c1_20,Actinomycetota,A0A8J3NMA7|unreviewed|nitrate,5,4627.0,1517,784,51.68094924192486
Soil11.scaffold_65427810_c1_20,acidobacteriota,A0A936F3S9|unreviewed|nitrate,1,4034.0,1582,659,41.65613147914033
Soil11.scaffold_65427810_c1_20,acidobacteriota,A0A953EJI2|unreviewed|nitrate,2,4093.0,1565,663,42.364217252396166
Soil11.scaffold_65427810_c1_20,acidobacteriota,A0A1F2RVC6|unreviewed|nitrate,3,4104.0,1578,668,42.33206590621039
Soil11.scaffold_65427810_c1_20,acidobacteriota,A0A9D7SI32|unreviewed|nitrate,4,4037.0,1582,658,41.5929203539823
Soil11.scaffold_65427810_c1_20,acidobacteriota,A0A1F2SV26|unreviewed|4Fe-4S,5,3316.0,1460,548,37.534246575342465
Soil11.scaffold_65427810_c1_20,chloroflexota,A0A2N2MAT5|unreviewed|nitrate,1,4051.0,1582,663,41.90897597977244
Soil11.scaffold_65427810_c1_20,chloroflexota,A0A949W021|unreviewed|nitrate,2,4129.0,1565,673,43.00319488817891
Soil11.scaffold_65427810_c1_20,chloroflexota,A0A1F8L172|unreviewed|nitrate,3,4046.0,1562,665,42.57362355953905
Soil11.scaffold_65427810_c1_20,chloroflexota,A0A8J6NLS7|unreviewed|nitrate,4,4068.0,1559,656,42.07825529185375
Soil11.scaffold_65427810_c1_20,chloroflexota,A0A2M8CTB5|unreviewed|nitrate,5,4071.0,1558,660,42.3620025673941
Soil11.scaffold_65427810_c1_20,verrucomicrobiota,A0A849XW34|unreviewed|nitrate,1,4059.0,1580,666,42.151898734177216
Soil11.scaffold_65427810_c1_20,verrucomicrobiota,A0A933UFK4|unreviewed|nitrate,2,4034.0,1587,661,41.650913673597984
Soil11.scaffold_65427810_c1_20,verrucomicrobiota,A0A934F0J8|unreviewed|nitrate,3,4060.0,1578,671,42.52217997465146
Soil11.scaffold_65427810_c1_20,verrucomicrobiota,A0A832HWY0|unreviewed|Nitrate,4,3710.0,1551,609,39.26499032882012
Soil11.scaffold_65427810_c1_20,verrucomicrobiota,A0A7C4LZE2|unreviewed|nitrate,5,4042.0,1585,672,42.397476340694006
Soil11.scaffold_65427810_c1_20,gemmatimonadota,A0A2D5ZQA8|unreviewed|nitrate,1,4005.0,1583,653,41.25078963992419
Soil11.scaffold_65427810_c1_20,gemmatimonadota,A0A524IW10|unreviewed|nitrate,2,4126.0,1558,686,44.03080872913993
Soil11.scaffold_65427810_c1_20,gemmatimonadota,A0A933BW52|unreviewed|nitrate,3,4042.0,1618,663,40.97651421508034
Soil11.scaffold_65427810_c1_20,gemmatimonadota,A0A945GIP3|unreviewed|nitrate,4,4087.0,1572,660,41.98473282442748
Soil11.scaffold_65427810_c1_20,gemmatimonadota,A0A9D7CFV4|unreviewed|nitrate,5,3993.0,1591,652,40.98051539912005
Soil11.scaffold_65427810_c1_20,myxococcota,Q2IJW3|unreviewed|nitrate,1,4107.0,1556,682,43.83033419023136
Soil11.scaffold_65427810_c1_20,myxococcota,B4ULS9|unreviewed|nitrate,2,4109.0,1556,682,43.83033419023136
Soil11.scaffold_65427810_c1_20,myxococcota,A0A928XR34|unreviewed|nitrate,3,3998.0,1592,655,41.14321608040201
Soil11.scaffold_65427810_c1_20,myxococcota,A7HGD0|unreviewed|nitrate,4,4060.0,1567,684,43.65028717294193
Soil11.scaffold_65427810_c1_20,myxococcota,A0A947HI39|unreviewed|nitrate,5,4000.0,1593,658,41.30571249215317
Soil11.scaffold_211583530_c1_6,Bacteroidota,A0A399D723|unreviewed|nitrate,1,3970.0,1638,642,39.1941391941392
Soil11.scaffold_211583530_c1_6,Bacteroidota,A0A9D9VY91|unreviewed|nitrate,2,3973.0,1639,644,39.292251372788286
Soil11.scaffold_211583530_c1_6,Bacteroidota,A0A1G6KWR1|unreviewed|nitrate,3,4894.0,1520,826,54.34210526315789
Soil11.scaffold_211583530_c1_6,Bacteroidota,A0A1F3NZE7|unreviewed|nitrate,4,4064.0,1625,663,40.8
Soil11.scaffold_211583530_c1_6,Bacteroidota,A0A434AV88|unreviewed|nitrate,5,4825.0,1525,808,52.98360655737705
Soil11.scaffold_211583530_c1_6,Pseudomonadota,A0A149V6R9|unreviewed|4Fe-4S,1,4717.0,1558,794,50.96277278562259
Soil11.scaffold_211583530_c1_6,Pseudomonadota,A0A4Q7N714|unreviewed|nitrate,2,5274.0,1479,906,61.257606490872206
Soil11.scaffold_211583530_c1_6,Pseudomonadota,A0A0N9VQU4|unreviewed|nitrate,3,5065.0,1483,862,58.12542144302091
Soil11.scaffold_211583530_c1_6,Pseudomonadota,A0A5B0BNB7|unreviewed|nitrate,4,5219.0,1482,897,60.526315789473685
Soil11.scaffold_211583530_c1_6,Pseudomonadota,A0A7Z0I064|unreviewed|nitrate,5,5139.0,1488,879,59.07258064516129
Soil11.scaffold_211583530_c1_6,Bacillota,A0A1I1VAQ5|unreviewed|nitrate,1,4306.0,1623,715,44.05422057917437
Soil11.scaffold_211583530_c1_6,Bacillota,A0A5J5HPE3|unreviewed|nitrate,2,4281.0,1619,702,43.36009882643607
Soil11.scaffold_211583530_c1_6,Bacillota,A0A941E077|unreviewed|nitrate,3,4332.0,1594,715,44.85570890840652
Soil11.scaffold_211583530_c1_6,Bacillota,A0A2T5G6I1|unreviewed|nitrate,4,4518.0,1581,757,47.881087919038585
Soil11.scaffold_211583530_c1_6,Bacillota,A0A0R1H9J7|unreviewed|nitrate,5,4332.0,1624,721,44.396551724137936
Soil11.scaffold_211583530_c1_6,Actinomycetota,Q1AWQ7|unreviewed|Nitrate,1,4410.0,1576,730,46.31979695431472
Soil11.scaffold_211583530_c1_6,Actinomycetota,A0A511D6I2|unreviewed|Nitrate,2,4290.0,1639,720,43.92922513727883
Soil11.scaffold_211583530_c1_6,Actinomycetota,A0A7K0W3P6|unreviewed|Nitrate,3,4245.0,1611,708,43.947858472998135
Soil11.scaffold_211583530_c1_6,Actinomycetota,U1QE67|unreviewed|nitrate,4,4091.0,1677,673,40.13118664281455
Soil11.scaffold_211583530_c1_6,Actinomycetota,A0A8J3NMA7|unreviewed|nitrate,5,4196.0,1639,695,42.4039048200122
Soil11.scaffold_211583530_c1_6,acidobacteriota,A0A936F3S9|unreviewed|nitrate,1,4085.0,1628,661,40.6019656019656
Soil11.scaffold_211583530_c1_6,acidobacteriota,A0A953EJI2|unreviewed|nitrate,2,4114.0,1631,677,41.50827713059473
Soil11.scaffold_211583530_c1_6,acidobacteriota,A0A1F2RVC6|unreviewed|nitrate,3,4097.0,1645,667,40.547112462006076
Soil11.scaffold_211583530_c1_6,acidobacteriota,A0A9D7SI32|unreviewed|nitrate,4,4090.0,1628,662,40.663390663390665
Soil11.scaffold_211583530_c1_6,acidobacteriota,A0A1F2SV26|unreviewed|4Fe-4S,5,3323.0,1515,549,36.23762376237624
Soil11.scaffold_211583530_c1_6,chloroflexota,A0A2N2MAT5|unreviewed|nitrate,1,4138.0,1625,676,41.6
Soil11.scaffold_211583530_c1_6,chloroflexota,A0A949W021|unreviewed|nitrate,2,4140.0,1650,689,41.75757575757576
Soil11.scaffold_211583530_c1_6,chloroflexota,A0A1F8L172|unreviewed|nitrate,3,4067.0,1631,669,41.017780502759045
Soil11.scaffold_211583530_c1_6,chloroflexota,A0A8J6NLS7|unreviewed|nitrate,4,4087.0,1629,672,41.25230202578269
Soil11.scaffold_211583530_c1_6,chloroflexota,A0A2M8CTB5|unreviewed|nitrate,5,4106.0,1614,678,42.00743494423792
Soil11.scaffold_211583530_c1_6,verrucomicrobiota,A0A849XW34|unreviewed|nitrate,1,4129.0,1632,672,41.17647058823529
Soil11.scaffold_211583530_c1_6,verrucomicrobiota,A0A933UFK4|unreviewed|nitrate,2,4151.0,1619,680,42.001235330450896
Soil11.scaffold_211583530_c1_6,verrucomicrobiota,A0A934F0J8|unreviewed|nitrate,3,4161.0,1618,690,42.64524103831891
Soil11.scaffold_211583530_c1_6,verrucomicrobiota,A0A832HWY0|unreviewed|Nitrate,4,3746.0,1608,616,38.308457711442784
Soil11.scaffold_211583530_c1_6,verrucomicrobiota,A0A7C4LZE2|unreviewed|nitrate,5,4142.0,1620,685,42.28395061728395
Soil11.scaffold_211583530_c1_6,gemmatimonadota,A0A2D5ZQA8|unreviewed|nitrate,1,4128.0,1638,675,41.208791208791204
Soil11.scaffold_211583530_c1_6,gemmatimonadota,A0A524IW10|unreviewed|nitrate,2,4180.0,1621,700,43.183220234423196
Soil11.scaffold_211583530_c1_6,gemmatimonadota,A0A933BW52|unreviewed|nitrate,3,3981.0,1681,648,38.54848304580607
Soil11.scaffold_211583530_c1_6,gemmatimonadota,A0A945GIP3|unreviewed|nitrate,4,4093.0,1632,665,40.747549019607845
Soil11.scaffold_211583530_c1_6,gemmatimonadota,A0A9D7CFV4|unreviewed|nitrate,5,4078.0,1627,672,41.30301167793485
Soil11.scaffold_211583530_c1_6,myxococcota,Q2IJW3|unreviewed|nitrate,1,4182.0,1618,698,43.13967861557478
Soil11.scaffold_211583530_c1_6,myxococcota,B4ULS9|unreviewed|nitrate,2,4169.0,1620,694,42.839506172839506
Soil11.scaffold_211583530_c1_6,myxococcota,A0A928XR34|unreviewed|nitrate,3,4012.0,1636,651,39.7921760391198
Soil11.scaffold_211583530_c1_6,myxococcota,A7HGD0|unreviewed|nitrate,4,3983.0,1640,659,40.1829268292683
Soil11.scaffold_211583530_c1_6,myxococcota,A0A947HI39|unreviewed|nitrate,5,4172.0,1624,683,42.05665024630542
Soil12.scaffold_266712765_c1_2,Bacteroidota,A0A399D723|unreviewed|nitrate,1,3980.0,1620,642,39.62962962962963
Soil12.scaffold_266712765_c1_2,Bacteroidota,A0A9D9VY91|unreviewed|nitrate,2,3963.0,1624,644,39.6551724137931
Soil12.scaffold_266712765_c1_2,Bacteroidota,A0A1G6KWR1|unreviewed|nitrate,3,4860.0,1496,820,54.81283422459893
Soil12.scaffold_266712765_c1_2,Bacteroidota,A0A1F3NZE7|unreviewed|nitrate,4,3998.0,1623,649,39.98767714109673
Soil12.scaffold_266712765_c1_2,Bacteroidota,A0A434AV88|unreviewed|nitrate,5,4860.0,1494,816,54.61847389558233
Soil12.scaffold_266712765_c1_2,Pseudomonadota,A0A149V6R9|unreviewed|4Fe-4S,1,4786.0,1522,806,52.95663600525624
Soil12.scaffold_266712765_c1_2,Pseudomonadota,A0A4Q7N714|unreviewed|nitrate,2,5285.0,1452,908,62.53443526170799
Soil12.scaffold_266712765_c1_2,Pseudomonadota,A0A0N9VQU4|unreviewed|nitrate,3,5002.0,1477,849,57.48138117806364
Soil12.scaffold_266712765_c1_2,Pseudomonadota,A0A5B0BNB7|unreviewed|nitrate,4,5088.0,1488,873,58.66935483870967
Soil12.scaffold_266712765_c1_2,Pseudomonadota,A0A7Z0I064|unreviewed|nitrate,5,5336.0,1448,921,63.60497237569061
Soil12.scaffold_266712765_c1_2,Bacillota,A0A1I1VAQ5|unreviewed|nitrate,1,4320.0,1594,714,44.79297365119197
Soil12.scaffold_266712765_c1_2,Bacillota,A0A5J5HPE3|unreviewed|nitrate,2,4233.0,1596,694,43.48370927318296
Soil12.scaffold_266712765_c1_2,Bacillota,A0A941E077|unreviewed|nitrate,3,4268.0,1596,704,44.11027568922306
Soil12.scaffold_266712765_c1_2,Bacillota,A0A2T5G6I1|unreviewed|nitrate,4,4479.0,1571,758,48.24952259707193
Soil12.scaffold_266712765_c1_2,Bacillota,A0A0R1H9J7|unreviewed|nitrate,5,4218.0,1613,690,42.77743335399876
Soil12.scaffold_266712765_c1_2,Actinomycetota,Q1AWQ7|unreviewed|Nitrate,1,4414.0,1565,745,47.6038338658147
Soil12.scaffold_266712765_c1_2,Actinomycetota,A0A511D6I2|unreviewed|Nitrate,2,4274.0,1623,719,44.30067775723968
Soil12.scaffold_266712765_c1_2,Actinomycetota,A0A7K0W3P6|unreviewed|Nitrate,3,4215.0,1603,709,44.229569557080474
Soil12.scaffold_266712765_c1_2,Actinomycetota,U1QE67|unreviewed|nitrate,4,4078.0,1658,672,40.5307599517491
Soil12.scaffold_266712765_c1_2,Actinomycetota,A0A8J3NMA7|unreviewed|nitrate,5,4195.0,1630,706,43.31288343558282
Soil12.scaffold_266712765_c1_2,acidobacteriota,A0A936F3S9|unreviewed|nitrate,1,4025.0,1612,649,40.2605459057072
Soil12.scaffold_266712765_c1_2,acidobacteriota,A0A953EJI2|unreviewed|nitrate,2,4030.0,1619,660,40.76590487955528
Soil12.scaffold_266712765_c1_2,acidobacteriota,A0A1F2RVC6|unreviewed|nitrate,3,4034.0,1628,654,40.171990171990174
Soil12.scaffold_266712765_c1_2,acidobacteriota,A0A9D7SI32|unreviewed|nitrate,4,4035.0,1611,651,40.4096834264432
Soil12.scaffold_266712765_c1_2,acidobacteriota,A0A1F2SV26|unreviewed|4Fe-4S,5,3305.0,1506,548,36.387782204515275
Soil12.scaffold_266712765_c1_2,chloroflexota,A0A2N2MAT5|unreviewed|nitrate,1,4124.0,1607,674,41.94150591163659
Soil12.scaffold_266712765_c1_2,chloroflexota,A0A949W021|unreviewed|nitrate,2,4015.0,1643,651,39.62264150943396
Soil12.scaffold_266712765_c1_2,chloroflexota,A0A1F8L172|unreviewed|nitrate,3,3970.0,1615,646,40.0
Soil12.scaffold_266712765_c1_2,chloroflexota,A0A8J6NLS7|unreviewed|nitrate,4,3988.0,1613,650,40.297582145071296
Soil12.scaffold_266712765_c1_2,chloroflexota,A0A2M8CTB5|unreviewed|nitrate,5,4045.0,1606,669,41.656288916562886
Soil12.scaffold_266712765_c1_2,verrucomicrobiota,A0A849XW34|unreviewed|nitrate,1,4127.0,1599,665,41.588492808005
Soil12.scaffold_266712765_c1_2,verrucomicrobiota,A0A933UFK4|unreviewed|nitrate,2,4106.0,1606,669,41.656288916562886
Soil12.scaffold_266712765_c1_2,verrucomicrobiota,A0A934F0J8|unreviewed|nitrate,3,4113.0,1606,671,41.78082191780822
Soil12.scaffold_266712765_c1_2,verrucomicrobiota,A0A832HWY0|unreviewed|Nitrate,4,3768.0,1583,612,38.66077068856602
Soil12.scaffold_266712765_c1_2,verrucomicrobiota,A0A7C4LZE2|unreviewed|nitrate,5,4110.0,1608,675,41.97761194029851
Soil12.scaffold_266712765_c1_2,gemmatimonadota,A0A2D5ZQA8|unreviewed|nitrate,1,4032.0,1624,655,40.33251231527093
Soil12.scaffold_266712765_c1_2,gemmatimonadota,A0A524IW10|unreviewed|nitrate,2,4056.0,1609,673,41.8272218769422
Soil12.scaffold_266712765_c1_2,gemmatimonadota,A0A933BW52|unreviewed|nitrate,3,3998.0,1658,654,39.44511459589867
Soil12.scaffold_266712765_c1_2,gemmatimonadota,A0A945GIP3|unreviewed|nitrate,4,4053.0,1626,658,40.46740467404674
Soil12.scaffold_266712765_c1_2,gemmatimonadota,A0A9D7CFV4|unreviewed|nitrate,5,4021.0,1619,659,40.7041383570105
Soil12.scaffold_266712765_c1_2,myxococcota,Q2IJW3|unreviewed|nitrate,1,4091.0,1603,680,42.42046163443543
Soil12.scaffold_266712765_c1_2,myxococcota,B4ULS9|unreviewed|nitrate,2,4090.0,1601,682,42.59837601499063
Soil12.scaffold_266712765_c1_2,myxococcota,A0A928XR34|unreviewed|nitrate,3,3983.0,1622,648,39.95067817509248
Soil12.scaffold_266712765_c1_2,myxococcota,A7HGD0|unreviewed|nitrate,4,3911.0,1632,653,40.01225490196079
Soil12.scaffold_266712765_c1_2,myxococcota,A0A947HI39|unreviewed|nitrate,5,4196.0,1594,686,43.03638644918444
Soil14.scaffold_576820813_c1_40,Bacteroidota,A0A399D723|unreviewed|nitrate,1,4040.0,1606,651,40.53549190535492
Soil14.scaffold_576820813_c1_40,Bacteroidota,A0A9D9VY91|unreviewed|nitrate,2,3995.0,1620,645,39.81481481481482
Soil14.scaffold_576820813_c1_40,Bacteroidota,A0A1G6KWR1|unreviewed|nitrate,3,4541.0,1566,761,48.595146871008936
Soil14.scaffold_576820813_c1_40,Bacteroidota,A0A1F3NZE7|unreviewed|nitrate,4,4116.0,1599,672,42.026266416510325
Soil14.scaffold_576820813_c1_40,Bacteroidota,A0A434AV88|unreviewed|nitrate,5,4493.0,1557,739,47.46307000642261
Soil14.scaffold_576820813_c1_40,Pseudomonadota,A0A149V6R9|unreviewed|4Fe-4S,1,4435.0,1576,735,46.63705583756345
Soil14.scaffold_576820813_c1_40,Pseudomonadota,A0A4Q7N714|unreviewed|nitrate,2,4702.0,1536,781,50.846354166666664
Soil14.scaffold_576820813_c1_40,Pseudomonadota,A0A0N9VQU4|unreviewed|nitrate,3,4716.0,1534,794,51.76010430247718
Soil14.scaffold_576820813_c1_40,Pseudomonadota,A0A5B0BNB7|unreviewed|nitrate,4,4675.0,1555,783,50.353697749196144
Soil14.scaffold_576820813_c1_40,Pseudomonadota,A0A7Z0I064|unreviewed|nitrate,5,4739.0,1547,800,51.712992889463486
Soil14.scaffold_576820813_c1_40,Bacillota,A0A1I1VAQ5|unreviewed|nitrate,1,4259.0,1595,697,43.69905956112853
Soil14.scaffold_576820813_c1_40,Bacillota,A0A5J5HPE3|unreviewed|nitrate,2,4225.0,1589,687,43.23473882945248
Soil14.scaffold_576820813_c1_40,Bacillota,A0A941E077|unreviewed|nitrate,3,4248.0,1586,695,43.820933165195456
Soil14.scaffold_576820813_c1_40,Bacillota,A0A2T5G6I1|unreviewed|nitrate,4,4391.0,1559,723,46.3758819756254
Soil14.scaffold_576820813_c1_40,Bacillota,A0A0R1H9J7|unreviewed|nitrate,5,4255.0,1607,704,43.80833851897947
Soil14.scaffold_576820813_c1_40,Actinomycetota,Q1AWQ7|unreviewed|Nitrate,1,4380.0,1561,721,46.18834080717489
Soil14.scaffold_576820813_c1_40,Actinomycetota,A0A511D6I2|unreviewed|Nitrate,2,4179.0,1629,690,42.35727440147329
Soil14.scaffold_576820813_c1_40,Actinomycetota,A0A7K0W3P6|unreviewed|Nitrate,3,4127.0,1606,684,42.59028642590286
Soil14.scaffold_576820813_c1_40,Actinomycetota,U1QE67|unreviewed|nitrate,4,4060.0,1657,665,40.132770066385035
Soil14.scaffold_576820813_c1_40,Actinomycetota,A0A8J3NMA7|unreviewed|nitrate,5,4153.0,1623,677,41.71287738755392
Soil14.scaffold_576820813_c1_40,acidobacteriota,A0A936F3S9|unreviewed|nitrate,1,4076.0,1618,665,41.10012360939431
Soil14.scaffold_576820813_c1_40,acidobacteriota,A0A953EJI2|unreviewed|nitrate,2,4084.0,1614,673,41.69764560099132
Soil14.scaffold_576820813_c1_40,acidobacteriota,A0A1F2RVC6|unreviewed|nitrate,3,4113.0,1615,675,41.795665634674926
Soil14.scaffold_576820813_c1_40,acidobacteriota,A0A9D7SI32|unreviewed|nitrate,4,4082.0,1617,664,41.06369820655535
Soil14.scaffold_576820813_c1_40,acidobacteriota,A0A1F2SV26|unreviewed|4Fe-4S,5,3366.0,1499,558,37.22481654436291
Soil14.scaffold_576820813_c1_40,chloroflexota,A0A2N2MAT5|unreviewed|nitrate,1,4155.0,1596,681,42.66917293233083
Soil14.scaffold_576820813_c1_40,chloroflexota,A0A949W021|unreviewed|nitrate,2,4080.0,1616,663,41.027227722772274
Soil14.scaffold_576820813_c1_40,chloroflexota,A0A1F8L172|unreviewed|nitrate,3,4092.0,1593,673,42.247332077840554
Soil14.scaffold_576820813_c1_40,chloroflexota,A0A8J6NLS7|unreviewed|nitrate,4,4102.0,1593,669,41.99623352165725
Soil14.scaffold_576820813_c1_40,chloroflexota,A0A2M8CTB5|unreviewed|nitrate,5,4119.0,1588,675,42.50629722921914
Soil14.scaffold_576820813_c1_40,verrucomicrobiota,A0A849XW34|unreviewed|nitrate,1,4150.0,1612,682,42.30769230769231
Soil14.scaffold_576820813_c1_40,verrucomicrobiota,A0A933UFK4|unreviewed|nitrate,2,4065.0,1619,671,41.44533662754787
Soil14.scaffold_576820813_c1_40,verrucomicrobiota,A0A934F0J8|unreviewed|nitrate,3,4093.0,1607,675,42.00373366521469
Soil14.scaffold_576820813_c1_40,verrucomicrobiota,A0A832HWY0|unreviewed|Nitrate,4,3781.0,1594,624,39.146800501882055
Soil14.scaffold_576820813_c1_40,verrucomicrobiota,A0A7C4LZE2|unreviewed|nitrate,5,4092.0,1617,677,41.86765615337044
Soil14.scaffold_576820813_c1_40,gemmatimonadota,A0A2D5ZQA8|unreviewed|nitrate,1,4072.0,1618,656,40.54388133498146
Soil14.scaffold_576820813_c1_40,gemmatimonadota,A0A524IW10|unreviewed|nitrate,2,4093.0,1603,675,42.10854647535871
Soil14.scaffold_576820813_c1_40,gemmatimonadota,A0A933BW52|unreviewed|nitrate,3,4032.0,1640,653,39.81707317073171
Soil14.scaffold_576820813_c1_40,gemmatimonadota,A0A945GIP3|unreviewed|nitrate,4,4102.0,1618,670,41.409147095179236
Soil14.scaffold_576820813_c1_40,gemmatimonadota,A0A9D7CFV4|unreviewed|nitrate,5,4037.0,1614,656,40.644361833952914
Soil14.scaffold_576820813_c1_40,myxococcota,Q2IJW3|unreviewed|nitrate,1,4109.0,1592,674,42.336683417085425
Soil14.scaffold_576820813_c1_40,myxococcota,B4ULS9|unreviewed|nitrate,2,4104.0,1593,673,42.247332077840554
Soil14.scaffold_576820813_c1_40,myxococcota,A0A928XR34|unreviewed|nitrate,3,4002.0,1622,649,40.01233045622688
Soil14.scaffold_576820813_c1_40,myxococcota,A7HGD0|unreviewed|nitrate,4,3857.0,1640,636,38.78048780487805
Soil14.scaffold_576820813_c1_40,myxococcota,A0A947HI39|unreviewed|nitrate,5,4083.0,1616,665,41.150990099009896
Soil14.scaffold_280216268_c1_12,Bacteroidota,A0A399D723|unreviewed|nitrate,1,4036.0,1626,663,40.774907749077485
Soil14.scaffold_280216268_c1_12,Bacteroidota,A0A9D9VY91|unreviewed|nitrate,2,4013.0,1625,652,40.12307692307692
Soil14.scaffold_280216268_c1_12,Bacteroidota,A0A1G6KWR1|unreviewed|nitrate,3,4758.0,1526,797,52.228047182175615
Soil14.scaffold_280216268_c1_12,Bacteroidota,A0A1F3NZE7|unreviewed|nitrate,4,4048.0,1632,665,40.747549019607845
Soil14.scaffold_280216268_c1_12,Bacteroidota,A0A434AV88|unreviewed|nitrate,5,4760.0,1520,795,52.30263157894737
Soil14.scaffold_280216268_c1_12,Pseudomonadota,A0A149V6R9|unreviewed|4Fe-4S,1,4584.0,1570,767,48.853503184713375
Soil14.scaffold_280216268_c1_12,Pseudomonadota,A0A4Q7N714|unreviewed|nitrate,2,5059.0,1489,857,57.55540631296172
Soil14.scaffold_280216268_c1_12,Pseudomonadota,A0A0N9VQU4|unreviewed|nitrate,3,5429.0,1424,944,66.29213483146067
Soil14.scaffold_280216268_c1_12,Pseudomonadota,A0A5B0BNB7|unreviewed|nitrate,4,5105.0,1504,870,57.84574468085106
Soil14.scaffold_280216268_c1_12,Pseudomonadota,A0A7Z0I064|unreviewed|nitrate,5,5056.0,1500,869,57.93333333333334
Soil14.scaffold_280216268_c1_12,Bacillota,A0A1I1VAQ5|unreviewed|nitrate,1,4281.0,1613,711,44.07935523868568
Soil14.scaffold_280216268_c1_12,Bacillota,A0A5J5HPE3|unreviewed|nitrate,2,4239.0,1606,692,43.08841843088418
Soil14.scaffold_280216268_c1_12,Bacillota,A0A941E077|unreviewed|nitrate,3,4337.0,1586,711,44.82976040353089
Soil14.scaffold_280216268_c1_12,Bacillota,A0A2T5G6I1|unreviewed|nitrate,4,4430.0,1578,733,46.451204055766794
Soil14.scaffold_280216268_c1_12,Bacillota,A0A0R1H9J7|unreviewed|nitrate,5,4271.0,1614,707,43.80421313506815
Soil14.scaffold_280216268_c1_12,Actinomycetota,Q1AWQ7|unreviewed|Nitrate,1,4398.0,1569,725,46.20777565328235
Soil14.scaffold_280216268_c1_12,Actinomycetota,A0A511D6I2|unreviewed|Nitrate,2,4198.0,1645,703,42.735562310030396
Soil14.scaffold_280216268_c1_12,Actinomycetota,A0A7K0W3P6|unreviewed|Nitrate,3,4175.0,1616,702,43.44059405940594
Soil14.scaffold_280216268_c1_12,Actinomycetota,U1QE67|unreviewed|nitrate,4,4007.0,1661,647,38.952438290186635
Soil14.scaffold_280216268_c1_12,Actinomycetota,A0A8J3NMA7|unreviewed|nitrate,5,4116.0,1638,679,41.452991452991455
Soil14.scaffold_280216268_c1_12,acidobacteriota,A0A936F3S9|unreviewed|nitrate,1,4056.0,1629,665,40.822590546347456
Soil14.scaffold_280216268_c1_12,acidobacteriota,A0A953EJI2|unreviewed|nitrate,2,4134.0,1621,679,41.8877236273905
Soil14.scaffold_280216268_c1_12,acidobacteriota,A0A1F2RVC6|unreviewed|nitrate,3,4015.0,1647,659,40.012143290831816
Soil14.scaffold_280216268_c1_12,acidobacteriota,A0A9D7SI32|unreviewed|nitrate,4,4047.0,1630,663,40.67484662576687
Soil14.scaffold_280216268_c1_12,acidobacteriota,A0A1F2SV26|unreviewed|4Fe-4S,5,3286.0,1520,547,35.98684210526316
Soil14.scaffold_280216268_c1_12,chloroflexota,A0A2N2MAT5|unreviewed|nitrate,1,4064.0,1626,662,40.71340713407134
Soil14.scaffold_280216268_c1_12,chloroflexota,A0A949W021|unreviewed|nitrate,2,4088.0,1634,669,40.94247246022032
Soil14.scaffold_280216268_c1_12,chloroflexota,A0A1F8L172|unreviewed|nitrate,3,4095.0,1615,675,41.795665634674926
Soil14.scaffold_280216268_c1_12,chloroflexota,A0A8J6NLS7|unreviewed|nitrate,4,4030.0,1613,660,40.91754494730316
Soil14.scaffold_280216268_c1_12,chloroflexota,A0A2M8CTB5|unreviewed|nitrate,5,4045.0,1624,667,41.07142857142857
Soil14.scaffold_280216268_c1_12,verrucomicrobiota,A0A849XW34|unreviewed|nitrate,1,4056.0,1630,659,40.42944785276074
Soil14.scaffold_280216268_c1_12,verrucomicrobiota,A0A933UFK4|unreviewed|nitrate,2,4092.0,1630,673,41.28834355828221
Soil14.scaffold_280216268_c1_12,verrucomicrobiota,A0A934F0J8|unreviewed|nitrate,3,4102.0,1626,681,41.88191881918819
Soil14.scaffold_280216268_c1_12,verrucomicrobiota,A0A832HWY0|unreviewed|Nitrate,4,3683.0,1599,599,37.460913070669164
Soil14.scaffold_280216268_c1_12,verrucomicrobiota,A0A7C4LZE2|unreviewed|nitrate,5,4107.0,1624,677,41.687192118226605
Soil14.scaffold_280216268_c1_12,gemmatimonadota,A0A2D5ZQA8|unreviewed|nitrate,1,4064.0,1622,663,40.87546239210851
Soil14.scaffold_280216268_c1_12,gemmatimonadota,A0A524IW10|unreviewed|nitrate,2,4069.0,1617,669,41.37291280148423
Soil14.scaffold_280216268_c1_12,gemmatimonadota,A0A933BW52|unreviewed|nitrate,3,3899.0,1680,642,38.21428571428571
Soil14.scaffold_280216268_c1_12,gemmatimonadota,A0A945GIP3|unreviewed|nitrate,4,4077.0,1637,672,41.05070250458155
Soil14.scaffold_280216268_c1_12,gemmatimonadota,A0A9D7CFV4|unreviewed|nitrate,5,3998.0,1634,657,40.208078335373315
Soil14.scaffold_280216268_c1_12,myxococcota,Q2IJW3|unreviewed|nitrate,1,3983.0,1633,652,39.92651561543172
Soil14.scaffold_280216268_c1_12,myxococcota,B4ULS9|unreviewed|nitrate,2,3989.0,1632,652,39.950980392156865
Soil14.scaffold_280216268_c1_12,myxococcota,A0A928XR34|unreviewed|nitrate,3,4000.0,1639,651,39.71934106162294
Soil14.scaffold_280216268_c1_12,myxococcota,A7HGD0|unreviewed|nitrate,4,3870.0,1650,638,38.666666666666664
Soil14.scaffold_280216268_c1_12,myxococcota,A0A947HI39|unreviewed|nitrate,5,4128.0,1619,670,41.38357010500309
Soil14.scaffold_465502786_c1_2,Bacteroidota,A0A399D723|unreviewed|nitrate,1,3928.0,1611,639,39.66480446927375
Soil14.scaffold_465502786_c1_2,Bacteroidota,A0A9D9VY91|unreviewed|nitrate,2,3851.0,1617,615,38.03339517625232
Soil14.scaffold_465502786_c1_2,Bacteroidota,A0A1G6KWR1|unreviewed|nitrate,3,4082.0,1612,673,41.74937965260546
Soil14.scaffold_465502786_c1_2,Bacteroidota,A0A1F3NZE7|unreviewed|nitrate,4,3966.0,1601,648,40.47470331043098
Soil14.scaffold_465502786_c1_2,Bacteroidota,A0A434AV88|unreviewed|nitrate,5,4093.0,1609,671,41.702921068986946
Soil14.scaffold_465502786_c1_2,Pseudomonadota,A0A149V6R9|unreviewed|4Fe-4S,1,4136.0,1629,690,42.35727440147329
Soil14.scaffold_465502786_c1_2,Pseudomonadota,A0A4Q7N714|unreviewed|nitrate,2,4198.0,1617,701,43.35188620902907
Soil14.scaffold_465502786_c1_2,Pseudomonadota,A0A0N9VQU4|unreviewed|nitrate,3,4107.0,1610,675,41.92546583850932
Soil14.scaffold_465502786_c1_2,Pseudomonadota,A0A5B0BNB7|unreviewed|nitrate,4,4112.0,1635,687,42.018348623853214
Soil14.scaffold_465502786_c1_2,Pseudomonadota,A0A7Z0I064|unreviewed|nitrate,5,4149.0,1625,692,42.58461538461538
Soil14.scaffold_465502786_c1_2,Bacillota,A0A1I1VAQ5|unreviewed|nitrate,1,4230.0,1580,699,44.24050632911393
Soil14.scaffold_465502786_c1_2,Bacillota,A0A5J5HPE3|unreviewed|nitrate,2,4292.0,1564,717,45.84398976982097
Soil14.scaffold_465502786_c1_2,Bacillota,A0A941E077|unreviewed|nitrate,3,4244.0,1574,702,44.5997458703939
Soil14.scaffold_465502786_c1_2,Bacillota,A0A2T5G6I1|unreviewed|nitrate,4,4527.0,1535,767,49.96742671009772
Soil14.scaffold_465502786_c1_2,Bacillota,A0A0R1H9J7|unreviewed|nitrate,5,4241.0,1574,703,44.66327827191868
Soil14.scaffold_465502786_c1_2,Actinomycetota,Q1AWQ7|unreviewed|Nitrate,1,4876.0,1473,836,56.754921928038016
Soil14.scaffold_465502786_c1_2,Actinomycetota,A0A511D6I2|unreviewed|Nitrate,2,5125.0,1476,892,60.43360433604336
Soil14.scaffold_465502786_c1_2,Actinomycetota,A0A7K0W3P6|unreviewed|Nitrate,3,5111.0,1435,887,61.81184668989547
Soil14.scaffold_465502786_c1_2,Actinomycetota,U1QE67|unreviewed|nitrate,4,4699.0,1547,799,51.64835164835166
Soil14.scaffold_465502786_c1_2,Actinomycetota,A0A8J3NMA7|unreviewed|nitrate,5,4903.0,1485,837,56.36363636363636
Soil14.scaffold_465502786_c1_2,acidobacteriota,A0A936F3S9|unreviewed|nitrate,1,3958.0,1615,652,40.37151702786378
Soil14.scaffold_465502786_c1_2,acidobacteriota,A0A953EJI2|unreviewed|nitrate,2,3962.0,1618,648,40.04944375772559
Soil14.scaffold_465502786_c1_2,acidobacteriota,A0A1F2RVC6|unreviewed|nitrate,3,4018.0,1610,662,41.11801242236025
Soil14.scaffold_465502786_c1_2,acidobacteriota,A0A9D7SI32|unreviewed|nitrate,4,3957.0,1612,650,40.32258064516129
Soil14.scaffold_465502786_c1_2,acidobacteriota,A0A1F2SV26|unreviewed|4Fe-4S,5,3262.0,1491,549,36.820925553319924
Soil14.scaffold_465502786_c1_2,chloroflexota,A0A2N2MAT5|unreviewed|nitrate,1,4053.0,1598,670,41.92740926157697
Soil14.scaffold_465502786_c1_2,chloroflexota,A0A949W021|unreviewed|nitrate,2,3996.0,1609,651,40.45991298943443
Soil14.scaffold_465502786_c1_2,chloroflexota,A0A1F8L172|unreviewed|nitrate,3,4000.0,1585,655,41.32492113564668
Soil14.scaffold_465502786_c1_2,chloroflexota,A0A8J6NLS7|unreviewed|nitrate,4,4032.0,1590,668,42.0125786163522
Soil14.scaffold_465502786_c1_2,chloroflexota,A0A2M8CTB5|unreviewed|nitrate,5,4070.0,1563,666,42.61036468330134
Soil14.scaffold_465502786_c1_2,verrucomicrobiota,A0A849XW34|unreviewed|nitrate,1,4008.0,1614,670,41.511771995043375
Soil14.scaffold_465502786_c1_2,verrucomicrobiota,A0A933UFK4|unreviewed|nitrate,2,3986.0,1609,657,40.83281541330019
Soil14.scaffold_465502786_c1_2,verrucomicrobiota,A0A934F0J8|unreviewed|nitrate,3,3959.0,1611,650,40.34761018001242
Soil14.scaffold_465502786_c1_2,verrucomicrobiota,A0A832HWY0|unreviewed|Nitrate,4,3624.0,1585,597,37.66561514195584
Soil14.scaffold_465502786_c1_2,verrucomicrobiota,A0A7C4LZE2|unreviewed|nitrate,5,3966.0,1613,659,40.85554866707998
Soil14.scaffold_465502786_c1_2,gemmatimonadota,A0A2D5ZQA8|unreviewed|nitrate,1,3957.0,1621,653,40.28377544725478
Soil14.scaffold_465502786_c1_2,gemmatimonadota,A0A524IW10|unreviewed|nitrate,2,4035.0,1595,672,42.13166144200627
Soil14.scaffold_465502786_c1_2,gemmatimonadota,A0A933BW52|unreviewed|nitrate,3,3988.0,1645,653,39.69604863221885
Soil14.scaffold_465502786_c1_2,gemmatimonadota,A0A945GIP3|unreviewed|nitrate,4,4019.0,1605,661,41.18380062305296
Soil14.scaffold_465502786_c1_2,gemmatimonadota,A0A9D7CFV4|unreviewed|nitrate,5,3927.0,1614,644,39.90086741016109
Soil14.scaffold_465502786_c1_2,myxococcota,Q2IJW3|unreviewed|nitrate,1,4039.0,1595,679,42.5705329153605
Soil14.scaffold_465502786_c1_2,myxococcota,B4ULS9|unreviewed|nitrate,2,4042.0,1596,680,42.606516290726816
Soil14.scaffold_465502786_c1_2,myxococcota,A0A928XR34|unreviewed|nitrate,3,3935.0,1619,644,39.777640518838794
Soil14.scaffold_465502786_c1_2,myxococcota,A7HGD0|unreviewed|nitrate,4,3966.0,1599,668,41.776110068792995
Soil14.scaffold_465502786_c1_2,myxococcota,A0A947HI39|unreviewed|nitrate,5,3968.0,1620,655,40.4320987654321
Soil14.scaffold_596019752_c1_119,Bacteroidota,A0A399D723|unreviewed|nitrate,1,4030.0,1596,661,41.416040100250626
Soil14.scaffold_596019752_c1_119,Bacteroidota,A0A9D9VY91|unreviewed|nitrate,2,3992.0,1589,645,40.59156702328509
Soil14.scaffold_596019752_c1_119,Bacteroidota,A0A1G6KWR1|unreviewed|nitrate,3,4216.0,1592,694,43.5929648241206
Soil14.scaffold_596019752_c1_119,Bacteroidota,A0A1F3NZE7|unreviewed|nitrate,4,4147.0,1577,682,43.24667089410273
Soil14.scaffold_596019752_c1_119,Bacteroidota,A0A434AV88|unreviewed|nitrate,5,4247.0,1591,702,44.123192960402264
Soil14.scaffold_596019752_c1_119,Pseudomonadota,A0A149V6R9|unreviewed|4Fe-4S,1,4158.0,1609,676,42.01367308887507
Soil14.scaffold_596019752_c1_119,Pseudomonadota,A0A4Q7N714|unreviewed|nitrate,2,4250.0,1606,700,43.586550435865504
Soil14.scaffold_596019752_c1_119,Pseudomonadota,A0A0N9VQU4|unreviewed|nitrate,3,4191.0,1599,691,43.21450906816761
Soil14.scaffold_596019752_c1_119,Pseudomonadota,A0A5B0BNB7|unreviewed|nitrate,4,4239.0,1623,705,43.438077634011094
Soil14.scaffold_596019752_c1_119,Pseudomonadota,A0A7Z0I064|unreviewed|nitrate,5,4200.0,1614,698,43.246592317224284
Soil14.scaffold_596019752_c1_119,Bacillota,A0A1I1VAQ5|unreviewed|nitrate,1,5585.0,1361,979,71.9324026451139
Soil14.scaffold_596019752_c1_119,Bacillota,A0A5J5HPE3|unreviewed|nitrate,2,4525.0,1530,752,49.15032679738562
Soil14.scaffold_596019752_c1_119,Bacillota,A0A941E077|unreviewed|nitrate,3,4391.0,1541,727,47.17715768981181
Soil14.scaffold_596019752_c1_119,Bacillota,A0A2T5G6I1|unreviewed|nitrate,4,4586.0,1523,770,50.558108995403806
Soil14.scaffold_596019752_c1_119,Bacillota,A0A0R1H9J7|unreviewed|nitrate,5,4418.0,1553,728,46.87701223438506
Soil14.scaffold_596019752_c1_119,Actinomycetota,Q1AWQ7|unreviewed|Nitrate,1,4413.0,1534,740,48.23989569752282
Soil14.scaffold_596019752_c1_119,Actinomycetota,A0A511D6I2|unreviewed|Nitrate,2,4238.0,1602,710,44.31960049937578
Soil14.scaffold_596019752_c1_119,Actinomycetota,A0A7K0W3P6|unreviewed|Nitrate,3,4268.0,1560,716,45.8974358974359
Soil14.scaffold_596019752_c1_119,Actinomycetota,U1QE67|unreviewed|nitrate,4,4071.0,1633,669,40.967544396815676
Soil14.scaffold_596019752_c1_119,Actinomycetota,A0A8J3NMA7|unreviewed|nitrate,5,4145.0,1593,682,42.81230382925298
Soil14.scaffold_596019752_c1_119,acidobacteriota,A0A936F3S9|unreviewed|nitrate,1,4044.0,1597,660,41.32748904195366
Soil14.scaffold_596019752_c1_119,acidobacteriota,A0A953EJI2|unreviewed|nitrate,2,4118.0,1591,681,42.80326838466373
Soil14.scaffold_596019752_c1_119,acidobacteriota,A0A1F2RVC6|unreviewed|nitrate,3,4126.0,1589,676,42.542479546884834
Soil14.scaffold_596019752_c1_119,acidobacteriota,A0A9D7SI32|unreviewed|nitrate,4,4064.0,1594,663,41.59347553324969
Soil14.scaffold_596019752_c1_119,acidobacteriota,A0A1F2SV26|unreviewed|4Fe-4S,5,3292.0,1483,544,36.682400539447066
Soil14.scaffold_596019752_c1_119,chloroflexota,A0A2N2MAT5|unreviewed|nitrate,1,4079.0,1599,669,41.83864915572232
Soil14.scaffold_596019752_c1_119,chloroflexota,A0A949W021|unreviewed|nitrate,2,4076.0,1615,668,41.36222910216718
Soil14.scaffold_596019752_c1_119,chloroflexota,A0A1F8L172|unreviewed|nitrate,3,4080.0,1569,664,42.319949012109625
Soil14.scaffold_596019752_c1_119,chloroflexota,A0A8J6NLS7|unreviewed|nitrate,4,4095.0,1565,662,42.30031948881789
Soil14.scaffold_596019752_c1_119,chloroflexota,A0A2M8CTB5|unreviewed|nitrate,5,4083.0,1576,666,42.25888324873097
Soil14.scaffold_596019752_c1_119,verrucomicrobiota,A0A849XW34|unreviewed|nitrate,1,3965.0,1597,639,40.012523481527865
Soil14.scaffold_596019752_c1_119,verrucomicrobiota,A0A933UFK4|unreviewed|nitrate,2,3957.0,1611,649,40.285536933581625
Soil14.scaffold_596019752_c1_119,verrucomicrobiota,A0A934F0J8|unreviewed|nitrate,3,3992.0,1597,651,40.76393237319975
Soil14.scaffold_596019752_c1_119,verrucomicrobiota,A0A832HWY0|unreviewed|Nitrate,4,3613.0,1573,582,36.99936427209155
Soil14.scaffold_596019752_c1_119,verrucomicrobiota,A0A7C4LZE2|unreviewed|nitrate,5,3934.0,1611,644,39.975170701427686
Soil14.scaffold_596019752_c1_119,gemmatimonadota,A0A2D5ZQA8|unreviewed|nitrate,1,4018.0,1585,645,40.694006309148264
Soil14.scaffold_596019752_c1_119,gemmatimonadota,A0A524IW10|unreviewed|nitrate,2,4044.0,1586,659,41.55107187894073
Soil14.scaffold_596019752_c1_119,gemmatimonadota,A0A933BW52|unreviewed|nitrate,3,3949.0,1636,641,39.18092909535452
Soil14.scaffold_596019752_c1_119,gemmatimonadota,A0A945GIP3|unreviewed|nitrate,4,4106.0,1576,666,42.25888324873097
Soil14.scaffold_596019752_c1_119,gemmatimonadota,A0A9D7CFV4|unreviewed|nitrate,5,3996.0,1588,642,40.42821158690176
Soil14.scaffold_596019752_c1_119,myxococcota,Q2IJW3|unreviewed|nitrate,1,3927.0,1607,637,39.63907902924704
Soil14.scaffold_596019752_c1_119,myxococcota,B4ULS9|unreviewed|nitrate,2,3917.0,1611,635,39.416511483550586
Soil14.scaffold_596019752_c1_119,myxococcota,A0A928XR34|unreviewed|nitrate,3,4004.0,1590,652,41.0062893081761
Soil14.scaffold_596019752_c1_119,myxococcota,A7HGD0|unreviewed|nitrate,4,3842.0,1618,627,38.751545117428925
Soil14.scaffold_596019752_c1_119,myxococcota,A0A947HI39|unreviewed|nitrate,5,3977.0,1621,649,40.03701418877236
Soil15.scaffold_116822102_c1_19,Bacteroidota,A0A399D723|unreviewed|nitrate,1,3968.0,1640,647,39.451219512195124
Soil15.scaffold_116822102_c1_19,Bacteroidota,A0A9D9VY91|unreviewed|nitrate,2,3830.0,1647,605,36.73345476624165
Soil15.scaffold_116822102_c1_19,Bacteroidota,A0A1G6KWR1|unreviewed|nitrate,3,4149.0,1641,680,41.438147471054236
Soil15.scaffold_116822102_c1_19,Bacteroidota,A0A1F3NZE7|unreviewed|nitrate,4,4015.0,1633,657,40.23270055113288
Soil15.scaffold_116822102_c1_19,Bacteroidota,A0A434AV88|unreviewed|nitrate,5,4126.0,1649,677,41.05518496058217
Soil15.scaffold_116822102_c1_19,Pseudomonadota,A0A149V6R9|unreviewed|4Fe-4S,1,4163.0,1661,696,41.90246839253462
Soil15.scaffold_116822102_c1_19,Pseudomonadota,A0A4Q7N714|unreviewed|nitrate,2,4152.0,1654,684,41.35429262394196
Soil15.scaffold_116822102_c1_19,Pseudomonadota,A0A0N9VQU4|unreviewed|nitrate,3,4152.0,1629,683,41.92756292203806
Soil15.scaffold_116822102_c1_19,Pseudomonadota,A0A5B0BNB7|unreviewed|nitrate,4,4135.0,1667,683,40.971805638872226
Soil15.scaffold_116822102_c1_19,Pseudomonadota,A0A7Z0I064|unreviewed|nitrate,5,4227.0,1657,705,42.54677127338564
Soil15.scaffold_116822102_c1_19,Bacillota,A0A1I1VAQ5|unreviewed|nitrate,1,4380.0,1596,732,45.86466165413533
Soil15.scaffold_116822102_c1_19,Bacillota,A0A5J5HPE3|unreviewed|nitrate,2,4259.0,1603,704,43.91765439800374
Soil15.scaffold_116822102_c1_19,Bacillota,A0A941E077|unreviewed|nitrate,3,4253.0,1600,703,43.9375
Soil15.scaffold_116822102_c1_19,Bacillota,A0A2T5G6I1|unreviewed|nitrate,4,4569.0,1580,781,49.43037974683545
Soil15.scaffold_116822102_c1_19,Bacillota,A0A0R1H9J7|unreviewed|nitrate,5,4260.0,1608,706,43.90547263681592
Soil15.scaffold_116822102_c1_19,Actinomycetota,Q1AWQ7|unreviewed|Nitrate,1,4885.0,1510,840,55.62913907284768
Soil15.scaffold_116822102_c1_19,Actinomycetota,A0A511D6I2|unreviewed|Nitrate,2,4953.0,1533,860,56.09915198956295
Soil15.scaffold_116822102_c1_19,Actinomycetota,A0A7K0W3P6|unreviewed|Nitrate,3,4995.0,1494,865,57.89825970548862
Soil15.scaffold_116822102_c1_19,Actinomycetota,U1QE67|unreviewed|nitrate,4,4634.0,1591,791,49.717159019484605
Soil15.scaffold_116822102_c1_19,Actinomycetota,A0A8J3NMA7|unreviewed|nitrate,5,5197.0,1480,905,61.14864864864865
Soil15.scaffold_116822102_c1_19,acidobacteriota,A0A936F3S9|unreviewed|nitrate,1,4015.0,1643,662,40.29214850882532
Soil15.scaffold_116822102_c1_19,acidobacteriota,A0A953EJI2|unreviewed|nitrate,2,4023.0,1643,655,39.86609860012173
Soil15.scaffold_116822102_c1_19,acidobacteriota,A0A1F2RVC6|unreviewed|nitrate,3,4015.0,1651,659,39.91520290732889
Soil15.scaffold_116822102_c1_19,acidobacteriota,A0A9D7SI32|unreviewed|nitrate,4,4014.0,1645,661,40.182370820668694
Soil15.scaffold_116822102_c1_19,acidobacteriota,A0A1F2SV26|unreviewed|4Fe-4S,5,3271.0,1527,544,35.62540929927963
Soil15.scaffold_116822102_c1_19,chloroflexota,A0A2N2MAT5|unreviewed|nitrate,1,4112.0,1638,678,41.39194139194139
Soil15.scaffold_116822102_c1_19,chloroflexota,A0A949W021|unreviewed|nitrate,2,4058.0,1644,664,40.38929440389295
Soil15.scaffold_116822102_c1_19,chloroflexota,A0A1F8L172|unreviewed|nitrate,3,4017.0,1618,664,41.03831891223733
Soil15.scaffold_116822102_c1_19,chloroflexota,A0A8J6NLS7|unreviewed|nitrate,4,4095.0,1614,672,41.63568773234201
Soil15.scaffold_116822102_c1_19,chloroflexota,A0A2M8CTB5|unreviewed|nitrate,5,4057.0,1604,662,41.271820448877804
Soil15.scaffold_116822102_c1_19,verrucomicrobiota,A0A849XW34|unreviewed|nitrate,1,4040.0,1635,669,40.91743119266055
Soil15.scaffold_116822102_c1_19,verrucomicrobiota,A0A933UFK4|unreviewed|nitrate,2,4035.0,1638,665,40.598290598290596
Soil15.scaffold_116822102_c1_19,verrucomicrobiota,A0A934F0J8|unreviewed|nitrate,3,3986.0,1640,656,40.0
Soil15.scaffold_116822102_c1_19,verrucomicrobiota,A0A832HWY0|unreviewed|Nitrate,4,3592.0,1621,589,36.33559531153609
Soil15.scaffold_116822102_c1_19,verrucomicrobiota,A0A7C4LZE2|unreviewed|nitrate,5,3986.0,1637,663,40.50091631032377
Soil15.scaffold_116822102_c1_19,gemmatimonadota,A0A2D5ZQA8|unreviewed|nitrate,1,4010.0,1652,660,39.95157384987893
Soil15.scaffold_116822102_c1_19,gemmatimonadota,A0A524IW10|unreviewed|nitrate,2,4081.0,1624,679,41.810344827586206
Soil15.scaffold_116822102_c1_19,gemmatimonadota,A0A933BW52|unreviewed|nitrate,3,4004.0,1677,658,39.236732259988074
Soil15.scaffold_116822102_c1_19,gemmatimonadota,A0A945GIP3|unreviewed|nitrate,4,4050.0,1630,656,40.24539877300614
Soil15.scaffold_116822102_c1_19,gemmatimonadota,A0A9D7CFV4|unreviewed|nitrate,5,3950.0,1648,643,39.01699029126214
Soil15.scaffold_116822102_c1_19,myxococcota,Q2IJW3|unreviewed|nitrate,1,4063.0,1637,690,42.15027489309713
Soil15.scaffold_116822102_c1_19,myxococcota,B4ULS9|unreviewed|nitrate,2,4069.0,1637,690,42.15027489309713
Soil15.scaffold_116822102_c1_19,myxococcota,A0A928XR34|unreviewed|nitrate,3,3918.0,1652,633,38.31719128329298
Soil15.scaffold_116822102_c1_19,myxococcota,A7HGD0|unreviewed|nitrate,4,3988.0,1638,681,41.57509157509158
Soil15.scaffold_116822102_c1_19,myxococcota,A0A947HI39|unreviewed|nitrate,5,4017.0,1644,661,40.20681265206812
Soil15.scaffold_175810641_c1_3,Bacteroidota,A0A399D723|unreviewed|nitrate,1,3983.0,1580,645,40.822784810126585
Soil15.scaffold_175810641_c1_3,Bacteroidota,A0A9D9VY91|unreviewed|nitrate,2,4047.0,1578,659,41.7617237008872
Soil15.scaffold_175810641_c1_3,Bacteroidota,A0A1G6KWR1|unreviewed|nitrate,3,4228.0,1586,709,44.703656998738964
Soil15.scaffold_175810641_c1_3,Bacteroidota,A0A1F3NZE7|unreviewed|nitrate,4,4130.0,1571,683,43.47549331635901
Soil15.scaffold_175810641_c1_3,Bacteroidota,A0A434AV88|unreviewed|nitrate,5,4218.0,1586,702,44.26229508196721
Soil15.scaffold_175810641_c1_3,Pseudomonadota,A0A149V6R9|unreviewed|4Fe-4S,1,4212.0,1592,695,43.65577889447236
Soil15.scaffold_175810641_c1_3,Pseudomonadota,A0A4Q7N714|unreviewed|nitrate,2,4235.0,1599,699,43.71482176360225
Soil15.scaffold_175810641_c1_3,Pseudomonadota,A0A0N9VQU4|unreviewed|nitrate,3,4282.0,1577,727,46.1001902346227
Soil15.scaffold_175810641_c1_3,Pseudomonadota,A0A5B0BNB7|unreviewed|nitrate,4,4303.0,1600,720,45.0
Soil15.scaffold_175810641_c1_3,Pseudomonadota,A0A7Z0I064|unreviewed|nitrate,5,4246.0,1593,708,44.44444444444444
Soil15.scaffold_175810641_c1_3,Bacillota,A0A1I1VAQ5|unreviewed|nitrate,1,4505.0,1533,753,49.11937377690802
Soil15.scaffold_175810641_c1_3,Bacillota,A0A5J5HPE3|unreviewed|nitrate,2,4600.0,1515,774,51.08910891089109
Soil15.scaffold_175810641_c1_3,Bacillota,A0A941E077|unreviewed|nitrate,3,4702.0,1482,792,53.441295546558706
Soil15.scaffold_175810641_c1_3,Bacillota,A0A2T5G6I1|unreviewed|nitrate,4,4847.0,1466,816,55.66166439290586
Soil15.scaffold_175810641_c1_3,Bacillota,A0A0R1H9J7|unreviewed|nitrate,5,4650.0,1503,783,52.09580838323353
Soil15.scaffold_175810641_c1_3,Actinomycetota,Q1AWQ7|unreviewed|Nitrate,1,4468.0,1516,754,49.736147757255935
Soil15.scaffold_175810641_c1_3,Actinomycetota,A0A511D6I2|unreviewed|Nitrate,2,4352.0,1556,731,46.979434447300775
Soil15.scaffold_175810641_c1_3,Actinomycetota,A0A7K0W3P6|unreviewed|Nitrate,3,4293.0,1535,712,46.384364820846905
Soil15.scaffold_175810641_c1_3,Actinomycetota,U1QE67|unreviewed|nitrate,4,4189.0,1600,686,42.875
Soil15.scaffold_175810641_c1_3,Actinomycetota,A0A8J3NMA7|unreviewed|nitrate,5,4176.0,1581,692,43.76976597090449
Soil15.scaffold_175810641_c1_3,acidobacteriota,A0A936F3S9|unreviewed|nitrate,1,4118.0,1574,672,42.69377382465057
Soil15.scaffold_175810641_c1_3,acidobacteriota,A0A953EJI2|unreviewed|nitrate,2,4135.0,1583,681,43.01958307012003
Soil15.scaffold_175810641_c1_3,acidobacteriota,A0A1F2RVC6|unreviewed|nitrate,3,4149.0,1572,676,43.00254452926209
Soil15.scaffold_175810641_c1_3,acidobacteriota,A0A9D7SI32|unreviewed|nitrate,4,4129.0,1573,674,42.84806102987921
Soil15.scaffold_175810641_c1_3,acidobacteriota,A0A1F2SV26|unreviewed|4Fe-4S,5,3313.0,1473,550,37.3387644263408
Soil15.scaffold_175810641_c1_3,chloroflexota,A0A2N2MAT5|unreviewed|nitrate,1,4106.0,1587,677,42.6591052299937
Soil15.scaffold_175810641_c1_3,chloroflexota,A0A949W021|unreviewed|nitrate,2,4143.0,1589,682,42.92007551919446
Soil15.scaffold_175810641_c1_3,chloroflexota,A0A1F8L172|unreviewed|nitrate,3,4088.0,1560,665,42.628205128205124
Soil15.scaffold_175810641_c1_3,chloroflexota,A0A8J6NLS7|unreviewed|nitrate,4,4176.0,1554,683,43.95109395109395
Soil15.scaffold_175810641_c1_3,chloroflexota,A0A2M8CTB5|unreviewed|nitrate,5,4147.0,1557,683,43.86640976236352
Soil15.scaffold_175810641_c1_3,verrucomicrobiota,A0A849XW34|unreviewed|nitrate,1,4070.0,1580,662,41.89873417721519
Soil15.scaffold_175810641_c1_3,verrucomicrobiota,A0A933UFK4|unreviewed|nitrate,2,3992.0,1598,650,40.67584480600751
Soil15.scaffold_175810641_c1_3,verrucomicrobiota,A0A934F0J8|unreviewed|nitrate,3,4084.0,1579,668,42.30525649145028
Soil15.scaffold_175810641_c1_3,verrucomicrobiota,A0A832HWY0|unreviewed|Nitrate,4,3692.0,1570,597,38.025477707006374
Soil15.scaffold_175810641_c1_3,verrucomicrobiota,A0A7C4LZE2|unreviewed|nitrate,5,3996.0,1587,655,41.27284183994959
Soil15.scaffold_175810641_c1_3,gemmatimonadota,A0A2D5ZQA8|unreviewed|nitrate,1,4063.0,1585,662,41.76656151419558
Soil15.scaffold_175810641_c1_3,gemmatimonadota,A0A524IW10|unreviewed|nitrate,2,4123.0,1570,681,43.37579617834395
Soil15.scaffold_175810641_c1_3,gemmatimonadota,A0A933BW52|unreviewed|nitrate,3,3929.0,1640,642,39.146341463414636
Soil15.scaffold_175810641_c1_3,gemmatimonadota,A0A945GIP3|unreviewed|nitrate,4,4090.0,1581,671,42.44149272612271
Soil15.scaffold_175810641_c1_3,gemmatimonadota,A0A9D7CFV4|unreviewed|nitrate,5,4006.0,1591,659,41.42049025769956
Soil15.scaffold_175810641_c1_3,myxococcota,Q2IJW3|unreviewed|nitrate,1,4080.0,1577,677,42.92961318960051
Soil15.scaffold_175810641_c1_3,myxococcota,B4ULS9|unreviewed|nitrate,2,4083.0,1575,676,42.92063492063492
Soil15.scaffold_175810641_c1_3,myxococcota,A0A928XR34|unreviewed|nitrate,3,4035.0,1586,665,41.92938209331652
Soil15.scaffold_175810641_c1_3,myxococcota,A7HGD0|unreviewed|nitrate,4,3880.0,1603,636,39.6756082345602
Soil15.scaffold_175810641_c1_3,myxococcota,A0A947HI39|unreviewed|nitrate,5,4066.0,1589,661,41.59848961611076
Soil15.scaffold_16321085_c1_6,Bacteroidota,A0A399D723|unreviewed|nitrate,1,3980.0,1619,648,40.02470660901791
Soil15.scaffold_16321085_c1_6,Bacteroidota,A0A9D9VY91|unreviewed|nitrate,2,3913.0,1633,635,38.88548683404777
Soil15.scaffold_16321085_c1_6,Bacteroidota,A0A1G6KWR1|unreviewed|nitrate,3,4906.0,1487,834,56.08607935440484
Soil15.scaffold_16321085_c1_6,Bacteroidota,A0A1F3NZE7|unreviewed|nitrate,4,3987.0,1618,649,40.11124845488257
Soil15.scaffold_16321085_c1_6,Bacteroidota,A0A434AV88|unreviewed|nitrate,5,4905.0,1487,830,55.81708137188971
Soil15.scaffold_16321085_c1_6,Pseudomonadota,A0A149V6R9|unreviewed|4Fe-4S,1,4713.0,1531,789,51.534944480731546
Soil15.scaffold_16321085_c1_6,Pseudomonadota,A0A4Q7N714|unreviewed|nitrate,2,5279.0,1444,900,62.32686980609419
Soil15.scaffold_16321085_c1_6,Pseudomonadota,A0A0N9VQU4|unreviewed|nitrate,3,5103.0,1461,871,59.61670088980151
Soil15.scaffold_16321085_c1_6,Pseudomonadota,A0A5B0BNB7|unreviewed|nitrate,4,5062.0,1500,867,57.8
Soil15.scaffold_16321085_c1_6,Pseudomonadota,A0A7Z0I064|unreviewed|nitrate,5,5252.0,1464,908,62.02185792349727
Soil15.scaffold_16321085_c1_6,Bacillota,A0A1I1VAQ5|unreviewed|nitrate,1,4248.0,1601,698,43.597751405371646
Soil15.scaffold_16321085_c1_6,Bacillota,A0A5J5HPE3|unreviewed|nitrate,2,4227.0,1600,696,43.5
Soil15.scaffold_16321085_c1_6,Bacillota,A0A941E077|unreviewed|nitrate,3,4301.0,1582,710,44.879898862199745
Soil15.scaffold_16321085_c1_6,Bacillota,A0A2T5G6I1|unreviewed|nitrate,4,4379.0,1579,731,46.29512349588347
Soil15.scaffold_16321085_c1_6,Bacillota,A0A0R1H9J7|unreviewed|nitrate,5,4210.0,1614,693,42.93680297397769
Soil15.scaffold_16321085_c1_6,Actinomycetota,Q1AWQ7|unreviewed|Nitrate,1,4383.0,1559,723,46.3758819756254
Soil15.scaffold_16321085_c1_6,Actinomycetota,A0A511D6I2|unreviewed|Nitrate,2,4254.0,1617,711,43.970315398886825
Soil15.scaffold_16321085_c1_6,Actinomycetota,A0A7K0W3P6|unreviewed|Nitrate,3,4169.0,1597,697,43.64433312460864
Soil15.scaffold_16321085_c1_6,Actinomycetota,U1QE67|unreviewed|nitrate,4,4068.0,1658,676,40.77201447527141
Soil15.scaffold_16321085_c1_6,Actinomycetota,A0A8J3NMA7|unreviewed|nitrate,5,4154.0,1626,681,41.88191881918819
Soil15.scaffold_16321085_c1_6,acidobacteriota,A0A936F3S9|unreviewed|nitrate,1,4024.0,1618,654,40.42027194066749
Soil15.scaffold_16321085_c1_6,acidobacteriota,A0A953EJI2|unreviewed|nitrate,2,4096.0,1622,678,41.800246609124535
Soil15.scaffold_16321085_c1_6,acidobacteriota,A0A1F2RVC6|unreviewed|nitrate,3,4078.0,1626,668,41.08241082410824
Soil15.scaffold_16321085_c1_6,acidobacteriota,A0A9D7SI32|unreviewed|nitrate,4,4017.0,1619,652,40.27177269919704
Soil15.scaffold_16321085_c1_6,acidobacteriota,A0A1F2SV26|unreviewed|4Fe-4S,5,3266.0,1504,539,35.83776595744681
Soil15.scaffold_16321085_c1_6,chloroflexota,A0A2N2MAT5|unreviewed|nitrate,1,4108.0,1608,678,42.16417910447761
Soil15.scaffold_16321085_c1_6,chloroflexota,A0A949W021|unreviewed|nitrate,2,4016.0,1644,655,39.84184914841849
Soil15.scaffold_16321085_c1_6,chloroflexota,A0A1F8L172|unreviewed|nitrate,3,3978.0,1622,654,40.32059186189889
Soil15.scaffold_16321085_c1_6,chloroflexota,A0A8J6NLS7|unreviewed|nitrate,4,3997.0,1605,651,40.560747663551396
Soil15.scaffold_16321085_c1_6,chloroflexota,A0A2M8CTB5|unreviewed|nitrate,5,4035.0,1599,662,41.40087554721701
Soil15.scaffold_16321085_c1_6,verrucomicrobiota,A0A849XW34|unreviewed|nitrate,1,4116.0,1606,671,41.78082191780822
Soil15.scaffold_16321085_c1_6,verrucomicrobiota,A0A933UFK4|unreviewed|nitrate,2,4068.0,1611,664,41.216635630043456
Soil15.scaffold_16321085_c1_6,verrucomicrobiota,A0A934F0J8|unreviewed|nitrate,3,4099.0,1602,675,42.13483146067416
Soil15.scaffold_16321085_c1_6,verrucomicrobiota,A0A832HWY0|unreviewed|Nitrate,4,3741.0,1588,614,38.66498740554156
Soil15.scaffold_16321085_c1_6,verrucomicrobiota,A0A7C4LZE2|unreviewed|nitrate,5,4119.0,1600,678,42.375
Soil15.scaffold_16321085_c1_6,gemmatimonadota,A0A2D5ZQA8|unreviewed|nitrate,1,4067.0,1617,661,40.878169449598026
Soil15.scaffold_16321085_c1_6,gemmatimonadota,A0A524IW10|unreviewed|nitrate,2,4063.0,1621,682,42.07279457125232
Soil15.scaffold_16321085_c1_6,gemmatimonadota,A0A933BW52|unreviewed|nitrate,3,3990.0,1659,655,39.48161543098252
Soil15.scaffold_16321085_c1_6,gemmatimonadota,A0A945GIP3|unreviewed|nitrate,4,4059.0,1622,663,40.87546239210851
Soil15.scaffold_16321085_c1_6,gemmatimonadota,A0A9D7CFV4|unreviewed|nitrate,5,3978.0,1621,647,39.913633559531156
Soil15.scaffold_16321085_c1_6,myxococcota,Q2IJW3|unreviewed|nitrate,1,4064.0,1608,669,41.6044776119403
Soil15.scaffold_16321085_c1_6,myxococcota,B4ULS9|unreviewed|nitrate,2,4074.0,1606,669,41.656288916562886
Soil15.scaffold_16321085_c1_6,myxococcota,A0A928XR34|unreviewed|nitrate,3,3952.0,1628,639,39.250614250614255
Soil15.scaffold_16321085_c1_6,myxococcota,A7HGD0|unreviewed|nitrate,4,3884.0,1642,645,39.281364190012184
Soil15.scaffold_16321085_c1_6,myxococcota,A0A947HI39|unreviewed|nitrate,5,4127.0,1604,673,41.957605985037404
Soil15.scaffold_1255266399_c1_142,Bacteroidota,A0A399D723|unreviewed|nitrate,1,4007.0,1600,651,40.6875
Soil15.scaffold_1255266399_c1_142,Bacteroidota,A0A9D9VY91|unreviewed|nitrate,2,4042.0,1589,652,41.032095657646316
Soil15.scaffold_1255266399_c1_142,Bacteroidota,A0A1G6KWR1|unreviewed|nitrate,3,4277.0,1593,707,44.38166980539862
Soil15.scaffold_1255266399_c1_142,Bacteroidota,A0A1F3NZE7|unreviewed|nitrate,4,4086.0,1587,668,42.09199747952111
Soil15.scaffold_1255266399_c1_142,Bacteroidota,A0A434AV88|unreviewed|nitrate,5,4254.0,1588,705,44.395465994962215
Soil15.scaffold_1255266399_c1_142,Pseudomonadota,A0A149V6R9|unreviewed|4Fe-4S,1,4152.0,1613,680,42.1574705517669
Soil15.scaffold_1255266399_c1_142,Pseudomonadota,A0A4Q7N714|unreviewed|nitrate,2,4287.0,1593,704,44.19334588826114
Soil15.scaffold_1255266399_c1_142,Pseudomonadota,A0A0N9VQU4|unreviewed|nitrate,3,4209.0,1590,692,43.522012578616355
Soil15.scaffold_1255266399_c1_142,Pseudomonadota,A0A5B0BNB7|unreviewed|nitrate,4,4279.0,1608,713,44.340796019900495
Soil15.scaffold_1255266399_c1_142,Pseudomonadota,A0A7Z0I064|unreviewed|nitrate,5,4252.0,1600,701,43.8125
Soil15.scaffold_1255266399_c1_142,Bacillota,A0A1I1VAQ5|unreviewed|nitrate,1,5428.0,1388,942,67.86743515850145
Soil15.scaffold_1255266399_c1_142,Bacillota,A0A5J5HPE3|unreviewed|nitrate,2,4533.0,1524,750,49.21259842519685
Soil15.scaffold_1255266399_c1_142,Bacillota,A0A941E077|unreviewed|nitrate,3,4403.0,1542,732,47.47081712062256
Soil15.scaffold_1255266399_c1_142,Bacillota,A0A2T5G6I1|unreviewed|nitrate,4,4592.0,1520,765,50.32894736842105
Soil15.scaffold_1255266399_c1_142,Bacillota,A0A0R1H9J7|unreviewed|nitrate,5,4406.0,1550,730,47.096774193548384
Soil15.scaffold_1255266399_c1_142,Actinomycetota,Q1AWQ7|unreviewed|Nitrate,1,4484.0,1520,743,48.88157894736842
Soil15.scaffold_1255266399_c1_142,Actinomycetota,A0A511D6I2|unreviewed|Nitrate,2,4304.0,1590,720,45.28301886792453
Soil15.scaffold_1255266399_c1_142,Actinomycetota,A0A7K0W3P6|unreviewed|Nitrate,3,4331.0,1553,724,46.619446233097236
Soil15.scaffold_1255266399_c1_142,Actinomycetota,U1QE67|unreviewed|nitrate,4,4135.0,1617,676,41.805813234384665
Soil15.scaffold_1255266399_c1_142,Actinomycetota,A0A8J3NMA7|unreviewed|nitrate,5,4207.0,1602,690,43.07116104868914
Soil15.scaffold_1255266399_c1_142,acidobacteriota,A0A936F3S9|unreviewed|nitrate,1,4064.0,1595,660,41.37931034482759
Soil15.scaffold_1255266399_c1_142,acidobacteriota,A0A953EJI2|unreviewed|nitrate,2,4080.0,1585,664,41.89274447949527
Soil15.scaffold_1255266399_c1_142,acidobacteriota,A0A1F2RVC6|unreviewed|nitrate,3,4094.0,1596,671,42.042606516290725
Soil15.scaffold_1255266399_c1_142,acidobacteriota,A0A9D7SI32|unreviewed|nitrate,4,4064.0,1595,659,41.3166144200627
Soil15.scaffold_1255266399_c1_142,acidobacteriota,A0A1F2SV26|unreviewed|4Fe-4S,5,3320.0,1473,550,37.3387644263408
Soil15.scaffold_1255266399_c1_142,chloroflexota,A0A2N2MAT5|unreviewed|nitrate,1,4075.0,1585,660,41.6403785488959
Soil15.scaffold_1255266399_c1_142,chloroflexota,A0A949W021|unreviewed|nitrate,2,4040.0,1605,646,40.24922118380062
Soil15.scaffold_1255266399_c1_142,chloroflexota,A0A1F8L172|unreviewed|nitrate,3,4072.0,1569,652,41.55513065646909
Soil15.scaffold_1255266399_c1_142,chloroflexota,A0A8J6NLS7|unreviewed|nitrate,4,4082.0,1576,657,41.68781725888325
Soil15.scaffold_1255266399_c1_142,chloroflexota,A0A2M8CTB5|unreviewed|nitrate,5,4077.0,1582,664,41.97218710493047
Soil15.scaffold_1255266399_c1_142,verrucomicrobiota,A0A849XW34|unreviewed|nitrate,1,3954.0,1615,637,39.44272445820434
Soil15.scaffold_1255266399_c1_142,verrucomicrobiota,A0A933UFK4|unreviewed|nitrate,2,3938.0,1609,642,39.9005593536358
Soil15.scaffold_1255266399_c1_142,verrucomicrobiota,A0A934F0J8|unreviewed|nitrate,3,3933.0,1604,635,39.58852867830424
Soil15.scaffold_1255266399_c1_142,verrucomicrobiota,A0A832HWY0|unreviewed|Nitrate,4,3571.0,1587,568,35.79080025204789
Soil15.scaffold_1255266399_c1_142,verrucomicrobiota,A0A7C4LZE2|unreviewed|nitrate,5,3904.0,1608,637,39.614427860696516
Soil15.scaffold_1255266399_c1_142,gemmatimonadota,A0A2D5ZQA8|unreviewed|nitrate,1,4071.0,1594,661,41.46800501882058
Soil15.scaffold_1255266399_c1_142,gemmatimonadota,A0A524IW10|unreviewed|nitrate,2,4074.0,1578,667,42.26869455006337
Soil15.scaffold_1255266399_c1_142,gemmatimonadota,A0A933BW52|unreviewed|nitrate,3,3974.0,1630,635,38.95705521472393
Soil15.scaffold_1255266399_c1_142,gemmatimonadota,A0A945GIP3|unreviewed|nitrate,4,4090.0,1589,667,41.97608558842039
Soil15.scaffold_1255266399_c1_142,gemmatimonadota,A0A9D7CFV4|unreviewed|nitrate,5,4005.0,1586,646,40.73139974779319
Soil15.scaffold_1255266399_c1_142,myxococcota,Q2IJW3|unreviewed|nitrate,1,3959.0,1602,640,39.95006242197253
Soil15.scaffold_1255266399_c1_142,myxococcota,B4ULS9|unreviewed|nitrate,2,3960.0,1600,639,39.9375
Soil15.scaffold_1255266399_c1_142,myxococcota,A0A928XR34|unreviewed|nitrate,3,4024.0,1577,644,40.83703233988586
Soil15.scaffold_1255266399_c1_142,myxococcota,A7HGD0|unreviewed|nitrate,4,3857.0,1615,625,38.69969040247678
Soil15.scaffold_1255266399_c1_142,myxococcota,A0A947HI39|unreviewed|nitrate,5,3933.0,1619,638,39.40704138357011
Soil16.scaffold_436666653_c1_2,Bacteroidota,A0A399D723|unreviewed|nitrate,1,3802.0,1627,610,37.49231714812538
Soil16.scaffold_436666653_c1_2,Bacteroidota,A0A9D9VY91|unreviewed|nitrate,2,3719.0,1639,592,36.1195851128737
Soil16.scaffold_436666653_c1_2,Bacteroidota,A0A1G6KWR1|unreviewed|nitrate,3,4012.0,1625,662,40.73846153846154
Soil16.scaffold_436666653_c1_2,Bacteroidota,A0A1F3NZE7|unreviewed|nitrate,4,3855.0,1622,626,38.59432799013563
Soil16.scaffold_436666653_c1_2,Bacteroidota,A0A434AV88|unreviewed|nitrate,5,3978.0,1622,643,39.64241676942047
Soil16.scaffold_436666653_c1_2,Pseudomonadota,A0A149V6R9|unreviewed|4Fe-4S,1,4075.0,1639,679,41.427699816961564
Soil16.scaffold_436666653_c1_2,Pseudomonadota,A0A4Q7N714|unreviewed|nitrate,2,4070.0,1632,678,41.544117647058826
Soil16.scaffold_436666653_c1_2,Pseudomonadota,A0A0N9VQU4|unreviewed|nitrate,3,4026.0,1615,658,40.743034055727556
Soil16.scaffold_436666653_c1_2,Pseudomonadota,A0A5B0BNB7|unreviewed|nitrate,4,4010.0,1643,665,40.47474132684115
Soil16.scaffold_436666653_c1_2,Pseudomonadota,A0A7Z0I064|unreviewed|nitrate,5,4098.0,1631,685,41.99877375843041
Soil16.scaffold_436666653_c1_2,Bacillota,A0A1I1VAQ5|unreviewed|nitrate,1,4168.0,1597,692,43.33124608641202
Soil16.scaffold_436666653_c1_2,Bacillota,A0A5J5HPE3|unreviewed|nitrate,2,4164.0,1585,698,44.03785488958991
Soil16.scaffold_436666653_c1_2,Bacillota,A0A941E077|unreviewed|nitrate,3,4103.0,1584,668,42.17171717171717
Soil16.scaffold_436666653_c1_2,Bacillota,A0A2T5G6I1|unreviewed|nitrate,4,4411.0,1558,746,47.881899871630296
Soil16.scaffold_436666653_c1_2,Bacillota,A0A0R1H9J7|unreviewed|nitrate,5,4059.0,1602,665,41.51061173533084
Soil16.scaffold_436666653_c1_2,Actinomycetota,Q1AWQ7|unreviewed|Nitrate,1,4714.0,1496,810,54.14438502673797
Soil16.scaffold_436666653_c1_2,Actinomycetota,A0A511D6I2|unreviewed|Nitrate,2,5038.0,1495,879,58.795986622073585
Soil16.scaffold_436666653_c1_2,Actinomycetota,A0A7K0W3P6|unreviewed|Nitrate,3,4868.0,1474,839,56.91994572591588
Soil16.scaffold_436666653_c1_2,Actinomycetota,U1QE67|unreviewed|nitrate,4,4462.0,1577,751,47.622067216233354
Soil16.scaffold_436666653_c1_2,Actinomycetota,A0A8J3NMA7|unreviewed|nitrate,5,4769.0,1505,817,54.285714285714285
Soil16.scaffold_436666653_c1_2,acidobacteriota,A0A936F3S9|unreviewed|nitrate,1,3886.0,1621,634,39.1116594694633
Soil16.scaffold_436666653_c1_2,acidobacteriota,A0A953EJI2|unreviewed|nitrate,2,3863.0,1625,626,38.52307692307692
Soil16.scaffold_436666653_c1_2,acidobacteriota,A0A1F2RVC6|unreviewed|nitrate,3,3912.0,1622,638,39.33415536374846
Soil16.scaffold_436666653_c1_2,acidobacteriota,A0A9D7SI32|unreviewed|nitrate,4,3877.0,1623,633,39.00184842883549
Soil16.scaffold_436666653_c1_2,acidobacteriota,A0A1F2SV26|unreviewed|4Fe-4S,5,3152.0,1502,517,34.42077230359521
Soil16.scaffold_436666653_c1_2,chloroflexota,A0A2N2MAT5|unreviewed|nitrate,1,3946.0,1617,650,40.19789734075449
Soil16.scaffold_436666653_c1_2,chloroflexota,A0A949W021|unreviewed|nitrate,2,3978.0,1613,645,39.98760074395536
Soil16.scaffold_436666653_c1_2,chloroflexota,A0A1F8L172|unreviewed|nitrate,3,3908.0,1598,640,40.05006257822278
Soil16.scaffold_436666653_c1_2,chloroflexota,A0A8J6NLS7|unreviewed|nitrate,4,3964.0,1597,649,40.6386975579211
Soil16.scaffold_436666653_c1_2,chloroflexota,A0A2M8CTB5|unreviewed|nitrate,5,3955.0,1595,650,40.75235109717868
Soil16.scaffold_436666653_c1_2,verrucomicrobiota,A0A849XW34|unreviewed|nitrate,1,3932.0,1613,650,40.297582145071296
Soil16.scaffold_436666653_c1_2,verrucomicrobiota,A0A933UFK4|unreviewed|nitrate,2,3908.0,1623,645,39.74121996303142
Soil16.scaffold_436666653_c1_2,verrucomicrobiota,A0A934F0J8|unreviewed|nitrate,3,3926.0,1616,645,39.913366336633665
Soil16.scaffold_436666653_c1_2,verrucomicrobiota,A0A832HWY0|unreviewed|Nitrate,4,3602.0,1592,593,37.24874371859296
Soil16.scaffold_436666653_c1_2,verrucomicrobiota,A0A7C4LZE2|unreviewed|nitrate,5,3901.0,1617,647,40.012368583797155
Soil16.scaffold_436666653_c1_2,gemmatimonadota,A0A2D5ZQA8|unreviewed|nitrate,1,3884.0,1630,636,39.018404907975466
Soil16.scaffold_436666653_c1_2,gemmatimonadota,A0A524IW10|unreviewed|nitrate,2,3961.0,1608,659,40.982587064676615
Soil16.scaffold_436666653_c1_2,gemmatimonadota,A0A933BW52|unreviewed|nitrate,3,3889.0,1670,648,38.80239520958084
Soil16.scaffold_436666653_c1_2,gemmatimonadota,A0A945GIP3|unreviewed|nitrate,4,3906.0,1620,633,39.07407407407407
Soil16.scaffold_436666653_c1_2,gemmatimonadota,A0A9D7CFV4|unreviewed|nitrate,5,3845.0,1620,623,38.45679012345679
Soil16.scaffold_436666653_c1_2,myxococcota,Q2IJW3|unreviewed|nitrate,1,4003.0,1618,685,42.336217552533995
Soil16.scaffold_436666653_c1_2,myxococcota,B4ULS9|unreviewed|nitrate,2,4013.0,1614,685,42.441140024783145
Soil16.scaffold_436666653_c1_2,myxococcota,A0A928XR34|unreviewed|nitrate,3,3821.0,1633,614,37.599510104102876
Soil16.scaffold_436666653_c1_2,myxococcota,A7HGD0|unreviewed|nitrate,4,3985.0,1604,684,42.643391521197
Soil16.scaffold_436666653_c1_2,myxococcota,A0A947HI39|unreviewed|nitrate,5,3895.0,1628,640,39.31203931203931
Soil16.scaffold_804923086_c1_3,Bacteroidota,A0A399D723|unreviewed|nitrate,1,3932.0,1637,641,39.15699450213806
Soil16.scaffold_804923086_c1_3,Bacteroidota,A0A9D9VY91|unreviewed|nitrate,2,3958.0,1630,643,39.4478527607362
Soil16.scaffold_804923086_c1_3,Bacteroidota,A0A1G6KWR1|unreviewed|nitrate,3,4844.0,1523,822,53.97242284963887
Soil16.scaffold_804923086_c1_3,Bacteroidota,A0A1F3NZE7|unreviewed|nitrate,4,4039.0,1629,662,40.638428483732355
Soil16.scaffold_804923086_c1_3,Bacteroidota,A0A434AV88|unreviewed|nitrate,5,4817.0,1512,811,53.63756613756614
Soil16.scaffold_804923086_c1_3,Pseudomonadota,A0A149V6R9|unreviewed|4Fe-4S,1,4672.0,1542,776,50.3242542153048
Soil16.scaffold_804923086_c1_3,Pseudomonadota,A0A4Q7N714|unreviewed|nitrate,2,5198.0,1472,886,60.190217391304344
Soil16.scaffold_804923086_c1_3,Pseudomonadota,A0A0N9VQU4|unreviewed|nitrate,3,5088.0,1469,874,59.496255956432954
Soil16.scaffold_804923086_c1_3,Pseudomonadota,A0A5B0BNB7|unreviewed|nitrate,4,5241.0,1474,900,61.05834464043419
Soil16.scaffold_804923086_c1_3,Pseudomonadota,A0A7Z0I064|unreviewed|nitrate,5,5207.0,1465,899,61.365187713310576
Soil16.scaffold_804923086_c1_3,Bacillota,A0A1I1VAQ5|unreviewed|nitrate,1,4248.0,1609,699,43.443132380360474
Soil16.scaffold_804923086_c1_3,Bacillota,A0A5J5HPE3|unreviewed|nitrate,2,4294.0,1598,706,44.180225281602006
Soil16.scaffold_804923086_c1_3,Bacillota,A0A941E077|unreviewed|nitrate,3,4288.0,1588,705,44.395465994962215
Soil16.scaffold_804923086_c1_3,Bacillota,A0A2T5G6I1|unreviewed|nitrate,4,4440.0,1582,743,46.96586599241466
Soil16.scaffold_804923086_c1_3,Bacillota,A0A0R1H9J7|unreviewed|nitrate,5,4312.0,1603,711,44.35433562071117
Soil16.scaffold_804923086_c1_3,Actinomycetota,Q1AWQ7|unreviewed|Nitrate,1,4366.0,1569,718,45.76163161249203
Soil16.scaffold_804923086_c1_3,Actinomycetota,A0A511D6I2|unreviewed|Nitrate,2,4242.0,1623,705,43.438077634011094
Soil16.scaffold_804923086_c1_3,Actinomycetota,A0A7K0W3P6|unreviewed|Nitrate,3,4199.0,1603,696,43.41859014348097
Soil16.scaffold_804923086_c1_3,Actinomycetota,U1QE67|unreviewed|nitrate,4,4089.0,1660,669,40.30120481927711
Soil16.scaffold_804923086_c1_3,Actinomycetota,A0A8J3NMA7|unreviewed|nitrate,5,4157.0,1631,680,41.69221336603311
Soil16.scaffold_804923086_c1_3,acidobacteriota,A0A936F3S9|unreviewed|nitrate,1,4071.0,1619,662,40.889437924644845
Soil16.scaffold_804923086_c1_3,acidobacteriota,A0A953EJI2|unreviewed|nitrate,2,4097.0,1624,680,41.87192118226601
Soil16.scaffold_804923086_c1_3,acidobacteriota,A0A1F2RVC6|unreviewed|nitrate,3,4083.0,1634,664,40.63647490820074
Soil16.scaffold_804923086_c1_3,acidobacteriota,A0A9D7SI32|unreviewed|nitrate,4,4074.0,1623,665,40.97350585335798
Soil16.scaffold_804923086_c1_3,acidobacteriota,A0A1F2SV26|unreviewed|4Fe-4S,5,3309.0,1513,547,36.15333773959022
Soil16.scaffold_804923086_c1_3,chloroflexota,A0A2N2MAT5|unreviewed|nitrate,1,4104.0,1621,675,41.64096236890808
Soil16.scaffold_804923086_c1_3,chloroflexota,A0A949W021|unreviewed|nitrate,2,4107.0,1637,678,41.417226634086745
Soil16.scaffold_804923086_c1_3,chloroflexota,A0A1F8L172|unreviewed|nitrate,3,4083.0,1612,673,41.74937965260546
Soil16.scaffold_804923086_c1_3,chloroflexota,A0A8J6NLS7|unreviewed|nitrate,4,4101.0,1608,675,41.97761194029851
Soil16.scaffold_804923086_c1_3,chloroflexota,A0A2M8CTB5|unreviewed|nitrate,5,4103.0,1606,680,42.34122042341221
Soil16.scaffold_804923086_c1_3,verrucomicrobiota,A0A849XW34|unreviewed|nitrate,1,4159.0,1615,675,41.795665634674926
Soil16.scaffold_804923086_c1_3,verrucomicrobiota,A0A933UFK4|unreviewed|nitrate,2,4161.0,1611,684,42.45810055865922
Soil16.scaffold_804923086_c1_3,verrucomicrobiota,A0A934F0J8|unreviewed|nitrate,3,4185.0,1607,693,43.12383322962041
Soil16.scaffold_804923086_c1_3,verrucomicrobiota,A0A832HWY0|unreviewed|Nitrate,4,3787.0,1586,619,39.02900378310215
Soil16.scaffold_804923086_c1_3,verrucomicrobiota,A0A7C4LZE2|unreviewed|nitrate,5,4184.0,1605,693,43.177570093457945
Soil16.scaffold_804923086_c1_3,gemmatimonadota,A0A2D5ZQA8|unreviewed|nitrate,1,4064.0,1636,662,40.46454767726161
Soil16.scaffold_804923086_c1_3,gemmatimonadota,A0A524IW10|unreviewed|nitrate,2,4138.0,1620,691,42.65432098765432
Soil16.scaffold_804923086_c1_3,gemmatimonadota,A0A933BW52|unreviewed|nitrate,3,3976.0,1665,648,38.91891891891892
Soil16.scaffold_804923086_c1_3,gemmatimonadota,A0A945GIP3|unreviewed|nitrate,4,4084.0,1628,664,40.78624078624078
Soil16.scaffold_804923086_c1_3,gemmatimonadota,A0A9D7CFV4|unreviewed|nitrate,5,4058.0,1629,670,41.12952731737262
Soil16.scaffold_804923086_c1_3,myxococcota,Q2IJW3|unreviewed|nitrate,1,4138.0,1609,689,42.82162834058421
Soil16.scaffold_804923086_c1_3,myxococcota,B4ULS9|unreviewed|nitrate,2,4131.0,1614,688,42.627013630731106
Soil16.scaffold_804923086_c1_3,myxococcota,A0A928XR34|unreviewed|nitrate,3,3999.0,1637,654,39.951130116065976
Soil16.scaffold_804923086_c1_3,myxococcota,A7HGD0|unreviewed|nitrate,4,3927.0,1643,651,39.62264150943396
Soil16.scaffold_804923086_c1_3,myxococcota,A0A947HI39|unreviewed|nitrate,5,4141.0,1618,679,41.96538936959209
Soil16.scaffold_313969256_c1_10,Bacteroidota,A0A399D723|unreviewed|nitrate,1,3980.0,1633,645,39.49785670545009
Soil16.scaffold_313969256_c1_10,Bacteroidota,A0A9D9VY91|unreviewed|nitrate,2,3992.0,1636,656,40.09779951100245
Soil16.scaffold_313969256_c1_10,Bacteroidota,A0A1G6KWR1|unreviewed|nitrate,3,4855.0,1511,823,54.46724023825281
Soil16.scaffold_313969256_c1_10,Bacteroidota,A0A1F3NZE7|unreviewed|nitrate,4,4031.0,1630,661,40.5521472392638
Soil16.scaffold_313969256_c1_10,Bacteroidota,A0A434AV88|unreviewed|nitrate,5,4888.0,1499,826,55.10340226817878
Soil16.scaffold_313969256_c1_10,Pseudomonadota,A0A149V6R9|unreviewed|4Fe-4S,1,4688.0,1546,781,50.51746442432082
Soil16.scaffold_313969256_c1_10,Pseudomonadota,A0A4Q7N714|unreviewed|nitrate,2,5238.0,1462,896,61.2859097127223
Soil16.scaffold_313969256_c1_10,Pseudomonadota,A0A0N9VQU4|unreviewed|nitrate,3,5026.0,1477,853,57.75220040622884
Soil16.scaffold_313969256_c1_10,Pseudomonadota,A0A5B0BNB7|unreviewed|nitrate,4,5117.0,1496,878,58.68983957219251
Soil16.scaffold_313969256_c1_10,Pseudomonadota,A0A7Z0I064|unreviewed|nitrate,5,5364.0,1452,924,63.63636363636363
Soil16.scaffold_313969256_c1_10,Bacillota,A0A1I1VAQ5|unreviewed|nitrate,1,4264.0,1614,703,43.556381660470876
Soil16.scaffold_313969256_c1_10,Bacillota,A0A5J5HPE3|unreviewed|nitrate,2,4241.0,1608,694,43.159203980099505
Soil16.scaffold_313969256_c1_10,Bacillota,A0A941E077|unreviewed|nitrate,3,4315.0,1586,711,44.82976040353089
Soil16.scaffold_313969256_c1_10,Bacillota,A0A2T5G6I1|unreviewed|nitrate,4,4461.0,1575,749,47.55555555555556
Soil16.scaffold_313969256_c1_10,Bacillota,A0A0R1H9J7|unreviewed|nitrate,5,4211.0,1612,686,42.55583126550869
Soil16.scaffold_313969256_c1_10,Actinomycetota,Q1AWQ7|unreviewed|Nitrate,1,4353.0,1572,723,45.99236641221374
Soil16.scaffold_313969256_c1_10,Actinomycetota,A0A511D6I2|unreviewed|Nitrate,2,4228.0,1633,707,43.29454990814452
Soil16.scaffold_313969256_c1_10,Actinomycetota,A0A7K0W3P6|unreviewed|Nitrate,3,4124.0,1615,684,42.35294117647059
Soil16.scaffold_313969256_c1_10,Actinomycetota,U1QE67|unreviewed|nitrate,4,4043.0,1666,666,39.97599039615846
Soil16.scaffold_313969256_c1_10,Actinomycetota,A0A8J3NMA7|unreviewed|nitrate,5,4169.0,1630,690,42.331288343558285
Soil16.scaffold_313969256_c1_10,acidobacteriota,A0A936F3S9|unreviewed|nitrate,1,4034.0,1623,656,40.418977202711034
Soil16.scaffold_313969256_c1_10,acidobacteriota,A0A953EJI2|unreviewed|nitrate,2,4084.0,1627,679,41.73325138291334
Soil16.scaffold_313969256_c1_10,acidobacteriota,A0A1F2RVC6|unreviewed|nitrate,3,4100.0,1626,673,41.38991389913899
Soil16.scaffold_313969256_c1_10,acidobacteriota,A0A9D7SI32|unreviewed|nitrate,4,4027.0,1625,654,40.246153846153845
Soil16.scaffold_313969256_c1_10,acidobacteriota,A0A1F2SV26|unreviewed|4Fe-4S,5,3316.0,1519,553,36.405529953917046
Soil16.scaffold_313969256_c1_10,chloroflexota,A0A2N2MAT5|unreviewed|nitrate,1,4157.0,1616,690,42.698019801980195
Soil16.scaffold_313969256_c1_10,chloroflexota,A0A949W021|unreviewed|nitrate,2,4118.0,1632,679,41.60539215686275
Soil16.scaffold_313969256_c1_10,chloroflexota,A0A1F8L172|unreviewed|nitrate,3,3991.0,1628,655,40.23341523341523
Soil16.scaffold_313969256_c1_10,chloroflexota,A0A8J6NLS7|unreviewed|nitrate,4,4040.0,1612,660,40.94292803970223
Soil16.scaffold_313969256_c1_10,chloroflexota,A0A2M8CTB5|unreviewed|nitrate,5,4090.0,1607,682,42.43932794026136
Soil16.scaffold_313969256_c1_10,verrucomicrobiota,A0A849XW34|unreviewed|nitrate,1,4127.0,1612,670,41.563275434243174
Soil16.scaffold_313969256_c1_10,verrucomicrobiota,A0A933UFK4|unreviewed|nitrate,2,4138.0,1613,687,42.5914445133292
Soil16.scaffold_313969256_c1_10,verrucomicrobiota,A0A934F0J8|unreviewed|nitrate,3,4148.0,1609,685,42.57302672467371
Soil16.scaffold_313969256_c1_10,verrucomicrobiota,A0A832HWY0|unreviewed|Nitrate,4,3793.0,1593,621,38.983050847457626
Soil16.scaffold_313969256_c1_10,verrucomicrobiota,A0A7C4LZE2|unreviewed|nitrate,5,4106.0,1615,678,41.98142414860681
Soil16.scaffold_313969256_c1_10,gemmatimonadota,A0A2D5ZQA8|unreviewed|nitrate,1,4062.0,1626,667,41.02091020910209
Soil16.scaffold_313969256_c1_10,gemmatimonadota,A0A524IW10|unreviewed|nitrate,2,4111.0,1619,681,42.063001852995676
Soil16.scaffold_313969256_c1_10,gemmatimonadota,A0A933BW52|unreviewed|nitrate,3,3934.0,1677,636,37.924865831842574
Soil16.scaffold_313969256_c1_10,gemmatimonadota,A0A945GIP3|unreviewed|nitrate,4,4072.0,1627,667,40.995697602950216
Soil16.scaffold_313969256_c1_10,gemmatimonadota,A0A9D7CFV4|unreviewed|nitrate,5,4025.0,1631,665,40.772532188841204
Soil16.scaffold_313969256_c1_10,myxococcota,Q2IJW3|unreviewed|nitrate,1,4094.0,1610,679,42.173913043478265
Soil16.scaffold_313969256_c1_10,myxococcota,B4ULS9|unreviewed|nitrate,2,4093.0,1611,679,42.14773432650528
Soil16.scaffold_313969256_c1_10,myxococcota,A0A928XR34|unreviewed|nitrate,3,3994.0,1634,654,40.024479804161565
Soil16.scaffold_313969256_c1_10,myxococcota,A7HGD0|unreviewed|nitrate,4,3885.0,1644,642,39.05109489051095
Soil16.scaffold_313969256_c1_10,myxococcota,A0A947HI39|unreviewed|nitrate,5,4151.0,1626,686,42.189421894218945
Soil16.scaffold_1312607544_c1_3,Bacteroidota,A0A399D723|unreviewed|nitrate,1,3935.0,1593,633,39.73634651600753
Soil16.scaffold_1312607544_c1_3,Bacteroidota,A0A9D9VY91|unreviewed|nitrate,2,3863.0,1604,618,38.5286783042394
Soil16.scaffold_1312607544_c1_3,Bacteroidota,A0A1G6KWR1|unreviewed|nitrate,3,4121.0,1598,672,42.052565707133915
Soil16.scaffold_1312607544_c1_3,Bacteroidota,A0A1F3NZE7|unreviewed|nitrate,4,4004.0,1579,644,40.78530715642812
Soil16.scaffold_1312607544_c1_3,Bacteroidota,A0A434AV88|unreviewed|nitrate,5,4092.0,1598,660,41.301627033792236
Soil16.scaffold_1312607544_c1_3,Pseudomonadota,A0A149V6R9|unreviewed|4Fe-4S,1,4200.0,1605,700,43.613707165109034
Soil16.scaffold_1312607544_c1_3,Pseudomonadota,A0A4Q7N714|unreviewed|nitrate,2,4218.0,1595,698,43.76175548589342
Soil16.scaffold_1312607544_c1_3,Pseudomonadota,A0A0N9VQU4|unreviewed|nitrate,3,4115.0,1580,662,41.89873417721519
Soil16.scaffold_1312607544_c1_3,Pseudomonadota,A0A5B0BNB7|unreviewed|nitrate,4,4149.0,1616,678,41.95544554455445
Soil16.scaffold_1312607544_c1_3,Pseudomonadota,A0A7Z0I064|unreviewed|nitrate,5,4187.0,1603,688,42.919525888958205
Soil16.scaffold_1312607544_c1_3,Bacillota,A0A1I1VAQ5|unreviewed|nitrate,1,4414.0,1547,742,47.963800904977376
Soil16.scaffold_1312607544_c1_3,Bacillota,A0A5J5HPE3|unreviewed|nitrate,2,4330.0,1543,715,46.33830200907323
Soil16.scaffold_1312607544_c1_3,Bacillota,A0A941E077|unreviewed|nitrate,3,4314.0,1544,712,46.1139896373057
Soil16.scaffold_1312607544_c1_3,Bacillota,A0A2T5G6I1|unreviewed|nitrate,4,4647.0,1511,795,52.614162806088686
Soil16.scaffold_1312607544_c1_3,Bacillota,A0A0R1H9J7|unreviewed|nitrate,5,4234.0,1564,700,44.75703324808184
Soil16.scaffold_1312607544_c1_3,Actinomycetota,Q1AWQ7|unreviewed|Nitrate,1,4940.0,1449,845,58.31608005521049
Soil16.scaffold_1312607544_c1_3,Actinomycetota,A0A511D6I2|unreviewed|Nitrate,2,4656.0,1523,797,52.33092580433355
Soil16.scaffold_1312607544_c1_3,Actinomycetota,A0A7K0W3P6|unreviewed|Nitrate,3,4726.0,1487,805,54.13584398117014
Soil16.scaffold_1312607544_c1_3,Actinomycetota,U1QE67|unreviewed|nitrate,4,4499.0,1565,756,48.30670926517572
Soil16.scaffold_1312607544_c1_3,Actinomycetota,A0A8J3NMA7|unreviewed|nitrate,5,4681.0,1503,796,52.96074517631404
Soil16.scaffold_1312607544_c1_3,acidobacteriota,A0A936F3S9|unreviewed|nitrate,1,4046.0,1591,665,41.79761156505343
Soil16.scaffold_1312607544_c1_3,acidobacteriota,A0A953EJI2|unreviewed|nitrate,2,4079.0,1581,665,42.061986084756484
Soil16.scaffold_1312607544_c1_3,acidobacteriota,A0A1F2RVC6|unreviewed|nitrate,3,4086.0,1579,666,42.1785940468651
Soil16.scaffold_1312607544_c1_3,acidobacteriota,A0A9D7SI32|unreviewed|nitrate,4,4044.0,1591,663,41.671904462602136
Soil16.scaffold_1312607544_c1_3,acidobacteriota,A0A1F2SV26|unreviewed|4Fe-4S,5,3297.0,1478,547,37.00947225981056
Soil16.scaffold_1312607544_c1_3,chloroflexota,A0A2N2MAT5|unreviewed|nitrate,1,4049.0,1582,660,41.719342604298355
Soil16.scaffold_1312607544_c1_3,chloroflexota,A0A949W021|unreviewed|nitrate,2,4065.0,1592,669,42.02261306532663
Soil16.scaffold_1312607544_c1_3,chloroflexota,A0A1F8L172|unreviewed|nitrate,3,4063.0,1574,674,42.82083862770013
Soil16.scaffold_1312607544_c1_3,chloroflexota,A0A8J6NLS7|unreviewed|nitrate,4,4059.0,1577,664,42.10526315789473
Soil16.scaffold_1312607544_c1_3,chloroflexota,A0A2M8CTB5|unreviewed|nitrate,5,4085.0,1564,670,42.8388746803069
Soil16.scaffold_1312607544_c1_3,verrucomicrobiota,A0A849XW34|unreviewed|nitrate,1,4047.0,1600,673,42.0625
Soil16.scaffold_1312607544_c1_3,verrucomicrobiota,A0A933UFK4|unreviewed|nitrate,2,4016.0,1595,656,41.12852664576803
Soil16.scaffold_1312607544_c1_3,verrucomicrobiota,A0A934F0J8|unreviewed|nitrate,3,3978.0,1597,652,40.82654978083907
Soil16.scaffold_1312607544_c1_3,verrucomicrobiota,A0A832HWY0|unreviewed|Nitrate,4,3656.0,1566,600,38.31417624521073
Soil16.scaffold_1312607544_c1_3,verrucomicrobiota,A0A7C4LZE2|unreviewed|nitrate,5,4003.0,1588,656,41.30982367758186
Soil16.scaffold_1312607544_c1_3,gemmatimonadota,A0A2D5ZQA8|unreviewed|nitrate,1,4011.0,1589,659,41.47262429200755
Soil16.scaffold_1312607544_c1_3,gemmatimonadota,A0A524IW10|unreviewed|nitrate,2,4077.0,1575,674,42.7936507936508
Soil16.scaffold_1312607544_c1_3,gemmatimonadota,A0A933BW52|unreviewed|nitrate,3,4020.0,1637,665,40.623091020158824
Soil16.scaffold_1312607544_c1_3,gemmatimonadota,A0A945GIP3|unreviewed|nitrate,4,4068.0,1579,658,41.67194426852438
Soil16.scaffold_1312607544_c1_3,gemmatimonadota,A0A9D7CFV4|unreviewed|nitrate,5,3936.0,1599,636,39.77485928705441
Soil16.scaffold_1312607544_c1_3,myxococcota,Q2IJW3|unreviewed|nitrate,1,4030.0,1584,670,42.29797979797979
Soil16.scaffold_1312607544_c1_3,myxococcota,B4ULS9|unreviewed|nitrate,2,4029.0,1587,672,42.34404536862004
Soil16.scaffold_1312607544_c1_3,myxococcota,A0A928XR34|unreviewed|nitrate,3,3943.0,1595,636,39.87460815047022
Soil16.scaffold_1312607544_c1_3,myxococcota,A7HGD0|unreviewed|nitrate,4,3974.0,1591,671,42.17473287240729
Soil16.scaffold_1312607544_c1_3,myxococcota,A0A947HI39|unreviewed|nitrate,5,4040.0,1598,662,41.42678347934919
Soil17.scaffold_1045002370_c1_23,Bacteroidota,A0A399D723|unreviewed|nitrate,1,3983.0,1593,647,40.61519146264909
Soil17.scaffold_1045002370_c1_23,Bacteroidota,A0A9D9VY91|unreviewed|nitrate,2,3973.0,1602,644,40.19975031210986
Soil17.scaffold_1045002370_c1_23,Bacteroidota,A0A1G6KWR1|unreviewed|nitrate,3,4243.0,1588,702,44.20654911838791
Soil17.scaffold_1045002370_c1_23,Bacteroidota,A0A1F3NZE7|unreviewed|nitrate,4,4093.0,1576,674,42.766497461928935
Soil17.scaffold_1045002370_c1_23,Bacteroidota,A0A434AV88|unreviewed|nitrate,5,4264.0,1590,706,44.40251572327044
Soil17.scaffold_1045002370_c1_23,Pseudomonadota,A0A149V6R9|unreviewed|4Fe-4S,1,4136.0,1607,678,42.19041692594897
Soil17.scaffold_1045002370_c1_23,Pseudomonadota,A0A4Q7N714|unreviewed|nitrate,2,4223.0,1608,695,43.22139303482587
Soil17.scaffold_1045002370_c1_23,Pseudomonadota,A0A0N9VQU4|unreviewed|nitrate,3,4180.0,1604,696,43.391521197007485
Soil17.scaffold_1045002370_c1_23,Pseudomonadota,A0A5B0BNB7|unreviewed|nitrate,4,4260.0,1615,710,43.962848297213625
Soil17.scaffold_1045002370_c1_23,Pseudomonadota,A0A7Z0I064|unreviewed|nitrate,5,4206.0,1617,698,43.166357452071736
Soil17.scaffold_1045002370_c1_23,Bacillota,A0A1I1VAQ5|unreviewed|nitrate,1,5640.0,1352,990,73.22485207100591
Soil17.scaffold_1045002370_c1_23,Bacillota,A0A5J5HPE3|unreviewed|nitrate,2,4525.0,1526,756,49.54128440366973
Soil17.scaffold_1045002370_c1_23,Bacillota,A0A941E077|unreviewed|nitrate,3,4396.0,1542,730,47.341115434500644
Soil17.scaffold_1045002370_c1_23,Bacillota,A0A2T5G6I1|unreviewed|nitrate,4,4620.0,1520,779,51.24999999999999
Soil17.scaffold_1045002370_c1_23,Bacillota,A0A0R1H9J7|unreviewed|nitrate,5,4402.0,1556,727,46.72236503856041
Soil17.scaffold_1045002370_c1_23,Actinomycetota,Q1AWQ7|unreviewed|Nitrate,1,4404.0,1532,740,48.30287206266319
Soil17.scaffold_1045002370_c1_23,Actinomycetota,A0A511D6I2|unreviewed|Nitrate,2,4262.0,1597,717,44.89668127739512
Soil17.scaffold_1045002370_c1_23,Actinomycetota,A0A7K0W3P6|unreviewed|Nitrate,3,4255.0,1568,715,45.599489795918366
Soil17.scaffold_1045002370_c1_23,Actinomycetota,U1QE67|unreviewed|nitrate,4,4110.0,1638,685,41.81929181929182
Soil17.scaffold_1045002370_c1_23,Actinomycetota,A0A8J3NMA7|unreviewed|nitrate,5,4179.0,1592,691,43.404522613065325
Soil17.scaffold_1045002370_c1_23,acidobacteriota,A0A936F3S9|unreviewed|nitrate,1,4061.0,1592,665,41.7713567839196
Soil17.scaffold_1045002370_c1_23,acidobacteriota,A0A953EJI2|unreviewed|nitrate,2,4154.0,1586,690,43.505674653215635
Soil17.scaffold_1045002370_c1_23,acidobacteriota,A0A1F2RVC6|unreviewed|nitrate,3,4111.0,1591,670,42.11187932118165
Soil17.scaffold_1045002370_c1_23,acidobacteriota,A0A9D7SI32|unreviewed|nitrate,4,4075.0,1591,668,41.98617221873036
Soil17.scaffold_1045002370_c1_23,acidobacteriota,A0A1F2SV26|unreviewed|4Fe-4S,5,3284.0,1484,543,36.59029649595688
Soil17.scaffold_1045002370_c1_23,chloroflexota,A0A2N2MAT5|unreviewed|nitrate,1,4093.0,1585,669,42.208201892744476
Soil17.scaffold_1045002370_c1_23,chloroflexota,A0A949W021|unreviewed|nitrate,2,4082.0,1613,665,41.2275263484191
Soil17.scaffold_1045002370_c1_23,chloroflexota,A0A1F8L172|unreviewed|nitrate,3,4082.0,1570,661,42.10191082802548
Soil17.scaffold_1045002370_c1_23,chloroflexota,A0A8J6NLS7|unreviewed|nitrate,4,4087.0,1574,661,41.99491740787802
Soil17.scaffold_1045002370_c1_23,chloroflexota,A0A2M8CTB5|unreviewed|nitrate,5,4081.0,1575,663,42.095238095238095
Soil17.scaffold_1045002370_c1_23,verrucomicrobiota,A0A849XW34|unreviewed|nitrate,1,3984.0,1601,648,40.47470331043098
Soil17.scaffold_1045002370_c1_23,verrucomicrobiota,A0A933UFK4|unreviewed|nitrate,2,3923.0,1611,643,39.9130974549969
Soil17.scaffold_1045002370_c1_23,verrucomicrobiota,A0A934F0J8|unreviewed|nitrate,3,3943.0,1599,642,40.150093808630395
Soil17.scaffold_1045002370_c1_23,verrucomicrobiota,A0A832HWY0|unreviewed|Nitrate,4,3609.0,1575,581,36.888888888888886
Soil17.scaffold_1045002370_c1_23,verrucomicrobiota,A0A7C4LZE2|unreviewed|nitrate,5,3898.0,1614,641,39.71499380421314
Soil17.scaffold_1045002370_c1_23,gemmatimonadota,A0A2D5ZQA8|unreviewed|nitrate,1,4037.0,1584,657,41.47727272727273
Soil17.scaffold_1045002370_c1_23,gemmatimonadota,A0A524IW10|unreviewed|nitrate,2,4083.0,1577,673,42.67596702599874
Soil17.scaffold_1045002370_c1_23,gemmatimonadota,A0A933BW52|unreviewed|nitrate,3,4008.0,1635,657,40.18348623853211
Soil17.scaffold_1045002370_c1_23,gemmatimonadota,A0A945GIP3|unreviewed|nitrate,4,4105.0,1582,669,42.288242730720604
Soil17.scaffold_1045002370_c1_23,gemmatimonadota,A0A9D7CFV4|unreviewed|nitrate,5,3983.0,1592,645,40.515075376884425
Soil17.scaffold_1045002370_c1_23,myxococcota,Q2IJW3|unreviewed|nitrate,1,3962.0,1599,647,40.46278924327705
Soil17.scaffold_1045002370_c1_23,myxococcota,B4ULS9|unreviewed|nitrate,2,3976.0,1602,653,40.76154806491885
Soil17.scaffold_1045002370_c1_23,myxococcota,A0A928XR34|unreviewed|nitrate,3,3998.0,1584,648,40.909090909090914
Soil17.scaffold_1045002370_c1_23,myxococcota,A7HGD0|unreviewed|nitrate,4,3865.0,1620,636,39.25925925925926
Soil17.scaffold_1045002370_c1_23,myxococcota,A0A947HI39|unreviewed|nitrate,5,3993.0,1610,652,40.49689440993789
Soil17.scaffold_918557319_c1_2,Bacteroidota,A0A399D723|unreviewed|nitrate,1,4004.0,1577,651,41.28091312618897
Soil17.scaffold_918557319_c1_2,Bacteroidota,A0A9D9VY91|unreviewed|nitrate,2,4036.0,1570,658,41.910828025477706
Soil17.scaffold_918557319_c1_2,Bacteroidota,A0A1G6KWR1|unreviewed|nitrate,3,4348.0,1560,727,46.6025641025641
Soil17.scaffold_918557319_c1_2,Bacteroidota,A0A1F3NZE7|unreviewed|nitrate,4,4085.0,1580,673,42.59493670886076
Soil17.scaffold_918557319_c1_2,Bacteroidota,A0A434AV88|unreviewed|nitrate,5,4304.0,1566,715,45.65772669220945
Soil17.scaffold_918557319_c1_2,Pseudomonadota,A0A149V6R9|unreviewed|4Fe-4S,1,4282.0,1585,714,45.04731861198738
Soil17.scaffold_918557319_c1_2,Pseudomonadota,A0A4Q7N714|unreviewed|nitrate,2,4379.0,1568,723,46.109693877551024
Soil17.scaffold_918557319_c1_2,Pseudomonadota,A0A0N9VQU4|unreviewed|nitrate,3,4329.0,1575,725,46.03174603174603
Soil17.scaffold_918557319_c1_2,Pseudomonadota,A0A5B0BNB7|unreviewed|nitrate,4,4393.0,1587,737,46.43982356647763
Soil17.scaffold_918557319_c1_2,Pseudomonadota,A0A7Z0I064|unreviewed|nitrate,5,4327.0,1591,727,45.69453174104337
Soil17.scaffold_918557319_c1_2,Bacillota,A0A1I1VAQ5|unreviewed|nitrate,1,4496.0,1523,747,49.04793171372292
Soil17.scaffold_918557319_c1_2,Bacillota,A0A5J5HPE3|unreviewed|nitrate,2,4665.0,1494,778,52.07496653279786
Soil17.scaffold_918557319_c1_2,Bacillota,A0A941E077|unreviewed|nitrate,3,4935.0,1447,839,57.98203178991016
Soil17.scaffold_918557319_c1_2,Bacillota,A0A2T5G6I1|unreviewed|nitrate,4,5096.0,1422,875,61.533052039381154
Soil17.scaffold_918557319_c1_2,Bacillota,A0A0R1H9J7|unreviewed|nitrate,5,4635.0,1512,766,50.661375661375665
Soil17.scaffold_918557319_c1_2,Actinomycetota,Q1AWQ7|unreviewed|Nitrate,1,4518.0,1501,757,50.43304463690873
Soil17.scaffold_918557319_c1_2,Actinomycetota,A0A511D6I2|unreviewed|Nitrate,2,4360.0,1558,733,47.04749679075738
Soil17.scaffold_918557319_c1_2,Actinomycetota,A0A7K0W3P6|unreviewed|Nitrate,3,4376.0,1529,737,48.201438848920866
Soil17.scaffold_918557319_c1_2,Actinomycetota,U1QE67|unreviewed|nitrate,4,4202.0,1602,693,43.258426966292134
Soil17.scaffold_918557319_c1_2,Actinomycetota,A0A8J3NMA7|unreviewed|nitrate,5,4279.0,1560,712,45.64102564102564
Soil17.scaffold_918557319_c1_2,acidobacteriota,A0A936F3S9|unreviewed|nitrate,1,4043.0,1583,664,41.94567277321541
Soil17.scaffold_918557319_c1_2,acidobacteriota,A0A953EJI2|unreviewed|nitrate,2,4151.0,1567,684,43.65028717294193
Soil17.scaffold_918557319_c1_2,acidobacteriota,A0A1F2RVC6|unreviewed|nitrate,3,4112.0,1578,674,42.71229404309253
Soil17.scaffold_918557319_c1_2,acidobacteriota,A0A9D7SI32|unreviewed|nitrate,4,4055.0,1584,668,42.17171717171717
Soil17.scaffold_918557319_c1_2,acidobacteriota,A0A1F2SV26|unreviewed|4Fe-4S,5,3323.0,1465,549,37.47440273037543
Soil17.scaffold_918557319_c1_2,chloroflexota,A0A2N2MAT5|unreviewed|nitrate,1,4145.0,1573,681,43.293070565797834
Soil17.scaffold_918557319_c1_2,chloroflexota,A0A949W021|unreviewed|nitrate,2,4122.0,1589,677,42.605412208936436
Soil17.scaffold_918557319_c1_2,chloroflexota,A0A1F8L172|unreviewed|nitrate,3,4109.0,1555,678,43.60128617363344
Soil17.scaffold_918557319_c1_2,chloroflexota,A0A8J6NLS7|unreviewed|nitrate,4,4172.0,1557,691,44.38021836865767
Soil17.scaffold_918557319_c1_2,chloroflexota,A0A2M8CTB5|unreviewed|nitrate,5,4139.0,1562,687,43.9820742637644
Soil17.scaffold_918557319_c1_2,verrucomicrobiota,A0A849XW34|unreviewed|nitrate,1,4147.0,1569,678,43.21223709369025
Soil17.scaffold_918557319_c1_2,verrucomicrobiota,A0A933UFK4|unreviewed|nitrate,2,4094.0,1577,677,42.92961318960051
Soil17.scaffold_918557319_c1_2,verrucomicrobiota,A0A934F0J8|unreviewed|nitrate,3,4157.0,1572,690,43.89312977099237
Soil17.scaffold_918557319_c1_2,verrucomicrobiota,A0A832HWY0|unreviewed|Nitrate,4,3746.0,1559,616,39.51250801796023
Soil17.scaffold_918557319_c1_2,verrucomicrobiota,A0A7C4LZE2|unreviewed|nitrate,5,4070.0,1581,674,42.63124604680582
Soil17.scaffold_918557319_c1_2,gemmatimonadota,A0A2D5ZQA8|unreviewed|nitrate,1,4040.0,1592,672,42.211055276381906
Soil17.scaffold_918557319_c1_2,gemmatimonadota,A0A524IW10|unreviewed|nitrate,2,4143.0,1570,697,44.39490445859873
Soil17.scaffold_918557319_c1_2,gemmatimonadota,A0A933BW52|unreviewed|nitrate,3,3947.0,1631,641,39.30104230533415
Soil17.scaffold_918557319_c1_2,gemmatimonadota,A0A945GIP3|unreviewed|nitrate,4,4127.0,1581,683,43.20050600885516
Soil17.scaffold_918557319_c1_2,gemmatimonadota,A0A9D7CFV4|unreviewed|nitrate,5,4008.0,1591,658,41.35763670647392
Soil17.scaffold_918557319_c1_2,myxococcota,Q2IJW3|unreviewed|nitrate,1,4037.0,1569,663,42.25621414913958
Soil17.scaffold_918557319_c1_2,myxococcota,B4ULS9|unreviewed|nitrate,2,4024.0,1572,661,42.04834605597965
Soil17.scaffold_918557319_c1_2,myxococcota,A0A928XR34|unreviewed|nitrate,3,4000.0,1587,655,41.27284183994959
Soil17.scaffold_918557319_c1_2,myxococcota,A7HGD0|unreviewed|nitrate,4,3903.0,1599,649,40.58786741713571
Soil17.scaffold_918557319_c1_2,myxococcota,A0A947HI39|unreviewed|nitrate,5,4071.0,1591,668,41.98617221873036
Soil17.scaffold_1202428475_c1_2,Bacteroidota,A0A399D723|unreviewed|nitrate,1,4024.0,1619,657,40.580605311920934
Soil17.scaffold_1202428475_c1_2,Bacteroidota,A0A9D9VY91|unreviewed|nitrate,2,3986.0,1632,652,39.950980392156865
Soil17.scaffold_1202428475_c1_2,Bacteroidota,A0A1G6KWR1|unreviewed|nitrate,3,4917.0,1504,831,55.25265957446809
Soil17.scaffold_1202428475_c1_2,Bacteroidota,A0A1F3NZE7|unreviewed|nitrate,4,3980.0,1632,643,39.39950980392157
Soil17.scaffold_1202428475_c1_2,Bacteroidota,A0A434AV88|unreviewed|nitrate,5,4911.0,1499,833,55.570380253502336
Soil17.scaffold_1202428475_c1_2,Pseudomonadota,A0A149V6R9|unreviewed|4Fe-4S,1,4770.0,1532,799,52.15404699738904
Soil17.scaffold_1202428475_c1_2,Pseudomonadota,A0A4Q7N714|unreviewed|nitrate,2,5274.0,1458,912,62.55144032921811
Soil17.scaffold_1202428475_c1_2,Pseudomonadota,A0A0N9VQU4|unreviewed|nitrate,3,5057.0,1477,866,58.632362897765745
Soil17.scaffold_1202428475_c1_2,Pseudomonadota,A0A5B0BNB7|unreviewed|nitrate,4,5175.0,1488,893,60.01344086021505
Soil17.scaffold_1202428475_c1_2,Pseudomonadota,A0A7Z0I064|unreviewed|nitrate,5,5410.0,1433,933,65.10816468946267
Soil17.scaffold_1202428475_c1_2,Bacillota,A0A1I1VAQ5|unreviewed|nitrate,1,4293.0,1609,710,44.126786824114355
Soil17.scaffold_1202428475_c1_2,Bacillota,A0A5J5HPE3|unreviewed|nitrate,2,4273.0,1602,704,43.94506866416979
Soil17.scaffold_1202428475_c1_2,Bacillota,A0A941E077|unreviewed|nitrate,3,4333.0,1580,715,45.25316455696203
Soil17.scaffold_1202428475_c1_2,Bacillota,A0A2T5G6I1|unreviewed|nitrate,4,4438.0,1582,746,47.15549936788875
Soil17.scaffold_1202428475_c1_2,Bacillota,A0A0R1H9J7|unreviewed|nitrate,5,4271.0,1608,705,43.843283582089555
Soil17.scaffold_1202428475_c1_2,Actinomycetota,Q1AWQ7|unreviewed|Nitrate,1,4398.0,1568,735,46.875
Soil17.scaffold_1202428475_c1_2,Actinomycetota,A0A511D6I2|unreviewed|Nitrate,2,4236.0,1633,709,43.417023882424985
Soil17.scaffold_1202428475_c1_2,Actinomycetota,A0A7K0W3P6|unreviewed|Nitrate,3,4212.0,1603,705,43.98003742981909
Soil17.scaffold_1202428475_c1_2,Actinomycetota,U1QE67|unreviewed|nitrate,4,4019.0,1679,664,39.5473496128648
Soil17.scaffold_1202428475_c1_2,Actinomycetota,A0A8J3NMA7|unreviewed|nitrate,5,4163.0,1626,691,42.4969249692497
Soil17.scaffold_1202428475_c1_2,acidobacteriota,A0A936F3S9|unreviewed|nitrate,1,4066.0,1620,660,40.74074074074074
Soil17.scaffold_1202428475_c1_2,acidobacteriota,A0A953EJI2|unreviewed|nitrate,2,4121.0,1617,683,42.2387136672851
Soil17.scaffold_1202428475_c1_2,acidobacteriota,A0A1F2RVC6|unreviewed|nitrate,3,4101.0,1633,673,41.2124923453766
Soil17.scaffold_1202428475_c1_2,acidobacteriota,A0A9D7SI32|unreviewed|nitrate,4,4059.0,1621,658,40.592227020357804
Soil17.scaffold_1202428475_c1_2,acidobacteriota,A0A1F2SV26|unreviewed|4Fe-4S,5,3315.0,1515,548,36.17161716171617
Soil17.scaffold_1202428475_c1_2,chloroflexota,A0A2N2MAT5|unreviewed|nitrate,1,4143.0,1620,682,42.098765432098766
Soil17.scaffold_1202428475_c1_2,chloroflexota,A0A949W021|unreviewed|nitrate,2,4116.0,1636,679,41.503667481662596
Soil17.scaffold_1202428475_c1_2,chloroflexota,A0A1F8L172|unreviewed|nitrate,3,4033.0,1611,665,41.27870887647424
Soil17.scaffold_1202428475_c1_2,chloroflexota,A0A8J6NLS7|unreviewed|nitrate,4,4080.0,1610,675,41.92546583850932
Soil17.scaffold_1202428475_c1_2,chloroflexota,A0A2M8CTB5|unreviewed|nitrate,5,4109.0,1605,685,42.679127725856695
Soil17.scaffold_1202428475_c1_2,verrucomicrobiota,A0A849XW34|unreviewed|nitrate,1,4197.0,1605,694,43.2398753894081
Soil17.scaffold_1202428475_c1_2,verrucomicrobiota,A0A933UFK4|unreviewed|nitrate,2,4175.0,1616,696,43.06930693069307
Soil17.scaffold_1202428475_c1_2,verrucomicrobiota,A0A934F0J8|unreviewed|nitrate,3,4185.0,1613,697,43.21140731556107
Soil17.scaffold_1202428475_c1_2,verrucomicrobiota,A0A832HWY0|unreviewed|Nitrate,4,3803.0,1594,627,39.33500627352572
Soil17.scaffold_1202428475_c1_2,verrucomicrobiota,A0A7C4LZE2|unreviewed|nitrate,5,4157.0,1609,692,43.008079552517096
Soil17.scaffold_1202428475_c1_2,gemmatimonadota,A0A2D5ZQA8|unreviewed|nitrate,1,4052.0,1631,664,40.71122011036174
Soil17.scaffold_1202428475_c1_2,gemmatimonadota,A0A524IW10|unreviewed|nitrate,2,4104.0,1611,679,42.14773432650528
Soil17.scaffold_1202428475_c1_2,gemmatimonadota,A0A933BW52|unreviewed|nitrate,3,3937.0,1669,643,38.52606351108448
Soil17.scaffold_1202428475_c1_2,gemmatimonadota,A0A945GIP3|unreviewed|nitrate,4,4069.0,1630,664,40.736196319018404
Soil17.scaffold_1202428475_c1_2,gemmatimonadota,A0A9D7CFV4|unreviewed|nitrate,5,4019.0,1622,665,40.99876695437732
Soil17.scaffold_1202428475_c1_2,myxococcota,Q2IJW3|unreviewed|nitrate,1,4082.0,1616,680,42.07920792079208
Soil17.scaffold_1202428475_c1_2,myxococcota,B4ULS9|unreviewed|nitrate,2,4088.0,1616,684,42.32673267326732
Soil17.scaffold_1202428475_c1_2,myxococcota,A0A928XR34|unreviewed|nitrate,3,4003.0,1632,656,40.19607843137255
Soil17.scaffold_1202428475_c1_2,myxococcota,A7HGD0|unreviewed|nitrate,4,3909.0,1633,649,39.742804654011024
Soil17.scaffold_1202428475_c1_2,myxococcota,A0A947HI39|unreviewed|nitrate,5,4173.0,1610,681,42.29813664596273
Soil17.scaffold_274056314_c1_61,Bacteroidota,A0A399D723|unreviewed|nitrate,1,4039.0,1588,658,41.43576826196473
Soil17.scaffold_274056314_c1_61,Bacteroidota,A0A9D9VY91|unreviewed|nitrate,2,4003.0,1596,646,40.476190476190474
Soil17.scaffold_274056314_c1_61,Bacteroidota,A0A1G6KWR1|unreviewed|nitrate,3,4154.0,1593,675,42.3728813559322
Soil17.scaffold_274056314_c1_61,Bacteroidota,A0A1F3NZE7|unreviewed|nitrate,4,4111.0,1575,679,43.111111111111114
Soil17.scaffold_274056314_c1_61,Bacteroidota,A0A434AV88|unreviewed|nitrate,5,4169.0,1584,673,42.48737373737374
Soil17.scaffold_274056314_c1_61,Pseudomonadota,A0A149V6R9|unreviewed|4Fe-4S,1,4139.0,1614,683,42.317224287484514
Soil17.scaffold_274056314_c1_61,Pseudomonadota,A0A4Q7N714|unreviewed|nitrate,2,4195.0,1592,669,42.02261306532663
Soil17.scaffold_274056314_c1_61,Pseudomonadota,A0A0N9VQU4|unreviewed|nitrate,3,4189.0,1585,684,43.154574132492115
Soil17.scaffold_274056314_c1_61,Pseudomonadota,A0A5B0BNB7|unreviewed|nitrate,4,4254.0,1614,705,43.68029739776952
Soil17.scaffold_274056314_c1_61,Pseudomonadota,A0A7Z0I064|unreviewed|nitrate,5,4176.0,1601,682,42.59837601499063
Soil17.scaffold_274056314_c1_61,Bacillota,A0A1I1VAQ5|unreviewed|nitrate,1,4502.0,1528,745,48.7565445026178
Soil17.scaffold_274056314_c1_61,Bacillota,A0A5J5HPE3|unreviewed|nitrate,2,4984.0,1446,844,58.36791147994468
Soil17.scaffold_274056314_c1_61,Bacillota,A0A941E077|unreviewed|nitrate,3,4530.0,1520,757,49.80263157894737
Soil17.scaffold_274056314_c1_61,Bacillota,A0A2T5G6I1|unreviewed|nitrate,4,4758.0,1487,799,53.73234700739744
Soil17.scaffold_274056314_c1_61,Bacillota,A0A0R1H9J7|unreviewed|nitrate,5,4448.0,1541,732,47.50162232316678
Soil17.scaffold_274056314_c1_61,Actinomycetota,Q1AWQ7|unreviewed|Nitrate,1,4371.0,1527,720,47.151277013752456
Soil17.scaffold_274056314_c1_61,Actinomycetota,A0A511D6I2|unreviewed|Nitrate,2,4255.0,1582,705,44.5638432364096
Soil17.scaffold_274056314_c1_61,Actinomycetota,A0A7K0W3P6|unreviewed|Nitrate,3,4240.0,1557,705,45.27938342967245
Soil17.scaffold_274056314_c1_61,Actinomycetota,U1QE67|unreviewed|nitrate,4,4058.0,1623,658,40.54220579174368
Soil17.scaffold_274056314_c1_61,Actinomycetota,A0A8J3NMA7|unreviewed|nitrate,5,4095.0,1594,665,41.7189460476788
Soil17.scaffold_274056314_c1_61,acidobacteriota,A0A936F3S9|unreviewed|nitrate,1,3978.0,1595,649,40.689655172413794
Soil17.scaffold_274056314_c1_61,acidobacteriota,A0A953EJI2|unreviewed|nitrate,2,4086.0,1598,665,41.614518147684606
Soil17.scaffold_274056314_c1_61,acidobacteriota,A0A1F2RVC6|unreviewed|nitrate,3,4045.0,1587,655,41.27284183994959
Soil17.scaffold_274056314_c1_61,acidobacteriota,A0A9D7SI32|unreviewed|nitrate,4,3978.0,1597,648,40.57608015028178
Soil17.scaffold_274056314_c1_61,acidobacteriota,A0A1F2SV26|unreviewed|4Fe-4S,5,3226.0,1481,526,35.51654287643484
Soil17.scaffold_274056314_c1_61,chloroflexota,A0A2N2MAT5|unreviewed|nitrate,1,4021.0,1592,645,40.515075376884425
Soil17.scaffold_274056314_c1_61,chloroflexota,A0A949W021|unreviewed|nitrate,2,3982.0,1619,638,39.40704138357011
Soil17.scaffold_274056314_c1_61,chloroflexota,A0A1F8L172|unreviewed|nitrate,3,4035.0,1587,658,41.46187775677379
Soil17.scaffold_274056314_c1_61,chloroflexota,A0A8J6NLS7|unreviewed|nitrate,4,4052.0,1582,659,41.65613147914033
Soil17.scaffold_274056314_c1_61,chloroflexota,A0A2M8CTB5|unreviewed|nitrate,5,4023.0,1574,656,41.67725540025413
Soil17.scaffold_274056314_c1_61,verrucomicrobiota,A0A849XW34|unreviewed|nitrate,1,4025.0,1601,652,40.72454715802623
Soil17.scaffold_274056314_c1_61,verrucomicrobiota,A0A933UFK4|unreviewed|nitrate,2,3997.0,1610,658,40.869565217391305
Soil17.scaffold_274056314_c1_61,verrucomicrobiota,A0A934F0J8|unreviewed|nitrate,3,3985.0,1603,650,40.54897067997505
Soil17.scaffold_274056314_c1_61,verrucomicrobiota,A0A832HWY0|unreviewed|Nitrate,4,3664.0,1573,590,37.50794659885569
Soil17.scaffold_274056314_c1_61,verrucomicrobiota,A0A7C4LZE2|unreviewed|nitrate,5,3937.0,1609,640,39.77625854568055
Soil17.scaffold_274056314_c1_61,gemmatimonadota,A0A2D5ZQA8|unreviewed|nitrate,1,3974.0,1604,646,40.27431421446384
Soil17.scaffold_274056314_c1_61,gemmatimonadota,A0A524IW10|unreviewed|nitrate,2,4048.0,1585,671,42.33438485804417
Soil17.scaffold_274056314_c1_61,gemmatimonadota,A0A933BW52|unreviewed|nitrate,3,3933.0,1644,640,38.929440389294406
Soil17.scaffold_274056314_c1_61,gemmatimonadota,A0A945GIP3|unreviewed|nitrate,4,4081.0,1589,664,41.78728760226558
Soil17.scaffold_274056314_c1_61,gemmatimonadota,A0A9D7CFV4|unreviewed|nitrate,5,4073.0,1583,665,42.00884396715098
Soil17.scaffold_274056314_c1_61,myxococcota,Q2IJW3|unreviewed|nitrate,1,3970.0,1600,649,40.5625
Soil17.scaffold_274056314_c1_61,myxococcota,B4ULS9|unreviewed|nitrate,2,3974.0,1603,650,40.54897067997505
Soil17.scaffold_274056314_c1_61,myxococcota,A0A928XR34|unreviewed|nitrate,3,3987.0,1589,646,40.654499685336695
Soil17.scaffold_274056314_c1_61,myxococcota,A7HGD0|unreviewed|nitrate,4,3809.0,1619,618,38.17171093267449
Soil17.scaffold_274056314_c1_61,myxococcota,A0A947HI39|unreviewed|nitrate,5,3970.0,1610,642,39.87577639751553
Soil17.scaffold_332687915_c1_2,Bacteroidota,A0A399D723|unreviewed|nitrate,1,3978.0,1623,644,39.679605668515094
Soil17.scaffold_332687915_c1_2,Bacteroidota,A0A9D9VY91|unreviewed|nitrate,2,3946.0,1627,634,38.96742470805163
Soil17.scaffold_332687915_c1_2,Bacteroidota,A0A1G6KWR1|unreviewed|nitrate,3,4848.0,1515,813,53.663366336633665
Soil17.scaffold_332687915_c1_2,Bacteroidota,A0A1F3NZE7|unreviewed|nitrate,4,3993.0,1629,651,39.963167587476974
Soil17.scaffold_332687915_c1_2,Bacteroidota,A0A434AV88|unreviewed|nitrate,5,4870.0,1508,812,53.84615384615385
Soil17.scaffold_332687915_c1_2,Pseudomonadota,A0A149V6R9|unreviewed|4Fe-4S,1,4841.0,1519,816,53.71955233706386
Soil17.scaffold_332687915_c1_2,Pseudomonadota,A0A4Q7N714|unreviewed|nitrate,2,5240.0,1458,895,61.38545953360768
Soil17.scaffold_332687915_c1_2,Pseudomonadota,A0A0N9VQU4|unreviewed|nitrate,3,4955.0,1479,832,56.254225828262335
Soil17.scaffold_332687915_c1_2,Pseudomonadota,A0A5B0BNB7|unreviewed|nitrate,4,5069.0,1485,858,57.77777777777777
Soil17.scaffold_332687915_c1_2,Pseudomonadota,A0A7Z0I064|unreviewed|nitrate,5,5328.0,1449,913,63.00897170462388
Soil17.scaffold_332687915_c1_2,Bacillota,A0A1I1VAQ5|unreviewed|nitrate,1,4289.0,1598,706,44.180225281602006
Soil17.scaffold_332687915_c1_2,Bacillota,A0A5J5HPE3|unreviewed|nitrate,2,4229.0,1600,694,43.375
Soil17.scaffold_332687915_c1_2,Bacillota,A0A941E077|unreviewed|nitrate,3,4272.0,1586,699,44.073139974779316
Soil17.scaffold_332687915_c1_2,Bacillota,A0A2T5G6I1|unreviewed|nitrate,4,4441.0,1576,741,47.01776649746193
Soil17.scaffold_332687915_c1_2,Bacillota,A0A0R1H9J7|unreviewed|nitrate,5,4270.0,1599,699,43.71482176360225
Soil17.scaffold_332687915_c1_2,Actinomycetota,Q1AWQ7|unreviewed|Nitrate,1,4376.0,1570,730,46.496815286624205
Soil17.scaffold_332687915_c1_2,Actinomycetota,A0A511D6I2|unreviewed|Nitrate,2,4301.0,1614,725,44.919454770755884
Soil17.scaffold_332687915_c1_2,Actinomycetota,A0A7K0W3P6|unreviewed|Nitrate,3,4196.0,1603,698,43.543356207111664
Soil17.scaffold_332687915_c1_2,Actinomycetota,U1QE67|unreviewed|nitrate,4,4048.0,1661,663,39.9157134256472
Soil17.scaffold_332687915_c1_2,Actinomycetota,A0A8J3NMA7|unreviewed|nitrate,5,4189.0,1631,697,42.73451870018394
Soil17.scaffold_332687915_c1_2,acidobacteriota,A0A936F3S9|unreviewed|nitrate,1,4067.0,1608,661,41.10696517412935
Soil17.scaffold_332687915_c1_2,acidobacteriota,A0A953EJI2|unreviewed|nitrate,2,4042.0,1622,661,40.7521578298397
Soil17.scaffold_332687915_c1_2,acidobacteriota,A0A1F2RVC6|unreviewed|nitrate,3,4049.0,1626,659,40.528905289052894
Soil17.scaffold_332687915_c1_2,acidobacteriota,A0A9D7SI32|unreviewed|nitrate,4,4084.0,1605,664,41.37071651090343
Soil17.scaffold_332687915_c1_2,acidobacteriota,A0A1F2SV26|unreviewed|4Fe-4S,5,3281.0,1509,540,35.785288270377734
Soil17.scaffold_332687915_c1_2,chloroflexota,A0A2N2MAT5|unreviewed|nitrate,1,4135.0,1595,675,42.31974921630094
Soil17.scaffold_332687915_c1_2,chloroflexota,A0A949W021|unreviewed|nitrate,2,4041.0,1638,657,40.10989010989011
Soil17.scaffold_332687915_c1_2,chloroflexota,A0A1F8L172|unreviewed|nitrate,3,3967.0,1621,644,39.72856261566934
Soil17.scaffold_332687915_c1_2,chloroflexota,A0A8J6NLS7|unreviewed|nitrate,4,3996.0,1615,649,40.18575851393189
Soil17.scaffold_332687915_c1_2,chloroflexota,A0A2M8CTB5|unreviewed|nitrate,5,4016.0,1611,658,40.844196151458725
Soil17.scaffold_332687915_c1_2,verrucomicrobiota,A0A849XW34|unreviewed|nitrate,1,4113.0,1601,664,41.474078700811994
Soil17.scaffold_332687915_c1_2,verrucomicrobiota,A0A933UFK4|unreviewed|nitrate,2,4097.0,1614,672,41.63568773234201
Soil17.scaffold_332687915_c1_2,verrucomicrobiota,A0A934F0J8|unreviewed|nitrate,3,4087.0,1617,671,41.49659863945578
Soil17.scaffold_332687915_c1_2,verrucomicrobiota,A0A832HWY0|unreviewed|Nitrate,4,3755.0,1597,612,38.321853475266124
Soil17.scaffold_332687915_c1_2,verrucomicrobiota,A0A7C4LZE2|unreviewed|nitrate,5,4086.0,1618,672,41.5327564894932
Soil17.scaffold_332687915_c1_2,gemmatimonadota,A0A2D5ZQA8|unreviewed|nitrate,1,4016.0,1621,647,39.913633559531156
Soil17.scaffold_332687915_c1_2,gemmatimonadota,A0A524IW10|unreviewed|nitrate,2,4094.0,1611,684,42.45810055865922
Soil17.scaffold_332687915_c1_2,gemmatimonadota,A0A933BW52|unreviewed|nitrate,3,3911.0,1665,635,38.13813813813814
Soil17.scaffold_332687915_c1_2,gemmatimonadota,A0A945GIP3|unreviewed|nitrate,4,4070.0,1620,661,40.80246913580247
Soil17.scaffold_332687915_c1_2,gemmatimonadota,A0A9D7CFV4|unreviewed|nitrate,5,4021.0,1614,658,40.76827757125155
Soil17.scaffold_332687915_c1_2,myxococcota,Q2IJW3|unreviewed|nitrate,1,4067.0,1608,672,41.7910447761194
Soil17.scaffold_332687915_c1_2,myxococcota,B4ULS9|unreviewed|nitrate,2,4059.0,1607,669,41.63036714374611
Soil17.scaffold_332687915_c1_2,myxococcota,A0A928XR34|unreviewed|nitrate,3,3963.0,1619,641,39.59234095120445
Soil17.scaffold_332687915_c1_2,myxococcota,A7HGD0|unreviewed|nitrate,4,3927.0,1634,656,40.1468788249694
Soil17.scaffold_332687915_c1_2,myxococcota,A0A947HI39|unreviewed|nitrate,5,4154.0,1607,676,42.06596141879278
Soil3.scaffold_414071996_c1_8,Bacteroidota,A0A399D723|unreviewed|nitrate,1,3999.0,1590,644,40.503144654088054
Soil3.scaffold_414071996_c1_8,Bacteroidota,A0A9D9VY91|unreviewed|nitrate,2,4000.0,1594,646,40.52697616060226
Soil3.scaffold_414071996_c1_8,Bacteroidota,A0A1G6KWR1|unreviewed|nitrate,3,4214.0,1592,699,43.9070351758794
Soil3.scaffold_414071996_c1_8,Bacteroidota,A0A1F3NZE7|unreviewed|nitrate,4,4082.0,1575,659,41.84126984126984
Soil3.scaffold_414071996_c1_8,Bacteroidota,A0A434AV88|unreviewed|nitrate,5,4193.0,1586,686,43.253467843631775
Soil3.scaffold_414071996_c1_8,Pseudomonadota,A0A149V6R9|unreviewed|4Fe-4S,1,4305.0,1590,728,45.78616352201258
Soil3.scaffold_414071996_c1_8,Pseudomonadota,A0A4Q7N714|unreviewed|nitrate,2,4344.0,1586,722,45.523329129886505
Soil3.scaffold_414071996_c1_8,Pseudomonadota,A0A0N9VQU4|unreviewed|nitrate,3,4232.0,1574,699,44.40914866581957
Soil3.scaffold_414071996_c1_8,Pseudomonadota,A0A5B0BNB7|unreviewed|nitrate,4,4286.0,1595,712,44.63949843260188
Soil3.scaffold_414071996_c1_8,Pseudomonadota,A0A7Z0I064|unreviewed|nitrate,5,4359.0,1583,734,46.36765634870499
Soil3.scaffold_414071996_c1_8,Bacillota,A0A1I1VAQ5|unreviewed|nitrate,1,4421.0,1547,737,47.64059469941822
Soil3.scaffold_414071996_c1_8,Bacillota,A0A5J5HPE3|unreviewed|nitrate,2,4401.0,1537,729,47.430058555627845
Soil3.scaffold_414071996_c1_8,Bacillota,A0A941E077|unreviewed|nitrate,3,4380.0,1543,731,47.37524303305249
Soil3.scaffold_414071996_c1_8,Bacillota,A0A2T5G6I1|unreviewed|nitrate,4,4648.0,1514,785,51.849405548216644
Soil3.scaffold_414071996_c1_8,Bacillota,A0A0R1H9J7|unreviewed|nitrate,5,4255.0,1573,703,44.69167196439924
Soil3.scaffold_414071996_c1_8,Actinomycetota,Q1AWQ7|unreviewed|Nitrate,1,5096.0,1417,862,60.832745236414965
Soil3.scaffold_414071996_c1_8,Actinomycetota,A0A511D6I2|unreviewed|Nitrate,2,4748.0,1512,808,53.43915343915344
Soil3.scaffold_414071996_c1_8,Actinomycetota,A0A7K0W3P6|unreviewed|Nitrate,3,4837.0,1465,823,56.177474402730375
Soil3.scaffold_414071996_c1_8,Actinomycetota,U1QE67|unreviewed|nitrate,4,4490.0,1564,761,48.65728900255755
Soil3.scaffold_414071996_c1_8,Actinomycetota,A0A8J3NMA7|unreviewed|nitrate,5,4800.0,1492,814,54.557640750670245
Soil3.scaffold_414071996_c1_8,acidobacteriota,A0A936F3S9|unreviewed|nitrate,1,4087.0,1589,671,42.22781623662681
Soil3.scaffold_414071996_c1_8,acidobacteriota,A0A953EJI2|unreviewed|nitrate,2,4093.0,1589,669,42.1019509125236
Soil3.scaffold_414071996_c1_8,acidobacteriota,A0A1F2RVC6|unreviewed|nitrate,3,4131.0,1584,669,42.234848484848484
Soil3.scaffold_414071996_c1_8,acidobacteriota,A0A9D7SI32|unreviewed|nitrate,4,4101.0,1588,673,42.38035264483627
Soil3.scaffold_414071996_c1_8,acidobacteriota,A0A1F2SV26|unreviewed|4Fe-4S,5,3330.0,1479,552,37.32251521298174
Soil3.scaffold_414071996_c1_8,chloroflexota,A0A2N2MAT5|unreviewed|nitrate,1,4139.0,1572,673,42.8117048346056
Soil3.scaffold_414071996_c1_8,chloroflexota,A0A949W021|unreviewed|nitrate,2,4147.0,1582,683,43.173198482932996
Soil3.scaffold_414071996_c1_8,chloroflexota,A0A1F8L172|unreviewed|nitrate,3,4090.0,1576,676,42.89340101522843
Soil3.scaffold_414071996_c1_8,chloroflexota,A0A8J6NLS7|unreviewed|nitrate,4,4088.0,1565,659,42.108626198083066
Soil3.scaffold_414071996_c1_8,chloroflexota,A0A2M8CTB5|unreviewed|nitrate,5,4145.0,1559,683,43.810134701731876
Soil3.scaffold_414071996_c1_8,verrucomicrobiota,A0A849XW34|unreviewed|nitrate,1,4117.0,1589,681,42.857142857142854
Soil3.scaffold_414071996_c1_8,verrucomicrobiota,A0A933UFK4|unreviewed|nitrate,2,4108.0,1594,682,42.785445420326226
Soil3.scaffold_414071996_c1_8,verrucomicrobiota,A0A934F0J8|unreviewed|nitrate,3,4057.0,1591,667,41.92331866750472
Soil3.scaffold_414071996_c1_8,verrucomicrobiota,A0A832HWY0|unreviewed|Nitrate,4,3701.0,1570,606,38.598726114649686
Soil3.scaffold_414071996_c1_8,verrucomicrobiota,A0A7C4LZE2|unreviewed|nitrate,5,4076.0,1593,680,42.68675455116133
Soil3.scaffold_414071996_c1_8,gemmatimonadota,A0A2D5ZQA8|unreviewed|nitrate,1,4058.0,1598,669,41.8648310387985
Soil3.scaffold_414071996_c1_8,gemmatimonadota,A0A524IW10|unreviewed|nitrate,2,4164.0,1560,693,44.42307692307692
Soil3.scaffold_414071996_c1_8,gemmatimonadota,A0A933BW52|unreviewed|nitrate,3,4080.0,1611,661,41.03041589075109
Soil3.scaffold_414071996_c1_8,gemmatimonadota,A0A945GIP3|unreviewed|nitrate,4,4114.0,1601,677,42.28607120549657
Soil3.scaffold_414071996_c1_8,gemmatimonadota,A0A9D7CFV4|unreviewed|nitrate,5,4038.0,1594,657,41.21706398996236
Soil3.scaffold_414071996_c1_8,myxococcota,Q2IJW3|unreviewed|nitrate,1,4091.0,1574,682,43.32909783989835
Soil3.scaffold_414071996_c1_8,myxococcota,B4ULS9|unreviewed|nitrate,2,4081.0,1572,682,43.38422391857507
Soil3.scaffold_414071996_c1_8,myxococcota,A0A928XR34|unreviewed|nitrate,3,4034.0,1601,664,41.474078700811994
Soil3.scaffold_414071996_c1_8,myxococcota,A7HGD0|unreviewed|nitrate,4,3984.0,1593,675,42.3728813559322
Soil3.scaffold_414071996_c1_8,myxococcota,A0A947HI39|unreviewed|nitrate,5,4086.0,1596,671,42.042606516290725
Soil3.scaffold_333288240_c1_8,Bacteroidota,A0A399D723|unreviewed|nitrate,1,3959.0,1636,640,39.119804400978
Soil3.scaffold_333288240_c1_8,Bacteroidota,A0A9D9VY91|unreviewed|nitrate,2,3822.0,1661,609,36.66465984346779
Soil3.scaffold_333288240_c1_8,Bacteroidota,A0A1G6KWR1|unreviewed|nitrate,3,4179.0,1627,687,42.22495390288875
Soil3.scaffold_333288240_c1_8,Bacteroidota,A0A1F3NZE7|unreviewed|nitrate,4,4031.0,1615,652,40.37151702786378
Soil3.scaffold_333288240_c1_8,Bacteroidota,A0A434AV88|unreviewed|nitrate,5,4133.0,1635,673,41.162079510703364
Soil3.scaffold_333288240_c1_8,Pseudomonadota,A0A149V6R9|unreviewed|4Fe-4S,1,4272.0,1647,713,43.29083181542198
Soil3.scaffold_333288240_c1_8,Pseudomonadota,A0A4Q7N714|unreviewed|nitrate,2,4322.0,1629,717,44.01473296500921
Soil3.scaffold_333288240_c1_8,Pseudomonadota,A0A0N9VQU4|unreviewed|nitrate,3,4216.0,1615,688,42.60061919504644
Soil3.scaffold_333288240_c1_8,Pseudomonadota,A0A5B0BNB7|unreviewed|nitrate,4,4230.0,1656,702,42.391304347826086
Soil3.scaffold_333288240_c1_8,Pseudomonadota,A0A7Z0I064|unreviewed|nitrate,5,4265.0,1640,707,43.109756097560975
Soil3.scaffold_333288240_c1_8,Bacillota,A0A1I1VAQ5|unreviewed|nitrate,1,4382.0,1593,732,45.951035781544256
Soil3.scaffold_333288240_c1_8,Bacillota,A0A5J5HPE3|unreviewed|nitrate,2,4341.0,1594,720,45.1693851944793
Soil3.scaffold_333288240_c1_8,Bacillota,A0A941E077|unreviewed|nitrate,3,4316.0,1594,715,44.85570890840652
Soil3.scaffold_333288240_c1_8,Bacillota,A0A2T5G6I1|unreviewed|nitrate,4,4596.0,1568,783,49.93622448979592
Soil3.scaffold_333288240_c1_8,Bacillota,A0A0R1H9J7|unreviewed|nitrate,5,4276.0,1596,708,44.3609022556391
Soil3.scaffold_333288240_c1_8,Actinomycetota,Q1AWQ7|unreviewed|Nitrate,1,4982.0,1492,853,57.171581769437
Soil3.scaffold_333288240_c1_8,Actinomycetota,A0A511D6I2|unreviewed|Nitrate,2,4910.0,1529,847,55.39568345323741
Soil3.scaffold_333288240_c1_8,Actinomycetota,A0A7K0W3P6|unreviewed|Nitrate,3,4877.0,1497,838,55.978623914495664
Soil3.scaffold_333288240_c1_8,Actinomycetota,U1QE67|unreviewed|nitrate,4,4592.0,1593,777,48.7758945386064
Soil3.scaffold_333288240_c1_8,Actinomycetota,A0A8J3NMA7|unreviewed|nitrate,5,4939.0,1510,847,56.092715231788084
Soil3.scaffold_333288240_c1_8,acidobacteriota,A0A936F3S9|unreviewed|nitrate,1,4091.0,1623,673,41.466420209488604
Soil3.scaffold_333288240_c1_8,acidobacteriota,A0A953EJI2|unreviewed|nitrate,2,4046.0,1638,660,40.29304029304029
Soil3.scaffold_333288240_c1_8,acidobacteriota,A0A1F2RVC6|unreviewed|nitrate,3,4065.0,1641,664,40.4631322364412
Soil3.scaffold_333288240_c1_8,acidobacteriota,A0A9D7SI32|unreviewed|nitrate,4,4091.0,1623,674,41.52803450400493
Soil3.scaffold_333288240_c1_8,acidobacteriota,A0A1F2SV26|unreviewed|4Fe-4S,5,3294.0,1522,547,35.939553219448094
Soil3.scaffold_333288240_c1_8,chloroflexota,A0A2N2MAT5|unreviewed|nitrate,1,4069.0,1627,662,40.688383527965584
Soil3.scaffold_333288240_c1_8,chloroflexota,A0A949W021|unreviewed|nitrate,2,4073.0,1630,663,40.67484662576687
Soil3.scaffold_333288240_c1_8,chloroflexota,A0A1F8L172|unreviewed|nitrate,3,4037.0,1620,656,40.49382716049383
Soil3.scaffold_333288240_c1_8,chloroflexota,A0A8J6NLS7|unreviewed|nitrate,4,4095.0,1619,665,41.07473749227918
Soil3.scaffold_333288240_c1_8,chloroflexota,A0A2M8CTB5|unreviewed|nitrate,5,4086.0,1615,672,41.60990712074303
Soil3.scaffold_333288240_c1_8,verrucomicrobiota,A0A849XW34|unreviewed|nitrate,1,4052.0,1629,662,40.638428483732355
Soil3.scaffold_333288240_c1_8,verrucomicrobiota,A0A933UFK4|unreviewed|nitrate,2,4017.0,1639,656,40.02440512507627
Soil3.scaffold_333288240_c1_8,verrucomicrobiota,A0A934F0J8|unreviewed|nitrate,3,3993.0,1640,650,39.63414634146341
Soil3.scaffold_333288240_c1_8,verrucomicrobiota,A0A832HWY0|unreviewed|Nitrate,4,3637.0,1618,594,36.711990111248454
Soil3.scaffold_333288240_c1_8,verrucomicrobiota,A0A7C4LZE2|unreviewed|nitrate,5,3987.0,1634,651,39.840881272949815
Soil3.scaffold_333288240_c1_8,gemmatimonadota,A0A2D5ZQA8|unreviewed|nitrate,1,4044.0,1635,663,40.550458715596335
Soil3.scaffold_333288240_c1_8,gemmatimonadota,A0A524IW10|unreviewed|nitrate,2,4072.0,1619,677,41.81593576281655
Soil3.scaffold_333288240_c1_8,gemmatimonadota,A0A933BW52|unreviewed|nitrate,3,4062.0,1665,668,40.12012012012012
Soil3.scaffold_333288240_c1_8,gemmatimonadota,A0A945GIP3|unreviewed|nitrate,4,4052.0,1651,667,40.39975772259237
Soil3.scaffold_333288240_c1_8,gemmatimonadota,A0A9D7CFV4|unreviewed|nitrate,5,3998.0,1643,652,39.683505782105904
Soil3.scaffold_333288240_c1_8,myxococcota,Q2IJW3|unreviewed|nitrate,1,4090.0,1627,689,42.3478795328826
Soil3.scaffold_333288240_c1_8,myxococcota,B4ULS9|unreviewed|nitrate,2,4078.0,1627,685,42.1020282728949
Soil3.scaffold_333288240_c1_8,myxococcota,A0A928XR34|unreviewed|nitrate,3,3937.0,1651,641,38.82495457298607
Soil3.scaffold_333288240_c1_8,myxococcota,A7HGD0|unreviewed|nitrate,4,4029.0,1626,675,41.51291512915129
Soil3.scaffold_333288240_c1_8,myxococcota,A0A947HI39|unreviewed|nitrate,5,3996.0,1655,651,39.33534743202417
Soil3.scaffold_530221301_c1_2,Bacteroidota,A0A399D723|unreviewed|nitrate,1,3938.0,1572,637,40.521628498727736
Soil3.scaffold_530221301_c1_2,Bacteroidota,A0A9D9VY91|unreviewed|nitrate,2,3871.0,1580,622,39.36708860759494
Soil3.scaffold_530221301_c1_2,Bacteroidota,A0A1G6KWR1|unreviewed|nitrate,3,4128.0,1577,679,43.056436271401395
Soil3.scaffold_530221301_c1_2,Bacteroidota,A0A1F3NZE7|unreviewed|nitrate,4,3989.0,1560,647,41.47435897435898
Soil3.scaffold_530221301_c1_2,Bacteroidota,A0A434AV88|unreviewed|nitrate,5,4082.0,1577,663,42.04185161699429
Soil3.scaffold_530221301_c1_2,Pseudomonadota,A0A149V6R9|unreviewed|4Fe-4S,1,4186.0,1590,703,44.21383647798742
Soil3.scaffold_530221301_c1_2,Pseudomonadota,A0A4Q7N714|unreviewed|nitrate,2,4247.0,1574,707,44.91740787801779
Soil3.scaffold_530221301_c1_2,Pseudomonadota,A0A0N9VQU4|unreviewed|nitrate,3,4149.0,1556,676,43.44473007712082
Soil3.scaffold_530221301_c1_2,Pseudomonadota,A0A5B0BNB7|unreviewed|nitrate,4,4100.0,1591,670,42.11187932118165
Soil3.scaffold_530221301_c1_2,Pseudomonadota,A0A7Z0I064|unreviewed|nitrate,5,4184.0,1579,690,43.69854338188727
Soil3.scaffold_530221301_c1_2,Bacillota,A0A1I1VAQ5|unreviewed|nitrate,1,4402.0,1522,743,48.81734559789751
Soil3.scaffold_530221301_c1_2,Bacillota,A0A5J5HPE3|unreviewed|nitrate,2,4301.0,1525,713,46.75409836065574
Soil3.scaffold_530221301_c1_2,Bacillota,A0A941E077|unreviewed|nitrate,3,4265.0,1529,705,46.1085676913015
Soil3.scaffold_530221301_c1_2,Bacillota,A0A2T5G6I1|unreviewed|nitrate,4,4592.0,1498,783,52.26969292389854
Soil3.scaffold_530221301_c1_2,Bacillota,A0A0R1H9J7|unreviewed|nitrate,5,4197.0,1550,695,44.83870967741935
Soil3.scaffold_530221301_c1_2,Actinomycetota,Q1AWQ7|unreviewed|Nitrate,1,5075.0,1403,870,62.00997861724875
Soil3.scaffold_530221301_c1_2,Actinomycetota,A0A511D6I2|unreviewed|Nitrate,2,4661.0,1500,800,53.333333333333336
Soil3.scaffold_530221301_c1_2,Actinomycetota,A0A7K0W3P6|unreviewed|Nitrate,3,4759.0,1458,818,56.104252400548695
Soil3.scaffold_530221301_c1_2,Actinomycetota,U1QE67|unreviewed|nitrate,4,4428.0,1553,743,47.842884739214426
Soil3.scaffold_530221301_c1_2,Actinomycetota,A0A8J3NMA7|unreviewed|nitrate,5,4642.0,1492,792,53.08310991957105
Soil3.scaffold_530221301_c1_2,acidobacteriota,A0A936F3S9|unreviewed|nitrate,1,3945.0,1575,647,41.079365079365076
Soil3.scaffold_530221301_c1_2,acidobacteriota,A0A953EJI2|unreviewed|nitrate,2,4058.0,1559,662,42.46311738293778
Soil3.scaffold_530221301_c1_2,acidobacteriota,A0A1F2RVC6|unreviewed|nitrate,3,4033.0,1557,658,42.26075786769428
Soil3.scaffold_530221301_c1_2,acidobacteriota,A0A9D7SI32|unreviewed|nitrate,4,3944.0,1576,646,40.98984771573604
Soil3.scaffold_530221301_c1_2,acidobacteriota,A0A1F2SV26|unreviewed|4Fe-4S,5,3272.0,1450,543,37.44827586206896
Soil3.scaffold_530221301_c1_2,chloroflexota,A0A2N2MAT5|unreviewed|nitrate,1,4107.0,1562,682,43.66197183098591
Soil3.scaffold_530221301_c1_2,chloroflexota,A0A949W021|unreviewed|nitrate,2,4046.0,1567,661,42.1825143586471
Soil3.scaffold_530221301_c1_2,chloroflexota,A0A1F8L172|unreviewed|nitrate,3,4012.0,1547,657,42.46929541047188
Soil3.scaffold_530221301_c1_2,chloroflexota,A0A8J6NLS7|unreviewed|nitrate,4,4082.0,1542,668,43.320363164721144
Soil3.scaffold_530221301_c1_2,chloroflexota,A0A2M8CTB5|unreviewed|nitrate,5,4018.0,1555,658,42.31511254019293
Soil3.scaffold_530221301_c1_2,verrucomicrobiota,A0A849XW34|unreviewed|nitrate,1,4055.0,1565,669,42.74760383386582
Soil3.scaffold_530221301_c1_2,verrucomicrobiota,A0A933UFK4|unreviewed|nitrate,2,4037.0,1574,668,42.43964421855146
Soil3.scaffold_530221301_c1_2,verrucomicrobiota,A0A934F0J8|unreviewed|nitrate,3,4040.0,1566,668,42.65644955300127
Soil3.scaffold_530221301_c1_2,verrucomicrobiota,A0A832HWY0|unreviewed|Nitrate,4,3704.0,1542,614,39.81841763942931
Soil3.scaffold_530221301_c1_2,verrucomicrobiota,A0A7C4LZE2|unreviewed|nitrate,5,4055.0,1562,676,43.27784891165173
Soil3.scaffold_530221301_c1_2,gemmatimonadota,A0A2D5ZQA8|unreviewed|nitrate,1,3986.0,1559,648,41.56510583707505
Soil3.scaffold_530221301_c1_2,gemmatimonadota,A0A524IW10|unreviewed|nitrate,2,4096.0,1542,675,43.77431906614786
Soil3.scaffold_530221301_c1_2,gemmatimonadota,A0A933BW52|unreviewed|nitrate,3,3993.0,1613,662,41.04153750774954
Soil3.scaffold_530221301_c1_2,gemmatimonadota,A0A945GIP3|unreviewed|nitrate,4,4028.0,1566,651,41.57088122605364
Soil3.scaffold_530221301_c1_2,gemmatimonadota,A0A9D7CFV4|unreviewed|nitrate,5,3959.0,1574,645,40.978398983481576
Soil3.scaffold_530221301_c1_2,myxococcota,Q2IJW3|unreviewed|nitrate,1,4036.0,1559,675,43.29698524695317
Soil3.scaffold_530221301_c1_2,myxococcota,B4ULS9|unreviewed|nitrate,2,4044.0,1557,676,43.41682723185613
Soil3.scaffold_530221301_c1_2,myxococcota,A0A928XR34|unreviewed|nitrate,3,3967.0,1571,646,41.12030553787396
Soil3.scaffold_530221301_c1_2,myxococcota,A7HGD0|unreviewed|nitrate,4,3964.0,1565,670,42.81150159744409
Soil3.scaffold_530221301_c1_2,myxococcota,A0A947HI39|unreviewed|nitrate,5,4018.0,1579,666,42.1785940468651
Soil3.scaffold_408070428_c1_2,Bacteroidota,A0A399D723|unreviewed|nitrate,1,3946.0,1651,642,38.885523924894
Soil3.scaffold_408070428_c1_2,Bacteroidota,A0A9D9VY91|unreviewed|nitrate,2,3961.0,1639,639,38.987187309334956
Soil3.scaffold_408070428_c1_2,Bacteroidota,A0A1G6KWR1|unreviewed|nitrate,3,4850.0,1530,822,53.72549019607843
Soil3.scaffold_408070428_c1_2,Bacteroidota,A0A1F3NZE7|unreviewed|nitrate,4,4041.0,1639,660,40.26845637583892
Soil3.scaffold_408070428_c1_2,Bacteroidota,A0A434AV88|unreviewed|nitrate,5,4832.0,1533,816,53.22896281800391
Soil3.scaffold_408070428_c1_2,Pseudomonadota,A0A149V6R9|unreviewed|4Fe-4S,1,4705.0,1566,790,50.44699872286079
Soil3.scaffold_408070428_c1_2,Pseudomonadota,A0A4Q7N714|unreviewed|nitrate,2,5185.0,1486,884,59.4885598923284
Soil3.scaffold_408070428_c1_2,Pseudomonadota,A0A0N9VQU4|unreviewed|nitrate,3,5048.0,1493,861,57.669122572002685
Soil3.scaffold_408070428_c1_2,Pseudomonadota,A0A5B0BNB7|unreviewed|nitrate,4,5154.0,1504,881,58.577127659574465
Soil3.scaffold_408070428_c1_2,Pseudomonadota,A0A7Z0I064|unreviewed|nitrate,5,5226.0,1486,904,60.83445491251682
Soil3.scaffold_408070428_c1_2,Bacillota,A0A1I1VAQ5|unreviewed|nitrate,1,4255.0,1630,704,43.190184049079754
Soil3.scaffold_408070428_c1_2,Bacillota,A0A5J5HPE3|unreviewed|nitrate,2,4248.0,1622,701,43.21824907521578
Soil3.scaffold_408070428_c1_2,Bacillota,A0A941E077|unreviewed|nitrate,3,4326.0,1611,722,44.816883923029174
Soil3.scaffold_408070428_c1_2,Bacillota,A0A2T5G6I1|unreviewed|nitrate,4,4467.0,1590,747,46.9811320754717
Soil3.scaffold_408070428_c1_2,Bacillota,A0A0R1H9J7|unreviewed|nitrate,5,4314.0,1619,714,44.10129709697344
Soil3.scaffold_408070428_c1_2,Actinomycetota,Q1AWQ7|unreviewed|Nitrate,1,4397.0,1588,732,46.095717884130984
Soil3.scaffold_408070428_c1_2,Actinomycetota,A0A511D6I2|unreviewed|Nitrate,2,4247.0,1648,717,43.50728155339806
Soil3.scaffold_408070428_c1_2,Actinomycetota,A0A7K0W3P6|unreviewed|Nitrate,3,4216.0,1619,699,43.17479925880173
Soil3.scaffold_408070428_c1_2,Actinomycetota,U1QE67|unreviewed|nitrate,4,4097.0,1677,679,40.48896839594514
Soil3.scaffold_408070428_c1_2,Actinomycetota,A0A8J3NMA7|unreviewed|nitrate,5,4180.0,1640,688,41.951219512195124
Soil3.scaffold_408070428_c1_2,acidobacteriota,A0A936F3S9|unreviewed|nitrate,1,4049.0,1634,659,40.33047735618115
Soil3.scaffold_408070428_c1_2,acidobacteriota,A0A953EJI2|unreviewed|nitrate,2,4112.0,1639,684,41.732763880414886
Soil3.scaffold_408070428_c1_2,acidobacteriota,A0A1F2RVC6|unreviewed|nitrate,3,4078.0,1646,671,40.765492102065615
Soil3.scaffold_408070428_c1_2,acidobacteriota,A0A9D7SI32|unreviewed|nitrate,4,4055.0,1637,661,40.3787416004887
Soil3.scaffold_408070428_c1_2,acidobacteriota,A0A1F2SV26|unreviewed|4Fe-4S,5,3327.0,1523,555,36.44123440577807
Soil3.scaffold_408070428_c1_2,chloroflexota,A0A2N2MAT5|unreviewed|nitrate,1,4127.0,1631,678,41.56958920907419
Soil3.scaffold_408070428_c1_2,chloroflexota,A0A949W021|unreviewed|nitrate,2,4100.0,1654,682,41.23337363966142
Soil3.scaffold_408070428_c1_2,chloroflexota,A0A1F8L172|unreviewed|nitrate,3,4064.0,1625,666,40.98461538461539
Soil3.scaffold_408070428_c1_2,chloroflexota,A0A8J6NLS7|unreviewed|nitrate,4,4088.0,1622,671,41.36868064118372
Soil3.scaffold_408070428_c1_2,chloroflexota,A0A2M8CTB5|unreviewed|nitrate,5,4099.0,1620,680,41.9753086419753
Soil3.scaffold_408070428_c1_2,verrucomicrobiota,A0A849XW34|unreviewed|nitrate,1,4121.0,1636,670,40.95354523227384
Soil3.scaffold_408070428_c1_2,verrucomicrobiota,A0A933UFK4|unreviewed|nitrate,2,4146.0,1634,682,41.73806609547124
Soil3.scaffold_408070428_c1_2,verrucomicrobiota,A0A934F0J8|unreviewed|nitrate,3,4173.0,1625,692,42.58461538461538
Soil3.scaffold_408070428_c1_2,verrucomicrobiota,A0A832HWY0|unreviewed|Nitrate,4,3796.0,1606,623,38.7920298879203
Soil3.scaffold_408070428_c1_2,verrucomicrobiota,A0A7C4LZE2|unreviewed|nitrate,5,4136.0,1631,684,41.93746167995095
Soil3.scaffold_408070428_c1_2,gemmatimonadota,A0A2D5ZQA8|unreviewed|nitrate,1,4044.0,1646,658,39.97569866342649
Soil3.scaffold_408070428_c1_2,gemmatimonadota,A0A524IW10|unreviewed|nitrate,2,4090.0,1632,681,41.72794117647059
Soil3.scaffold_408070428_c1_2,gemmatimonadota,A0A933BW52|unreviewed|nitrate,3,3917.0,1690,637,37.69230769230769
Soil3.scaffold_408070428_c1_2,gemmatimonadota,A0A945GIP3|unreviewed|nitrate,4,4069.0,1653,668,40.41137326073805
Soil3.scaffold_408070428_c1_2,gemmatimonadota,A0A9D7CFV4|unreviewed|nitrate,5,4044.0,1642,665,40.49939098660171
Soil3.scaffold_408070428_c1_2,myxococcota,Q2IJW3|unreviewed|nitrate,1,4131.0,1621,687,42.38124614435533
Soil3.scaffold_408070428_c1_2,myxococcota,B4ULS9|unreviewed|nitrate,2,4117.0,1626,685,42.12792127921279
Soil3.scaffold_408070428_c1_2,myxococcota,A0A928XR34|unreviewed|nitrate,3,4003.0,1647,654,39.708561020036434
Soil3.scaffold_408070428_c1_2,myxococcota,A7HGD0|unreviewed|nitrate,4,3921.0,1658,655,39.50542822677925
Soil3.scaffold_408070428_c1_2,myxococcota,A0A947HI39|unreviewed|nitrate,5,4160.0,1639,685,41.79377669310555
Soil3.scaffold_285743490_c1_2,Bacteroidota,A0A399D723|unreviewed|nitrate,1,3943.0,1621,639,39.42011104256632
Soil3.scaffold_285743490_c1_2,Bacteroidota,A0A9D9VY91|unreviewed|nitrate,2,3918.0,1610,629,39.06832298136646
Soil3.scaffold_285743490_c1_2,Bacteroidota,A0A1G6KWR1|unreviewed|nitrate,3,4830.0,1498,823,54.939919893190925
Soil3.scaffold_285743490_c1_2,Bacteroidota,A0A1F3NZE7|unreviewed|nitrate,4,4021.0,1611,656,40.72004965859715
Soil3.scaffold_285743490_c1_2,Bacteroidota,A0A434AV88|unreviewed|nitrate,5,4829.0,1495,817,54.64882943143813
Soil3.scaffold_285743490_c1_2,Pseudomonadota,A0A149V6R9|unreviewed|4Fe-4S,1,4734.0,1519,799,52.60039499670837
Soil3.scaffold_285743490_c1_2,Pseudomonadota,A0A4Q7N714|unreviewed|nitrate,2,5241.0,1453,901,62.009635237439774
Soil3.scaffold_285743490_c1_2,Pseudomonadota,A0A0N9VQU4|unreviewed|nitrate,3,5035.0,1463,860,58.783321941216684
Soil3.scaffold_285743490_c1_2,Pseudomonadota,A0A5B0BNB7|unreviewed|nitrate,4,5121.0,1482,887,59.85155195681512
Soil3.scaffold_285743490_c1_2,Pseudomonadota,A0A7Z0I064|unreviewed|nitrate,5,5095.0,1469,875,59.5643294758339
Soil3.scaffold_285743490_c1_2,Bacillota,A0A1I1VAQ5|unreviewed|nitrate,1,4254.0,1588,699,44.0176322418136
Soil3.scaffold_285743490_c1_2,Bacillota,A0A5J5HPE3|unreviewed|nitrate,2,4205.0,1588,680,42.82115869017632
Soil3.scaffold_285743490_c1_2,Bacillota,A0A941E077|unreviewed|nitrate,3,4251.0,1587,701,44.17139256458727
Soil3.scaffold_285743490_c1_2,Bacillota,A0A2T5G6I1|unreviewed|nitrate,4,4454.0,1568,753,48.02295918367347
Soil3.scaffold_285743490_c1_2,Bacillota,A0A0R1H9J7|unreviewed|nitrate,5,4235.0,1589,694,43.675267463813725
Soil3.scaffold_285743490_c1_2,Actinomycetota,Q1AWQ7|unreviewed|Nitrate,1,4437.0,1559,745,47.78704297626683
Soil3.scaffold_285743490_c1_2,Actinomycetota,A0A511D6I2|unreviewed|Nitrate,2,4282.0,1612,721,44.72704714640198
Soil3.scaffold_285743490_c1_2,Actinomycetota,A0A7K0W3P6|unreviewed|Nitrate,3,4169.0,1597,695,43.51909830933
Soil3.scaffold_285743490_c1_2,Actinomycetota,U1QE67|unreviewed|nitrate,4,4020.0,1664,663,39.84375
Soil3.scaffold_285743490_c1_2,Actinomycetota,A0A8J3NMA7|unreviewed|nitrate,5,4144.0,1621,685,42.257865515114126
Soil3.scaffold_285743490_c1_2,acidobacteriota,A0A936F3S9|unreviewed|nitrate,1,4018.0,1622,654,40.32059186189889
Soil3.scaffold_285743490_c1_2,acidobacteriota,A0A953EJI2|unreviewed|nitrate,2,4070.0,1615,669,41.424148606811144
Soil3.scaffold_285743490_c1_2,acidobacteriota,A0A1F2RVC6|unreviewed|nitrate,3,4024.0,1618,656,40.54388133498146
Soil3.scaffold_285743490_c1_2,acidobacteriota,A0A9D7SI32|unreviewed|nitrate,4,4024.0,1621,656,40.4688463911166
Soil3.scaffold_285743490_c1_2,acidobacteriota,A0A1F2SV26|unreviewed|4Fe-4S,5,3258.0,1497,539,36.00534402137608
Soil3.scaffold_285743490_c1_2,chloroflexota,A0A2N2MAT5|unreviewed|nitrate,1,4116.0,1597,675,42.26675015654352
Soil3.scaffold_285743490_c1_2,chloroflexota,A0A949W021|unreviewed|nitrate,2,4063.0,1614,666,41.2639405204461
Soil3.scaffold_285743490_c1_2,chloroflexota,A0A1F8L172|unreviewed|nitrate,3,4036.0,1604,664,41.39650872817955
Soil3.scaffold_285743490_c1_2,chloroflexota,A0A8J6NLS7|unreviewed|nitrate,4,4010.0,1612,658,40.81885856079405
Soil3.scaffold_285743490_c1_2,chloroflexota,A0A2M8CTB5|unreviewed|nitrate,5,4062.0,1590,673,42.327044025157235
Soil3.scaffold_285743490_c1_2,verrucomicrobiota,A0A849XW34|unreviewed|nitrate,1,4140.0,1599,679,42.464040025015635
Soil3.scaffold_285743490_c1_2,verrucomicrobiota,A0A933UFK4|unreviewed|nitrate,2,4111.0,1604,679,42.33167082294264
Soil3.scaffold_285743490_c1_2,verrucomicrobiota,A0A934F0J8|unreviewed|nitrate,3,4111.0,1603,681,42.48284466625078
Soil3.scaffold_285743490_c1_2,verrucomicrobiota,A0A832HWY0|unreviewed|Nitrate,4,3741.0,1576,614,38.95939086294416
Soil3.scaffold_285743490_c1_2,verrucomicrobiota,A0A7C4LZE2|unreviewed|nitrate,5,4096.0,1610,684,42.484472049689444
Soil3.scaffold_285743490_c1_2,gemmatimonadota,A0A2D5ZQA8|unreviewed|nitrate,1,4067.0,1615,676,41.857585139318886
Soil3.scaffold_285743490_c1_2,gemmatimonadota,A0A524IW10|unreviewed|nitrate,2,4081.0,1595,680,42.63322884012539
Soil3.scaffold_285743490_c1_2,gemmatimonadota,A0A933BW52|unreviewed|nitrate,3,4005.0,1651,662,40.09691096305269
Soil3.scaffold_285743490_c1_2,gemmatimonadota,A0A945GIP3|unreviewed|nitrate,4,4059.0,1614,666,41.2639405204461
Soil3.scaffold_285743490_c1_2,gemmatimonadota,A0A9D7CFV4|unreviewed|nitrate,5,3976.0,1617,650,40.19789734075449
Soil3.scaffold_285743490_c1_2,myxococcota,Q2IJW3|unreviewed|nitrate,1,4121.0,1599,692,43.277048155096935
Soil3.scaffold_285743490_c1_2,myxococcota,B4ULS9|unreviewed|nitrate,2,4108.0,1603,690,43.0442919525889
Soil3.scaffold_285743490_c1_2,myxococcota,A0A928XR34|unreviewed|nitrate,3,3956.0,1617,642,39.70315398886827
Soil3.scaffold_285743490_c1_2,myxococcota,A7HGD0|unreviewed|nitrate,4,3963.0,1616,664,41.089108910891085
Soil3.scaffold_285743490_c1_2,myxococcota,A0A947HI39|unreviewed|nitrate,5,4153.0,1600,685,42.8125
Soil5.scaffold_133269568_c1_66,Bacteroidota,A0A399D723|unreviewed|nitrate,1,4253.0,1520,695,45.723684210526315
Soil5.scaffold_133269568_c1_66,Bacteroidota,A0A9D9VY91|unreviewed|nitrate,2,4076.0,1552,663,42.71907216494845
Soil5.scaffold_133269568_c1_66,Bacteroidota,A0A1G6KWR1|unreviewed|nitrate,3,3977.0,1592,646,40.57788944723618
Soil5.scaffold_133269568_c1_66,Bacteroidota,A0A1F3NZE7|unreviewed|nitrate,4,4260.0,1515,693,45.742574257425744
Soil5.scaffold_133269568_c1_66,Bacteroidota,A0A434AV88|unreviewed|nitrate,5,3955.0,1592,644,40.45226130653266
Soil5.scaffold_133269568_c1_66,Pseudomonadota,A0A149V6R9|unreviewed|4Fe-4S,1,4001.0,1598,653,40.86357947434293
Soil5.scaffold_133269568_c1_66,Pseudomonadota,A0A4Q7N714|unreviewed|nitrate,2,3983.0,1614,645,39.96282527881041
Soil5.scaffold_133269568_c1_66,Pseudomonadota,A0A0N9VQU4|unreviewed|nitrate,3,3953.0,1595,642,40.25078369905956
Soil5.scaffold_133269568_c1_66,Pseudomonadota,A0A5B0BNB7|unreviewed|nitrate,4,4009.0,1625,654,40.246153846153845
Soil5.scaffold_133269568_c1_66,Pseudomonadota,A0A7Z0I064|unreviewed|nitrate,5,4003.0,1602,655,40.88639200998752
Soil5.scaffold_133269568_c1_66,Bacillota,A0A1I1VAQ5|unreviewed|nitrate,1,3982.0,1597,646,40.45084533500313
Soil5.scaffold_133269568_c1_66,Bacillota,A0A5J5HPE3|unreviewed|nitrate,2,4035.0,1586,665,41.92938209331652
Soil5.scaffold_133269568_c1_66,Bacillota,A0A941E077|unreviewed|nitrate,3,3941.0,1583,638,40.30322173089071
Soil5.scaffold_133269568_c1_66,Bacillota,A0A2T5G6I1|unreviewed|nitrate,4,4090.0,1576,674,42.766497461928935
Soil5.scaffold_133269568_c1_66,Bacillota,A0A0R1H9J7|unreviewed|nitrate,5,3927.0,1596,632,39.59899749373433
Soil5.scaffold_133269568_c1_66,Actinomycetota,Q1AWQ7|unreviewed|Nitrate,1,4041.0,1560,661,42.37179487179487
Soil5.scaffold_133269568_c1_66,Actinomycetota,A0A511D6I2|unreviewed|Nitrate,2,3963.0,1614,654,40.520446096654275
Soil5.scaffold_133269568_c1_66,Actinomycetota,A0A7K0W3P6|unreviewed|Nitrate,3,3876.0,1592,630,39.572864321608044
Soil5.scaffold_133269568_c1_66,Actinomycetota,U1QE67|unreviewed|nitrate,4,3811.0,1655,629,38.00604229607251
Soil5.scaffold_133269568_c1_66,Actinomycetota,A0A8J3NMA7|unreviewed|nitrate,5,3907.0,1610,643,39.93788819875776
Soil5.scaffold_133269568_c1_66,acidobacteriota,A0A936F3S9|unreviewed|nitrate,1,4363.0,1501,720,47.96802131912059
Soil5.scaffold_133269568_c1_66,acidobacteriota,A0A953EJI2|unreviewed|nitrate,2,4366.0,1509,720,47.713717693836976
Soil5.scaffold_133269568_c1_66,acidobacteriota,A0A1F2RVC6|unreviewed|nitrate,3,4325.0,1513,711,46.99272967614012
Soil5.scaffold_133269568_c1_66,acidobacteriota,A0A9D7SI32|unreviewed|nitrate,4,4371.0,1501,722,48.10126582278481
Soil5.scaffold_133269568_c1_66,acidobacteriota,A0A1F2SV26|unreviewed|4Fe-4S,5,3496.0,1412,577,40.86402266288952
Soil5.scaffold_133269568_c1_66,chloroflexota,A0A2N2MAT5|unreviewed|nitrate,1,4369.0,1514,726,47.95244385733157
Soil5.scaffold_133269568_c1_66,chloroflexota,A0A949W021|unreviewed|nitrate,2,4253.0,1529,702,45.91236102027469
Soil5.scaffold_133269568_c1_66,chloroflexota,A0A1F8L172|unreviewed|nitrate,3,4305.0,1500,723,48.199999999999996
Soil5.scaffold_133269568_c1_66,chloroflexota,A0A8J6NLS7|unreviewed|nitrate,4,4329.0,1499,717,47.831887925283525
Soil5.scaffold_133269568_c1_66,chloroflexota,A0A2M8CTB5|unreviewed|nitrate,5,4382.0,1486,729,49.0578734858681
Soil5.scaffold_133269568_c1_66,verrucomicrobiota,A0A849XW34|unreviewed|nitrate,1,4347.0,1520,727,47.828947368421055
Soil5.scaffold_133269568_c1_66,verrucomicrobiota,A0A933UFK4|unreviewed|nitrate,2,4259.0,1540,708,45.97402597402597
Soil5.scaffold_133269568_c1_66,verrucomicrobiota,A0A934F0J8|unreviewed|nitrate,3,4204.0,1537,697,45.34808067664281
Soil5.scaffold_133269568_c1_66,verrucomicrobiota,A0A832HWY0|unreviewed|Nitrate,4,3893.0,1518,652,42.95125164690382
Soil5.scaffold_133269568_c1_66,verrucomicrobiota,A0A7C4LZE2|unreviewed|nitrate,5,4232.0,1535,700,45.60260586319218
Soil5.scaffold_133269568_c1_66,gemmatimonadota,A0A2D5ZQA8|unreviewed|nitrate,1,4289.0,1533,710,46.31441617742988
Soil5.scaffold_133269568_c1_66,gemmatimonadota,A0A524IW10|unreviewed|nitrate,2,4389.0,1502,735,48.934753661784285
Soil5.scaffold_133269568_c1_66,gemmatimonadota,A0A933BW52|unreviewed|nitrate,3,3969.0,1604,639,39.83790523690773
Soil5.scaffold_133269568_c1_66,gemmatimonadota,A0A945GIP3|unreviewed|nitrate,4,4345.0,1511,712,47.12111184645929
Soil5.scaffold_133269568_c1_66,gemmatimonadota,A0A9D7CFV4|unreviewed|nitrate,5,4234.0,1535,693,45.14657980456026
Soil5.scaffold_133269568_c1_66,myxococcota,Q2IJW3|unreviewed|nitrate,1,4324.0,1520,723,47.56578947368421
Soil5.scaffold_133269568_c1_66,myxococcota,B4ULS9|unreviewed|nitrate,2,4306.0,1523,722,47.406434668417596
Soil5.scaffold_133269568_c1_66,myxococcota,A0A928XR34|unreviewed|nitrate,3,4180.0,1536,689,44.85677083333333
Soil5.scaffold_133269568_c1_66,myxococcota,A7HGD0|unreviewed|nitrate,4,4037.0,1554,678,43.62934362934363
Soil5.scaffold_133269568_c1_66,myxococcota,A0A947HI39|unreviewed|nitrate,5,4207.0,1544,688,44.559585492227974
Soil5.scaffold_215117222_c1_59,Bacteroidota,A0A399D723|unreviewed|nitrate,1,3998.0,1646,655,39.79343863912515
Soil5.scaffold_215117222_c1_59,Bacteroidota,A0A9D9VY91|unreviewed|nitrate,2,3964.0,1650,642,38.90909090909091
Soil5.scaffold_215117222_c1_59,Bacteroidota,A0A1G6KWR1|unreviewed|nitrate,3,4798.0,1544,803,52.00777202072538
Soil5.scaffold_215117222_c1_59,Bacteroidota,A0A1F3NZE7|unreviewed|nitrate,4,4042.0,1643,664,40.4138770541692
Soil5.scaffold_215117222_c1_59,Bacteroidota,A0A434AV88|unreviewed|nitrate,5,4835.0,1530,812,53.071895424836605
Soil5.scaffold_215117222_c1_59,Pseudomonadota,A0A149V6R9|unreviewed|4Fe-4S,1,4699.0,1565,786,50.22364217252397
Soil5.scaffold_215117222_c1_59,Pseudomonadota,A0A4Q7N714|unreviewed|nitrate,2,5188.0,1495,888,59.39799331103679
Soil5.scaffold_215117222_c1_59,Pseudomonadota,A0A0N9VQU4|unreviewed|nitrate,3,5044.0,1495,857,57.324414715719065
Soil5.scaffold_215117222_c1_59,Pseudomonadota,A0A5B0BNB7|unreviewed|nitrate,4,5202.0,1487,886,59.58305312710155
Soil5.scaffold_215117222_c1_59,Pseudomonadota,A0A7Z0I064|unreviewed|nitrate,5,5103.0,1499,874,58.30553702468312
Soil5.scaffold_215117222_c1_59,Bacillota,A0A1I1VAQ5|unreviewed|nitrate,1,4256.0,1645,709,43.10030395136778
Soil5.scaffold_215117222_c1_59,Bacillota,A0A5J5HPE3|unreviewed|nitrate,2,4248.0,1625,696,42.830769230769235
Soil5.scaffold_215117222_c1_59,Bacillota,A0A941E077|unreviewed|nitrate,3,4264.0,1612,698,43.30024813895781
Soil5.scaffold_215117222_c1_59,Bacillota,A0A2T5G6I1|unreviewed|nitrate,4,4463.0,1591,750,47.14016341923319
Soil5.scaffold_215117222_c1_59,Bacillota,A0A0R1H9J7|unreviewed|nitrate,5,4246.0,1636,696,42.54278728606357
Soil5.scaffold_215117222_c1_59,Actinomycetota,Q1AWQ7|unreviewed|Nitrate,1,4397.0,1583,730,46.11497157296272
Soil5.scaffold_215117222_c1_59,Actinomycetota,A0A511D6I2|unreviewed|Nitrate,2,4253.0,1636,713,43.58190709046455
Soil5.scaffold_215117222_c1_59,Actinomycetota,A0A7K0W3P6|unreviewed|Nitrate,3,4216.0,1616,698,43.193069306930695
Soil5.scaffold_215117222_c1_59,Actinomycetota,U1QE67|unreviewed|nitrate,4,4091.0,1681,674,40.095181439619274
Soil5.scaffold_215117222_c1_59,Actinomycetota,A0A8J3NMA7|unreviewed|nitrate,5,4192.0,1645,692,42.066869300911854
Soil5.scaffold_215117222_c1_59,acidobacteriota,A0A936F3S9|unreviewed|nitrate,1,4063.0,1633,664,40.661359461114515
Soil5.scaffold_215117222_c1_59,acidobacteriota,A0A953EJI2|unreviewed|nitrate,2,4058.0,1654,673,40.68923821039903
Soil5.scaffold_215117222_c1_59,acidobacteriota,A0A1F2RVC6|unreviewed|nitrate,3,4064.0,1652,667,40.375302663438255
Soil5.scaffold_215117222_c1_59,acidobacteriota,A0A9D7SI32|unreviewed|nitrate,4,4053.0,1635,663,40.550458715596335
Soil5.scaffold_215117222_c1_59,acidobacteriota,A0A1F2SV26|unreviewed|4Fe-4S,5,3303.0,1527,547,35.8218729535036
Soil5.scaffold_215117222_c1_59,chloroflexota,A0A2N2MAT5|unreviewed|nitrate,1,4153.0,1631,684,41.93746167995095
Soil5.scaffold_215117222_c1_59,chloroflexota,A0A949W021|unreviewed|nitrate,2,4094.0,1643,672,40.90079123554474
Soil5.scaffold_215117222_c1_59,chloroflexota,A0A1F8L172|unreviewed|nitrate,3,4059.0,1638,669,40.84249084249084
Soil5.scaffold_215117222_c1_59,chloroflexota,A0A8J6NLS7|unreviewed|nitrate,4,4087.0,1629,672,41.25230202578269
Soil5.scaffold_215117222_c1_59,chloroflexota,A0A2M8CTB5|unreviewed|nitrate,5,4086.0,1621,679,41.8877236273905
Soil5.scaffold_215117222_c1_59,verrucomicrobiota,A0A849XW34|unreviewed|nitrate,1,4119.0,1640,669,40.792682926829265
Soil5.scaffold_215117222_c1_59,verrucomicrobiota,A0A933UFK4|unreviewed|nitrate,2,4168.0,1622,686,42.293464858199755
Soil5.scaffold_215117222_c1_59,verrucomicrobiota,A0A934F0J8|unreviewed|nitrate,3,4185.0,1622,694,42.78668310727497
Soil5.scaffold_215117222_c1_59,verrucomicrobiota,A0A832HWY0|unreviewed|Nitrate,4,3769.0,1603,614,38.30318153462258
Soil5.scaffold_215117222_c1_59,verrucomicrobiota,A0A7C4LZE2|unreviewed|nitrate,5,4178.0,1618,691,42.707045735475894
Soil5.scaffold_215117222_c1_59,gemmatimonadota,A0A2D5ZQA8|unreviewed|nitrate,1,4121.0,1638,679,41.452991452991455
Soil5.scaffold_215117222_c1_59,gemmatimonadota,A0A524IW10|unreviewed|nitrate,2,4084.0,1638,680,41.514041514041516
Soil5.scaffold_215117222_c1_59,gemmatimonadota,A0A933BW52|unreviewed|nitrate,3,3955.0,1682,644,38.28775267538644
Soil5.scaffold_215117222_c1_59,gemmatimonadota,A0A945GIP3|unreviewed|nitrate,4,4053.0,1650,664,40.24242424242424
Soil5.scaffold_215117222_c1_59,gemmatimonadota,A0A9D7CFV4|unreviewed|nitrate,5,4023.0,1643,659,40.10955569080949
Soil5.scaffold_215117222_c1_59,myxococcota,Q2IJW3|unreviewed|nitrate,1,4160.0,1619,697,43.05126621371217
Soil5.scaffold_215117222_c1_59,myxococcota,B4ULS9|unreviewed|nitrate,2,4144.0,1625,692,42.58461538461538
Soil5.scaffold_215117222_c1_59,myxococcota,A0A928XR34|unreviewed|nitrate,3,4019.0,1645,655,39.81762917933131
Soil5.scaffold_215117222_c1_59,myxococcota,A7HGD0|unreviewed|nitrate,4,3952.0,1649,659,39.96361431170406
Soil5.scaffold_215117222_c1_59,myxococcota,A0A947HI39|unreviewed|nitrate,5,4187.0,1626,684,42.066420664206646
Soil5.scaffold_183283646_c1_24,Bacteroidota,A0A399D723|unreviewed|nitrate,1,3923.0,1594,632,39.6486825595985
Soil5.scaffold_183283646_c1_24,Bacteroidota,A0A9D9VY91|unreviewed|nitrate,2,3858.0,1604,618,38.5286783042394
Soil5.scaffold_183283646_c1_24,Bacteroidota,A0A1G6KWR1|unreviewed|nitrate,3,4160.0,1592,684,42.96482412060301
Soil5.scaffold_183283646_c1_24,Bacteroidota,A0A1F3NZE7|unreviewed|nitrate,4,3995.0,1582,643,40.64475347661188
Soil5.scaffold_183283646_c1_24,Bacteroidota,A0A434AV88|unreviewed|nitrate,5,4085.0,1597,661,41.39010644959299
Soil5.scaffold_183283646_c1_24,Pseudomonadota,A0A149V6R9|unreviewed|4Fe-4S,1,4204.0,1608,712,44.27860696517413
Soil5.scaffold_183283646_c1_24,Pseudomonadota,A0A4Q7N714|unreviewed|nitrate,2,4250.0,1593,711,44.632768361581924
Soil5.scaffold_183283646_c1_24,Pseudomonadota,A0A0N9VQU4|unreviewed|nitrate,3,4125.0,1591,676,42.489000628535514
Soil5.scaffold_183283646_c1_24,Pseudomonadota,A0A5B0BNB7|unreviewed|nitrate,4,4181.0,1614,690,42.75092936802974
Soil5.scaffold_183283646_c1_24,Pseudomonadota,A0A7Z0I064|unreviewed|nitrate,5,4204.0,1603,694,43.29382407985028
Soil5.scaffold_183283646_c1_24,Bacillota,A0A1I1VAQ5|unreviewed|nitrate,1,4364.0,1552,734,47.29381443298969
Soil5.scaffold_183283646_c1_24,Bacillota,A0A5J5HPE3|unreviewed|nitrate,2,4262.0,1549,701,45.25500322788896
Soil5.scaffold_183283646_c1_24,Bacillota,A0A941E077|unreviewed|nitrate,3,4305.0,1538,711,46.228868660598174
Soil5.scaffold_183283646_c1_24,Bacillota,A0A2T5G6I1|unreviewed|nitrate,4,4609.0,1516,782,51.58311345646438
Soil5.scaffold_183283646_c1_24,Bacillota,A0A0R1H9J7|unreviewed|nitrate,5,4241.0,1572,700,44.529262086513995
Soil5.scaffold_183283646_c1_24,Actinomycetota,Q1AWQ7|unreviewed|Nitrate,1,4999.0,1445,855,59.16955017301038
Soil5.scaffold_183283646_c1_24,Actinomycetota,A0A511D6I2|unreviewed|Nitrate,2,4715.0,1516,807,53.23218997361477
Soil5.scaffold_183283646_c1_24,Actinomycetota,A0A7K0W3P6|unreviewed|Nitrate,3,4735.0,1485,804,54.141414141414145
Soil5.scaffold_183283646_c1_24,Actinomycetota,U1QE67|unreviewed|nitrate,4,4449.0,1575,750,47.61904761904761
Soil5.scaffold_183283646_c1_24,Actinomycetota,A0A8J3NMA7|unreviewed|nitrate,5,4714.0,1497,799,53.37341349365398
Soil5.scaffold_183283646_c1_24,acidobacteriota,A0A936F3S9|unreviewed|nitrate,1,3979.0,1598,649,40.613266583229034
Soil5.scaffold_183283646_c1_24,acidobacteriota,A0A953EJI2|unreviewed|nitrate,2,4068.0,1592,662,41.58291457286432
Soil5.scaffold_183283646_c1_24,acidobacteriota,A0A1F2RVC6|unreviewed|nitrate,3,3987.0,1604,649,40.461346633416454
Soil5.scaffold_183283646_c1_24,acidobacteriota,A0A9D7SI32|unreviewed|nitrate,4,3979.0,1600,649,40.5625
Soil5.scaffold_183283646_c1_24,acidobacteriota,A0A1F2SV26|unreviewed|4Fe-4S,5,3222.0,1490,531,35.63758389261745
Soil5.scaffold_183283646_c1_24,chloroflexota,A0A2N2MAT5|unreviewed|nitrate,1,4075.0,1596,669,41.91729323308271
Soil5.scaffold_183283646_c1_24,chloroflexota,A0A949W021|unreviewed|nitrate,2,4046.0,1602,662,41.32334581772784
Soil5.scaffold_183283646_c1_24,chloroflexota,A0A1F8L172|unreviewed|nitrate,3,4022.0,1565,657,41.980830670926515
Soil5.scaffold_183283646_c1_24,chloroflexota,A0A8J6NLS7|unreviewed|nitrate,4,4038.0,1577,660,41.85161699429296
Soil5.scaffold_183283646_c1_24,chloroflexota,A0A2M8CTB5|unreviewed|nitrate,5,4007.0,1573,657,41.76732358550541
Soil5.scaffold_183283646_c1_24,verrucomicrobiota,A0A849XW34|unreviewed|nitrate,1,4061.0,1607,678,42.19041692594897
Soil5.scaffold_183283646_c1_24,verrucomicrobiota,A0A933UFK4|unreviewed|nitrate,2,4018.0,1613,665,41.2275263484191
Soil5.scaffold_183283646_c1_24,verrucomicrobiota,A0A934F0J8|unreviewed|nitrate,3,4022.0,1606,662,41.220423412204234
Soil5.scaffold_183283646_c1_24,verrucomicrobiota,A0A832HWY0|unreviewed|Nitrate,4,3655.0,1583,607,38.344914718888184
Soil5.scaffold_183283646_c1_24,verrucomicrobiota,A0A7C4LZE2|unreviewed|nitrate,5,4018.0,1602,666,41.57303370786517
Soil5.scaffold_183283646_c1_24,gemmatimonadota,A0A2D5ZQA8|unreviewed|nitrate,1,3978.0,1602,652,40.69912609238452
Soil5.scaffold_183283646_c1_24,gemmatimonadota,A0A524IW10|unreviewed|nitrate,2,4068.0,1583,673,42.5142135186355
Soil5.scaffold_183283646_c1_24,gemmatimonadota,A0A933BW52|unreviewed|nitrate,3,4016.0,1635,660,40.36697247706422
Soil5.scaffold_183283646_c1_24,gemmatimonadota,A0A945GIP3|unreviewed|nitrate,4,4028.0,1598,649,40.613266583229034
Soil5.scaffold_183283646_c1_24,gemmatimonadota,A0A9D7CFV4|unreviewed|nitrate,5,3943.0,1603,643,40.11228945726762
Soil5.scaffold_183283646_c1_24,myxococcota,Q2IJW3|unreviewed|nitrate,1,4003.0,1593,665,41.74513496547395
Soil5.scaffold_183283646_c1_24,myxococcota,B4ULS9|unreviewed|nitrate,2,4008.0,1589,670,42.16488357457521
Soil5.scaffold_183283646_c1_24,myxococcota,A0A928XR34|unreviewed|nitrate,3,3951.0,1600,645,40.3125
Soil5.scaffold_183283646_c1_24,myxococcota,A7HGD0|unreviewed|nitrate,4,3952.0,1598,671,41.989987484355446
Soil5.scaffold_183283646_c1_24,myxococcota,A0A947HI39|unreviewed|nitrate,5,4019.0,1617,665,41.125541125541126
Soil5.scaffold_489407153_c1_201,Bacteroidota,A0A399D723|unreviewed|nitrate,1,3997.0,1595,646,40.50156739811912
Soil5.scaffold_489407153_c1_201,Bacteroidota,A0A9D9VY91|unreviewed|nitrate,2,4050.0,1589,659,41.47262429200755
Soil5.scaffold_489407153_c1_201,Bacteroidota,A0A1G6KWR1|unreviewed|nitrate,3,4145.0,1605,682,42.492211838006234
Soil5.scaffold_489407153_c1_201,Bacteroidota,A0A1F3NZE7|unreviewed|nitrate,4,4123.0,1572,679,43.19338422391857
Soil5.scaffold_489407153_c1_201,Bacteroidota,A0A434AV88|unreviewed|nitrate,5,4202.0,1599,692,43.277048155096935
Soil5.scaffold_489407153_c1_201,Pseudomonadota,A0A149V6R9|unreviewed|4Fe-4S,1,4239.0,1599,702,43.90243902439025
Soil5.scaffold_489407153_c1_201,Pseudomonadota,A0A4Q7N714|unreviewed|nitrate,2,4295.0,1606,716,44.58281444582815
Soil5.scaffold_489407153_c1_201,Pseudomonadota,A0A0N9VQU4|unreviewed|nitrate,3,4277.0,1583,710,44.85154769425142
Soil5.scaffold_489407153_c1_201,Pseudomonadota,A0A5B0BNB7|unreviewed|nitrate,4,4269.0,1622,717,44.20468557336621
Soil5.scaffold_489407153_c1_201,Pseudomonadota,A0A7Z0I064|unreviewed|nitrate,5,4218.0,1603,705,43.98003742981909
Soil5.scaffold_489407153_c1_201,Bacillota,A0A1I1VAQ5|unreviewed|nitrate,1,4981.0,1445,847,58.6159169550173
Soil5.scaffold_489407153_c1_201,Bacillota,A0A5J5HPE3|unreviewed|nitrate,2,4533.0,1527,754,49.377865094957436
Soil5.scaffold_489407153_c1_201,Bacillota,A0A941E077|unreviewed|nitrate,3,4515.0,1519,745,49.045424621461486
Soil5.scaffold_489407153_c1_201,Bacillota,A0A2T5G6I1|unreviewed|nitrate,4,4661.0,1503,781,51.96274118429807
Soil5.scaffold_489407153_c1_201,Bacillota,A0A0R1H9J7|unreviewed|nitrate,5,4399.0,1540,719,46.68831168831169
Soil5.scaffold_489407153_c1_201,Actinomycetota,Q1AWQ7|unreviewed|Nitrate,1,4482.0,1522,752,49.40867279894875
Soil5.scaffold_489407153_c1_201,Actinomycetota,A0A511D6I2|unreviewed|Nitrate,2,4280.0,1583,718,45.35691724573594
Soil5.scaffold_489407153_c1_201,Actinomycetota,A0A7K0W3P6|unreviewed|Nitrate,3,4291.0,1559,717,45.99101988454137
Soil5.scaffold_489407153_c1_201,Actinomycetota,U1QE67|unreviewed|nitrate,4,4153.0,1611,684,42.45810055865922
Soil5.scaffold_489407153_c1_201,Actinomycetota,A0A8J3NMA7|unreviewed|nitrate,5,4215.0,1584,695,43.87626262626262
Soil5.scaffold_489407153_c1_201,acidobacteriota,A0A936F3S9|unreviewed|nitrate,1,4062.0,1578,658,41.69835234474017
Soil5.scaffold_489407153_c1_201,acidobacteriota,A0A953EJI2|unreviewed|nitrate,2,4087.0,1592,669,42.02261306532663
Soil5.scaffold_489407153_c1_201,acidobacteriota,A0A1F2RVC6|unreviewed|nitrate,3,4135.0,1588,672,42.31738035264483
Soil5.scaffold_489407153_c1_201,acidobacteriota,A0A9D7SI32|unreviewed|nitrate,4,4056.0,1578,656,41.57160963244613
Soil5.scaffold_489407153_c1_201,acidobacteriota,A0A1F2SV26|unreviewed|4Fe-4S,5,3313.0,1480,542,36.62162162162162
Soil5.scaffold_489407153_c1_201,chloroflexota,A0A2N2MAT5|unreviewed|nitrate,1,4104.0,1580,668,42.278481012658226
Soil5.scaffold_489407153_c1_201,chloroflexota,A0A949W021|unreviewed|nitrate,2,4058.0,1607,663,41.25700062227754
Soil5.scaffold_489407153_c1_201,chloroflexota,A0A1F8L172|unreviewed|nitrate,3,4079.0,1569,662,42.19247928616954
Soil5.scaffold_489407153_c1_201,chloroflexota,A0A8J6NLS7|unreviewed|nitrate,4,4064.0,1586,666,41.992433795712486
Soil5.scaffold_489407153_c1_201,chloroflexota,A0A2M8CTB5|unreviewed|nitrate,5,4059.0,1574,669,42.50317662007624
Soil5.scaffold_489407153_c1_201,verrucomicrobiota,A0A849XW34|unreviewed|nitrate,1,4011.0,1601,651,40.662086196127426
Soil5.scaffold_489407153_c1_201,verrucomicrobiota,A0A933UFK4|unreviewed|nitrate,2,4003.0,1607,660,41.070317361543246
Soil5.scaffold_489407153_c1_201,verrucomicrobiota,A0A934F0J8|unreviewed|nitrate,3,4042.0,1593,658,41.30571249215317
Soil5.scaffold_489407153_c1_201,verrucomicrobiota,A0A832HWY0|unreviewed|Nitrate,4,3664.0,1578,595,37.70595690747782
Soil5.scaffold_489407153_c1_201,verrucomicrobiota,A0A7C4LZE2|unreviewed|nitrate,5,4013.0,1604,662,41.271820448877804
Soil5.scaffold_489407153_c1_201,gemmatimonadota,A0A2D5ZQA8|unreviewed|nitrate,1,4078.0,1583,657,41.50347441566646
Soil5.scaffold_489407153_c1_201,gemmatimonadota,A0A524IW10|unreviewed|nitrate,2,4071.0,1581,667,42.188488298545224
Soil5.scaffold_489407153_c1_201,gemmatimonadota,A0A933BW52|unreviewed|nitrate,3,3989.0,1633,645,39.49785670545009
Soil5.scaffold_489407153_c1_201,gemmatimonadota,A0A945GIP3|unreviewed|nitrate,4,4102.0,1586,662,41.740226986128626
Soil5.scaffold_489407153_c1_201,gemmatimonadota,A0A9D7CFV4|unreviewed|nitrate,5,4007.0,1597,655,41.01440200375704
Soil5.scaffold_489407153_c1_201,myxococcota,Q2IJW3|unreviewed|nitrate,1,3995.0,1593,653,40.99183929692404
Soil5.scaffold_489407153_c1_201,myxococcota,B4ULS9|unreviewed|nitrate,2,3998.0,1595,652,40.87774294670846
Soil5.scaffold_489407153_c1_201,myxococcota,A0A928XR34|unreviewed|nitrate,3,4015.0,1598,654,40.926157697121404
Soil5.scaffold_489407153_c1_201,myxococcota,A7HGD0|unreviewed|nitrate,4,3873.0,1614,634,39.281288723667906
Soil5.scaffold_489407153_c1_201,myxococcota,A0A947HI39|unreviewed|nitrate,5,3980.0,1611,645,40.03724394785848
Soil5.scaffold_87619515_c1_114,Bacteroidota,A0A399D723|unreviewed|nitrate,1,4004.0,1589,648,40.7803650094399
Soil5.scaffold_87619515_c1_114,Bacteroidota,A0A9D9VY91|unreviewed|nitrate,2,3966.0,1589,644,40.52863436123348
Soil5.scaffold_87619515_c1_114,Bacteroidota,A0A1G6KWR1|unreviewed|nitrate,3,4290.0,1578,710,44.9936628643853
Soil5.scaffold_87619515_c1_114,Bacteroidota,A0A1F3NZE7|unreviewed|nitrate,4,4101.0,1578,677,42.90240811153359
Soil5.scaffold_87619515_c1_114,Bacteroidota,A0A434AV88|unreviewed|nitrate,5,4297.0,1583,721,45.546430827542636
Soil5.scaffold_87619515_c1_114,Pseudomonadota,A0A149V6R9|unreviewed|4Fe-4S,1,4258.0,1587,702,44.234404536862
Soil5.scaffold_87619515_c1_114,Pseudomonadota,A0A4Q7N714|unreviewed|nitrate,2,4362.0,1576,718,45.558375634517766
Soil5.scaffold_87619515_c1_114,Pseudomonadota,A0A0N9VQU4|unreviewed|nitrate,3,4345.0,1569,724,46.1440407903123
Soil5.scaffold_87619515_c1_114,Pseudomonadota,A0A5B0BNB7|unreviewed|nitrate,4,4373.0,1592,738,46.35678391959799
Soil5.scaffold_87619515_c1_114,Pseudomonadota,A0A7Z0I064|unreviewed|nitrate,5,4340.0,1591,729,45.82023884349466
Soil5.scaffold_87619515_c1_114,Bacillota,A0A1I1VAQ5|unreviewed|nitrate,1,4519.0,1532,756,49.34725848563969
Soil5.scaffold_87619515_c1_114,Bacillota,A0A5J5HPE3|unreviewed|nitrate,2,4725.0,1491,790,52.98457411133467
Soil5.scaffold_87619515_c1_114,Bacillota,A0A941E077|unreviewed|nitrate,3,4942.0,1457,844,57.927247769389155
Soil5.scaffold_87619515_c1_114,Bacillota,A0A2T5G6I1|unreviewed|nitrate,4,5172.0,1416,887,62.6412429378531
Soil5.scaffold_87619515_c1_114,Bacillota,A0A0R1H9J7|unreviewed|nitrate,5,4493.0,1533,745,48.59752120026092
Soil5.scaffold_87619515_c1_114,Actinomycetota,Q1AWQ7|unreviewed|Nitrate,1,4526.0,1506,760,50.46480743691899
Soil5.scaffold_87619515_c1_114,Actinomycetota,A0A511D6I2|unreviewed|Nitrate,2,4284.0,1567,714,45.564773452456926
Soil5.scaffold_87619515_c1_114,Actinomycetota,A0A7K0W3P6|unreviewed|Nitrate,3,4309.0,1548,722,46.64082687338501
Soil5.scaffold_87619515_c1_114,Actinomycetota,U1QE67|unreviewed|nitrate,4,4160.0,1618,687,42.45982694684796
Soil5.scaffold_87619515_c1_114,Actinomycetota,A0A8J3NMA7|unreviewed|nitrate,5,4208.0,1578,699,44.29657794676806
Soil5.scaffold_87619515_c1_114,acidobacteriota,A0A936F3S9|unreviewed|nitrate,1,4047.0,1581,664,41.998734977862114
Soil5.scaffold_87619515_c1_114,acidobacteriota,A0A953EJI2|unreviewed|nitrate,2,4137.0,1578,684,43.346007604562736
Soil5.scaffold_87619515_c1_114,acidobacteriota,A0A1F2RVC6|unreviewed|nitrate,3,4099.0,1580,666,42.151898734177216
Soil5.scaffold_87619515_c1_114,acidobacteriota,A0A9D7SI32|unreviewed|nitrate,4,4057.0,1581,666,42.125237191650854
Soil5.scaffold_87619515_c1_114,acidobacteriota,A0A1F2SV26|unreviewed|4Fe-4S,5,3299.0,1468,542,36.920980926430516
Soil5.scaffold_87619515_c1_114,chloroflexota,A0A2N2MAT5|unreviewed|nitrate,1,4136.0,1588,685,43.1360201511335
Soil5.scaffold_87619515_c1_114,chloroflexota,A0A949W021|unreviewed|nitrate,2,4144.0,1586,685,43.190416141235815
Soil5.scaffold_87619515_c1_114,chloroflexota,A0A1F8L172|unreviewed|nitrate,3,4069.0,1573,668,42.4666242848061
Soil5.scaffold_87619515_c1_114,chloroflexota,A0A8J6NLS7|unreviewed|nitrate,4,4094.0,1576,671,42.576142131979694
Soil5.scaffold_87619515_c1_114,chloroflexota,A0A2M8CTB5|unreviewed|nitrate,5,4061.0,1572,674,42.87531806615776
Soil5.scaffold_87619515_c1_114,verrucomicrobiota,A0A849XW34|unreviewed|nitrate,1,4104.0,1575,669,42.47619047619048
Soil5.scaffold_87619515_c1_114,verrucomicrobiota,A0A933UFK4|unreviewed|nitrate,2,4048.0,1585,663,41.829652996845425
Soil5.scaffold_87619515_c1_114,verrucomicrobiota,A0A934F0J8|unreviewed|nitrate,3,4058.0,1587,664,41.83994959042218
Soil5.scaffold_87619515_c1_114,verrucomicrobiota,A0A832HWY0|unreviewed|Nitrate,4,3727.0,1560,607,38.91025641025641
Soil5.scaffold_87619515_c1_114,verrucomicrobiota,A0A7C4LZE2|unreviewed|nitrate,5,4034.0,1583,662,41.81933038534428
Soil5.scaffold_87619515_c1_114,gemmatimonadota,A0A2D5ZQA8|unreviewed|nitrate,1,4002.0,1594,655,41.09159347553325
Soil5.scaffold_87619515_c1_114,gemmatimonadota,A0A524IW10|unreviewed|nitrate,2,4126.0,1582,691,43.67888748419722
Soil5.scaffold_87619515_c1_114,gemmatimonadota,A0A933BW52|unreviewed|nitrate,3,3990.0,1621,647,39.913633559531156
Soil5.scaffold_87619515_c1_114,gemmatimonadota,A0A945GIP3|unreviewed|nitrate,4,4103.0,1591,677,42.55185417976116
Soil5.scaffold_87619515_c1_114,gemmatimonadota,A0A9D7CFV4|unreviewed|nitrate,5,4017.0,1599,661,41.33833646028768
Soil5.scaffold_87619515_c1_114,myxococcota,Q2IJW3|unreviewed|nitrate,1,3964.0,1580,649,41.07594936708861
Soil5.scaffold_87619515_c1_114,myxococcota,B4ULS9|unreviewed|nitrate,2,3969.0,1583,650,41.0612760581175
Soil5.scaffold_87619515_c1_114,myxococcota,A0A928XR34|unreviewed|nitrate,3,4007.0,1599,664,41.52595372107567
Soil5.scaffold_87619515_c1_114,myxococcota,A7HGD0|unreviewed|nitrate,4,3840.0,1614,633,39.21933085501858
Soil5.scaffold_87619515_c1_114,myxococcota,A0A947HI39|unreviewed|nitrate,5,4040.0,1603,656,40.923268870867126
Soil5.scaffold_544698016_c1_2,Bacteroidota,A0A399D723|unreviewed|nitrate,1,4002.0,1581,645,40.79696394686907
Soil5.scaffold_544698016_c1_2,Bacteroidota,A0A9D9VY91|unreviewed|nitrate,2,3926.0,1594,628,39.39774153074028
Soil5.scaffold_544698016_c1_2,Bacteroidota,A0A1G6KWR1|unreviewed|nitrate,3,4237.0,1582,696,43.994943109987354
Soil5.scaffold_544698016_c1_2,Bacteroidota,A0A1F3NZE7|unreviewed|nitrate,4,4075.0,1576,665,42.19543147208122
Soil5.scaffold_544698016_c1_2,Bacteroidota,A0A434AV88|unreviewed|nitrate,5,4196.0,1581,685,43.3270082226439
Soil5.scaffold_544698016_c1_2,Pseudomonadota,A0A149V6R9|unreviewed|4Fe-4S,1,4233.0,1607,708,44.057249533291845
Soil5.scaffold_544698016_c1_2,Pseudomonadota,A0A4Q7N714|unreviewed|nitrate,2,4249.0,1597,704,44.08265497808391
Soil5.scaffold_544698016_c1_2,Pseudomonadota,A0A0N9VQU4|unreviewed|nitrate,3,4226.0,1575,695,44.12698412698413
Soil5.scaffold_544698016_c1_2,Pseudomonadota,A0A5B0BNB7|unreviewed|nitrate,4,4225.0,1608,699,43.47014925373134
Soil5.scaffold_544698016_c1_2,Pseudomonadota,A0A7Z0I064|unreviewed|nitrate,5,4312.0,1587,718,45.24259609325772
Soil5.scaffold_544698016_c1_2,Bacillota,A0A1I1VAQ5|unreviewed|nitrate,1,4395.0,1543,742,48.08813998703824
Soil5.scaffold_544698016_c1_2,Bacillota,A0A5J5HPE3|unreviewed|nitrate,2,4398.0,1532,732,47.78067885117493
Soil5.scaffold_544698016_c1_2,Bacillota,A0A941E077|unreviewed|nitrate,3,4372.0,1533,726,47.35812133072407
Soil5.scaffold_544698016_c1_2,Bacillota,A0A2T5G6I1|unreviewed|nitrate,4,4659.0,1512,793,52.44708994708994
Soil5.scaffold_544698016_c1_2,Bacillota,A0A0R1H9J7|unreviewed|nitrate,5,4326.0,1550,716,46.19354838709677
Soil5.scaffold_544698016_c1_2,Actinomycetota,Q1AWQ7|unreviewed|Nitrate,1,5078.0,1424,879,61.72752808988764
Soil5.scaffold_544698016_c1_2,Actinomycetota,A0A511D6I2|unreviewed|Nitrate,2,4741.0,1514,811,53.566710700132106
Soil5.scaffold_544698016_c1_2,Actinomycetota,A0A7K0W3P6|unreviewed|Nitrate,3,4796.0,1472,821,55.77445652173913
Soil5.scaffold_544698016_c1_2,Actinomycetota,U1QE67|unreviewed|nitrate,4,4500.0,1559,758,48.620910840282235
Soil5.scaffold_544698016_c1_2,Actinomycetota,A0A8J3NMA7|unreviewed|nitrate,5,4747.0,1496,815,54.47860962566845
Soil5.scaffold_544698016_c1_2,acidobacteriota,A0A936F3S9|unreviewed|nitrate,1,4043.0,1598,665,41.614518147684606
Soil5.scaffold_544698016_c1_2,acidobacteriota,A0A953EJI2|unreviewed|nitrate,2,4095.0,1593,670,42.05900816070308
Soil5.scaffold_544698016_c1_2,acidobacteriota,A0A1F2RVC6|unreviewed|nitrate,3,4103.0,1588,676,42.56926952141058
Soil5.scaffold_544698016_c1_2,acidobacteriota,A0A9D7SI32|unreviewed|nitrate,4,4048.0,1598,665,41.614518147684606
Soil5.scaffold_544698016_c1_2,acidobacteriota,A0A1F2SV26|unreviewed|4Fe-4S,5,3306.0,1479,551,37.254901960784316
Soil5.scaffold_544698016_c1_2,chloroflexota,A0A2N2MAT5|unreviewed|nitrate,1,4149.0,1578,683,43.28263624841572
Soil5.scaffold_544698016_c1_2,chloroflexota,A0A949W021|unreviewed|nitrate,2,4074.0,1595,674,42.25705329153605
Soil5.scaffold_544698016_c1_2,chloroflexota,A0A1F8L172|unreviewed|nitrate,3,4065.0,1569,674,42.95729764181007
Soil5.scaffold_544698016_c1_2,chloroflexota,A0A8J6NLS7|unreviewed|nitrate,4,4103.0,1566,672,42.911877394636015
Soil5.scaffold_544698016_c1_2,chloroflexota,A0A2M8CTB5|unreviewed|nitrate,5,4177.0,1550,688,44.387096774193544
Soil5.scaffold_544698016_c1_2,verrucomicrobiota,A0A849XW34|unreviewed|nitrate,1,4133.0,1588,692,43.57682619647355
Soil5.scaffold_544698016_c1_2,verrucomicrobiota,A0A933UFK4|unreviewed|nitrate,2,4086.0,1591,675,42.426147077309864
Soil5.scaffold_544698016_c1_2,verrucomicrobiota,A0A934F0J8|unreviewed|nitrate,3,4065.0,1589,670,42.16488357457521
Soil5.scaffold_544698016_c1_2,verrucomicrobiota,A0A832HWY0|unreviewed|Nitrate,4,3710.0,1564,611,39.066496163682864
Soil5.scaffold_544698016_c1_2,verrucomicrobiota,A0A7C4LZE2|unreviewed|nitrate,5,4073.0,1585,677,42.71293375394322
Soil5.scaffold_544698016_c1_2,gemmatimonadota,A0A2D5ZQA8|unreviewed|nitrate,1,4018.0,1585,654,41.261829652996845
Soil5.scaffold_544698016_c1_2,gemmatimonadota,A0A524IW10|unreviewed|nitrate,2,4116.0,1568,681,43.43112244897959
Soil5.scaffold_544698016_c1_2,gemmatimonadota,A0A933BW52|unreviewed|nitrate,3,4051.0,1629,671,41.19091467157766
Soil5.scaffold_544698016_c1_2,gemmatimonadota,A0A945GIP3|unreviewed|nitrate,4,4095.0,1589,667,41.97608558842039
Soil5.scaffold_544698016_c1_2,gemmatimonadota,A0A9D7CFV4|unreviewed|nitrate,5,4047.0,1586,659,41.55107187894073
Soil5.scaffold_544698016_c1_2,myxococcota,Q2IJW3|unreviewed|nitrate,1,4036.0,1584,679,42.86616161616162
Soil5.scaffold_544698016_c1_2,myxococcota,B4ULS9|unreviewed|nitrate,2,4034.0,1582,679,42.92035398230089
Soil5.scaffold_544698016_c1_2,myxococcota,A0A928XR34|unreviewed|nitrate,3,4007.0,1592,655,41.14321608040201
Soil5.scaffold_544698016_c1_2,myxococcota,A7HGD0|unreviewed|nitrate,4,3958.0,1594,668,41.90715181932246
Soil5.scaffold_544698016_c1_2,myxococcota,A0A947HI39|unreviewed|nitrate,5,4059.0,1602,671,41.88514357053683
Soil5.scaffold_384418492_c1_161,Bacteroidota,A0A399D723|unreviewed|nitrate,1,4045.0,1585,658,41.51419558359621
Soil5.scaffold_384418492_c1_161,Bacteroidota,A0A9D9VY91|unreviewed|nitrate,2,3987.0,1598,647,40.48811013767209
Soil5.scaffold_384418492_c1_161,Bacteroidota,A0A1G6KWR1|unreviewed|nitrate,3,4369.0,1575,730,46.34920634920635
Soil5.scaffold_384418492_c1_161,Bacteroidota,A0A1F3NZE7|unreviewed|nitrate,4,4129.0,1573,683,43.42021614748888
Soil5.scaffold_384418492_c1_161,Bacteroidota,A0A434AV88|unreviewed|nitrate,5,4379.0,1569,728,46.39898024219248
Soil5.scaffold_384418492_c1_161,Pseudomonadota,A0A149V6R9|unreviewed|4Fe-4S,1,4303.0,1589,713,44.87098804279421
Soil5.scaffold_384418492_c1_161,Pseudomonadota,A0A4Q7N714|unreviewed|nitrate,2,4383.0,1570,719,45.796178343949045
Soil5.scaffold_384418492_c1_161,Pseudomonadota,A0A0N9VQU4|unreviewed|nitrate,3,4464.0,1543,741,48.02333117303954
Soil5.scaffold_384418492_c1_161,Pseudomonadota,A0A5B0BNB7|unreviewed|nitrate,4,4369.0,1588,720,45.34005037783375
Soil5.scaffold_384418492_c1_161,Pseudomonadota,A0A7Z0I064|unreviewed|nitrate,5,4350.0,1581,724,45.793801391524354
Soil5.scaffold_384418492_c1_161,Bacillota,A0A1I1VAQ5|unreviewed|nitrate,1,4634.0,1514,775,51.1889035667107
Soil5.scaffold_384418492_c1_161,Bacillota,A0A5J5HPE3|unreviewed|nitrate,2,4735.0,1495,795,53.17725752508361
Soil5.scaffold_384418492_c1_161,Bacillota,A0A941E077|unreviewed|nitrate,3,5117.0,1434,872,60.80892608089261
Soil5.scaffold_384418492_c1_161,Bacillota,A0A2T5G6I1|unreviewed|nitrate,4,5228.0,1405,888,63.20284697508897
Soil5.scaffold_384418492_c1_161,Bacillota,A0A0R1H9J7|unreviewed|nitrate,5,4591.0,1524,762,50.0
Soil5.scaffold_384418492_c1_161,Actinomycetota,Q1AWQ7|unreviewed|Nitrate,1,4562.0,1504,764,50.797872340425535
Soil5.scaffold_384418492_c1_161,Actinomycetota,A0A511D6I2|unreviewed|Nitrate,2,4399.0,1558,739,47.43260590500642
Soil5.scaffold_384418492_c1_161,Actinomycetota,A0A7K0W3P6|unreviewed|Nitrate,3,4383.0,1532,732,47.78067885117493
Soil5.scaffold_384418492_c1_161,Actinomycetota,U1QE67|unreviewed|nitrate,4,4221.0,1617,697,43.10451453308596
Soil5.scaffold_384418492_c1_161,Actinomycetota,A0A8J3NMA7|unreviewed|nitrate,5,4275.0,1565,704,44.98402555910543
Soil5.scaffold_384418492_c1_161,acidobacteriota,A0A936F3S9|unreviewed|nitrate,1,4114.0,1582,684,43.23640960809102
Soil5.scaffold_384418492_c1_161,acidobacteriota,A0A953EJI2|unreviewed|nitrate,2,4165.0,1572,692,44.02035623409669
Soil5.scaffold_384418492_c1_161,acidobacteriota,A0A1F2RVC6|unreviewed|nitrate,3,4173.0,1579,693,43.888537048765045
Soil5.scaffold_384418492_c1_161,acidobacteriota,A0A9D7SI32|unreviewed|nitrate,4,4111.0,1583,683,43.145925457991154
Soil5.scaffold_384418492_c1_161,acidobacteriota,A0A1F2SV26|unreviewed|4Fe-4S,5,3332.0,1464,558,38.114754098360656
Soil5.scaffold_384418492_c1_161,chloroflexota,A0A2N2MAT5|unreviewed|nitrate,1,4190.0,1569,692,44.10452517527087
Soil5.scaffold_384418492_c1_161,chloroflexota,A0A949W021|unreviewed|nitrate,2,4145.0,1583,676,42.703727100442194
Soil5.scaffold_384418492_c1_161,chloroflexota,A0A1F8L172|unreviewed|nitrate,3,4103.0,1563,672,42.994241842610364
Soil5.scaffold_384418492_c1_161,chloroflexota,A0A8J6NLS7|unreviewed|nitrate,4,4147.0,1576,690,43.78172588832487
Soil5.scaffold_384418492_c1_161,chloroflexota,A0A2M8CTB5|unreviewed|nitrate,5,4157.0,1557,685,43.99486191393706
Soil5.scaffold_384418492_c1_161,verrucomicrobiota,A0A849XW34|unreviewed|nitrate,1,4163.0,1572,680,43.25699745547074
Soil5.scaffold_384418492_c1_161,verrucomicrobiota,A0A933UFK4|unreviewed|nitrate,2,4168.0,1580,695,43.9873417721519
Soil5.scaffold_384418492_c1_161,verrucomicrobiota,A0A934F0J8|unreviewed|nitrate,3,4162.0,1576,690,43.78172588832487
Soil5.scaffold_384418492_c1_161,verrucomicrobiota,A0A832HWY0|unreviewed|Nitrate,4,3784.0,1550,623,40.193548387096776
Soil5.scaffold_384418492_c1_161,verrucomicrobiota,A0A7C4LZE2|unreviewed|nitrate,5,4135.0,1582,693,43.80530973451327
Soil5.scaffold_384418492_c1_161,gemmatimonadota,A0A2D5ZQA8|unreviewed|nitrate,1,4114.0,1587,684,43.10018903591683
Soil5.scaffold_384418492_c1_161,gemmatimonadota,A0A524IW10|unreviewed|nitrate,2,4191.0,1568,701,44.70663265306122
Soil5.scaffold_384418492_c1_161,gemmatimonadota,A0A933BW52|unreviewed|nitrate,3,4039.0,1619,657,40.580605311920934
Soil5.scaffold_384418492_c1_161,gemmatimonadota,A0A945GIP3|unreviewed|nitrate,4,4174.0,1575,688,43.682539682539684
Soil5.scaffold_384418492_c1_161,gemmatimonadota,A0A9D7CFV4|unreviewed|nitrate,5,4085.0,1596,676,42.35588972431078
Soil5.scaffold_384418492_c1_161,myxococcota,Q2IJW3|unreviewed|nitrate,1,4043.0,1579,667,42.24192526915769
Soil5.scaffold_384418492_c1_161,myxococcota,B4ULS9|unreviewed|nitrate,2,4036.0,1583,663,41.88250157927985
Soil5.scaffold_384418492_c1_161,myxococcota,A0A928XR34|unreviewed|nitrate,3,4023.0,1601,663,41.41161773891318
Soil5.scaffold_384418492_c1_161,myxococcota,A7HGD0|unreviewed|nitrate,4,3914.0,1604,653,40.71072319201995
Soil5.scaffold_384418492_c1_161,myxococcota,A0A947HI39|unreviewed|nitrate,5,4057.0,1600,667,41.6875
Soil5.scaffold_395480119_c1_5,Bacteroidota,A0A399D723|unreviewed|nitrate,1,3915.0,1614,643,39.838909541511775
Soil5.scaffold_395480119_c1_5,Bacteroidota,A0A9D9VY91|unreviewed|nitrate,2,3810.0,1617,616,38.095238095238095
Soil5.scaffold_395480119_c1_5,Bacteroidota,A0A1G6KWR1|unreviewed|nitrate,3,4113.0,1598,678,42.428035043804755
Soil5.scaffold_395480119_c1_5,Bacteroidota,A0A1F3NZE7|unreviewed|nitrate,4,3983.0,1591,662,41.60905091137649
Soil5.scaffold_395480119_c1_5,Bacteroidota,A0A434AV88|unreviewed|nitrate,5,4112.0,1600,676,42.25
Soil5.scaffold_395480119_c1_5,Pseudomonadota,A0A149V6R9|unreviewed|4Fe-4S,1,4180.0,1606,701,43.648816936488174
Soil5.scaffold_395480119_c1_5,Pseudomonadota,A0A4Q7N714|unreviewed|nitrate,2,4193.0,1611,702,43.575418994413404
Soil5.scaffold_395480119_c1_5,Pseudomonadota,A0A0N9VQU4|unreviewed|nitrate,3,4075.0,1612,680,42.18362282878412
Soil5.scaffold_395480119_c1_5,Pseudomonadota,A0A5B0BNB7|unreviewed|nitrate,4,4125.0,1627,692,42.53226797787339
Soil5.scaffold_395480119_c1_5,Pseudomonadota,A0A7Z0I064|unreviewed|nitrate,5,4185.0,1615,703,43.529411764705884
Soil5.scaffold_395480119_c1_5,Bacillota,A0A1I1VAQ5|unreviewed|nitrate,1,4231.0,1568,705,44.96173469387755
Soil5.scaffold_395480119_c1_5,Bacillota,A0A5J5HPE3|unreviewed|nitrate,2,4255.0,1569,712,45.37922243467177
Soil5.scaffold_395480119_c1_5,Bacillota,A0A941E077|unreviewed|nitrate,3,4197.0,1568,700,44.642857142857146
Soil5.scaffold_395480119_c1_5,Bacillota,A0A2T5G6I1|unreviewed|nitrate,4,4535.0,1536,775,50.455729166666664
Soil5.scaffold_395480119_c1_5,Bacillota,A0A0R1H9J7|unreviewed|nitrate,5,4180.0,1577,697,44.19784400760938
Soil5.scaffold_395480119_c1_5,Actinomycetota,Q1AWQ7|unreviewed|Nitrate,1,4877.0,1462,838,57.3187414500684
Soil5.scaffold_395480119_c1_5,Actinomycetota,A0A511D6I2|unreviewed|Nitrate,2,5142.0,1469,907,61.7426820966644
Soil5.scaffold_395480119_c1_5,Actinomycetota,A0A7K0W3P6|unreviewed|Nitrate,3,5095.0,1436,895,62.32590529247911
Soil5.scaffold_395480119_c1_5,Actinomycetota,U1QE67|unreviewed|nitrate,4,4642.0,1546,793,51.293661060802066
Soil5.scaffold_395480119_c1_5,Actinomycetota,A0A8J3NMA7|unreviewed|nitrate,5,4961.0,1468,855,58.2425068119891
Soil5.scaffold_395480119_c1_5,acidobacteriota,A0A936F3S9|unreviewed|nitrate,1,3957.0,1605,654,40.74766355140187
Soil5.scaffold_395480119_c1_5,acidobacteriota,A0A953EJI2|unreviewed|nitrate,2,3969.0,1607,652,40.57249533291848
Soil5.scaffold_395480119_c1_5,acidobacteriota,A0A1F2RVC6|unreviewed|nitrate,3,3988.0,1615,663,41.05263157894737
Soil5.scaffold_395480119_c1_5,acidobacteriota,A0A9D7SI32|unreviewed|nitrate,4,3966.0,1604,656,40.89775561097257
Soil5.scaffold_395480119_c1_5,acidobacteriota,A0A1F2SV26|unreviewed|4Fe-4S,5,3206.0,1490,536,35.97315436241611
Soil5.scaffold_395480119_c1_5,chloroflexota,A0A2N2MAT5|unreviewed|nitrate,1,4036.0,1599,674,42.151344590368986
Soil5.scaffold_395480119_c1_5,chloroflexota,A0A949W021|unreviewed|nitrate,2,4019.0,1597,663,41.51534126487164
Soil5.scaffold_395480119_c1_5,chloroflexota,A0A1F8L172|unreviewed|nitrate,3,4000.0,1586,663,41.80327868852459
Soil5.scaffold_395480119_c1_5,chloroflexota,A0A8J6NLS7|unreviewed|nitrate,4,4024.0,1583,665,42.00884396715098
Soil5.scaffold_395480119_c1_5,chloroflexota,A0A2M8CTB5|unreviewed|nitrate,5,3995.0,1587,663,41.77693761814745
Soil5.scaffold_395480119_c1_5,verrucomicrobiota,A0A849XW34|unreviewed|nitrate,1,4040.0,1602,672,41.947565543071164
Soil5.scaffold_395480119_c1_5,verrucomicrobiota,A0A933UFK4|unreviewed|nitrate,2,3981.0,1603,660,41.17280099812851
Soil5.scaffold_395480119_c1_5,verrucomicrobiota,A0A934F0J8|unreviewed|nitrate,3,3993.0,1594,664,41.65621079046424
Soil5.scaffold_395480119_c1_5,verrucomicrobiota,A0A832HWY0|unreviewed|Nitrate,4,3629.0,1579,599,37.93540215326156
Soil5.scaffold_395480119_c1_5,verrucomicrobiota,A0A7C4LZE2|unreviewed|nitrate,5,4013.0,1595,670,42.00626959247649
Soil5.scaffold_395480119_c1_5,gemmatimonadota,A0A2D5ZQA8|unreviewed|nitrate,1,3957.0,1614,655,40.58240396530359
Soil5.scaffold_395480119_c1_5,gemmatimonadota,A0A524IW10|unreviewed|nitrate,2,4067.0,1583,687,43.39861023373342
Soil5.scaffold_395480119_c1_5,gemmatimonadota,A0A933BW52|unreviewed|nitrate,3,3960.0,1637,654,39.951130116065976
Soil5.scaffold_395480119_c1_5,gemmatimonadota,A0A945GIP3|unreviewed|nitrate,4,4000.0,1600,656,41.0
Soil5.scaffold_395480119_c1_5,gemmatimonadota,A0A9D7CFV4|unreviewed|nitrate,5,3940.0,1610,654,40.62111801242236
Soil5.scaffold_395480119_c1_5,myxococcota,Q2IJW3|unreviewed|nitrate,1,4062.0,1590,689,43.333333333333336
Soil5.scaffold_395480119_c1_5,myxococcota,B4ULS9|unreviewed|nitrate,2,4064.0,1587,689,43.41524889729049
Soil5.scaffold_395480119_c1_5,myxococcota,A0A928XR34|unreviewed|nitrate,3,3909.0,1615,643,39.81424148606811
Soil5.scaffold_395480119_c1_5,myxococcota,A7HGD0|unreviewed|nitrate,4,3920.0,1596,662,41.478696741854634
Soil5.scaffold_395480119_c1_5,myxococcota,A0A947HI39|unreviewed|nitrate,5,3989.0,1609,659,40.95711622125544
Soil5.scaffold_549495455_c1_6,Bacteroidota,A0A399D723|unreviewed|nitrate,1,3937.0,1602,644,40.19975031210986
Soil5.scaffold_549495455_c1_6,Bacteroidota,A0A9D9VY91|unreviewed|nitrate,2,3972.0,1587,642,40.45368620037807
Soil5.scaffold_549495455_c1_6,Bacteroidota,A0A1G6KWR1|unreviewed|nitrate,3,4160.0,1601,687,42.9106808244847
Soil5.scaffold_549495455_c1_6,Bacteroidota,A0A1F3NZE7|unreviewed|nitrate,4,4066.0,1584,669,42.234848484848484
Soil5.scaffold_549495455_c1_6,Bacteroidota,A0A434AV88|unreviewed|nitrate,5,4204.0,1585,690,43.53312302839117
Soil5.scaffold_549495455_c1_6,Pseudomonadota,A0A149V6R9|unreviewed|4Fe-4S,1,4158.0,1608,680,42.28855721393035
Soil5.scaffold_549495455_c1_6,Pseudomonadota,A0A4Q7N714|unreviewed|nitrate,2,4245.0,1595,697,43.69905956112853
Soil5.scaffold_549495455_c1_6,Pseudomonadota,A0A0N9VQU4|unreviewed|nitrate,3,4285.0,1572,706,44.910941475826974
Soil5.scaffold_549495455_c1_6,Pseudomonadota,A0A5B0BNB7|unreviewed|nitrate,4,4212.0,1608,692,43.03482587064676
Soil5.scaffold_549495455_c1_6,Pseudomonadota,A0A7Z0I064|unreviewed|nitrate,5,4226.0,1607,701,43.62165525824518
Soil5.scaffold_549495455_c1_6,Bacillota,A0A1I1VAQ5|unreviewed|nitrate,1,4418.0,1553,737,47.45653573728268
Soil5.scaffold_549495455_c1_6,Bacillota,A0A5J5HPE3|unreviewed|nitrate,2,4596.0,1509,766,50.76209410205435
Soil5.scaffold_549495455_c1_6,Bacillota,A0A941E077|unreviewed|nitrate,3,4789.0,1471,802,54.52073419442556
Soil5.scaffold_549495455_c1_6,Bacillota,A0A2T5G6I1|unreviewed|nitrate,4,4968.0,1433,833,58.129797627355195
Soil5.scaffold_549495455_c1_6,Bacillota,A0A0R1H9J7|unreviewed|nitrate,5,4469.0,1532,741,48.36814621409922
Soil5.scaffold_549495455_c1_6,Actinomycetota,Q1AWQ7|unreviewed|Nitrate,1,4462.0,1523,743,48.78529218647407
Soil5.scaffold_549495455_c1_6,Actinomycetota,A0A511D6I2|unreviewed|Nitrate,2,4316.0,1575,725,46.03174603174603
Soil5.scaffold_549495455_c1_6,Actinomycetota,A0A7K0W3P6|unreviewed|Nitrate,3,4332.0,1544,729,47.215025906735754
Soil5.scaffold_549495455_c1_6,Actinomycetota,U1QE67|unreviewed|nitrate,4,4187.0,1620,698,43.08641975308642
Soil5.scaffold_549495455_c1_6,Actinomycetota,A0A8J3NMA7|unreviewed|nitrate,5,4220.0,1571,693,44.1120305537874
Soil5.scaffold_549495455_c1_6,acidobacteriota,A0A936F3S9|unreviewed|nitrate,1,3947.0,1596,648,40.6015037593985
Soil5.scaffold_549495455_c1_6,acidobacteriota,A0A953EJI2|unreviewed|nitrate,2,4053.0,1582,665,42.0353982300885
Soil5.scaffold_549495455_c1_6,acidobacteriota,A0A1F2RVC6|unreviewed|nitrate,3,4062.0,1572,661,42.04834605597965
Soil5.scaffold_549495455_c1_6,acidobacteriota,A0A9D7SI32|unreviewed|nitrate,4,3956.0,1594,649,40.71518193224592
Soil5.scaffold_549495455_c1_6,acidobacteriota,A0A1F2SV26|unreviewed|4Fe-4S,5,3246.0,1475,531,36.0
Soil5.scaffold_549495455_c1_6,chloroflexota,A0A2N2MAT5|unreviewed|nitrate,1,4011.0,1599,658,41.15071919949968
Soil5.scaffold_549495455_c1_6,chloroflexota,A0A949W021|unreviewed|nitrate,2,4023.0,1602,651,40.63670411985019
Soil5.scaffold_549495455_c1_6,chloroflexota,A0A1F8L172|unreviewed|nitrate,3,4017.0,1570,664,42.29299363057325
Soil5.scaffold_549495455_c1_6,chloroflexota,A0A8J6NLS7|unreviewed|nitrate,4,4050.0,1570,661,42.10191082802548
Soil5.scaffold_549495455_c1_6,chloroflexota,A0A2M8CTB5|unreviewed|nitrate,5,4048.0,1570,670,42.675159235668794
Soil5.scaffold_549495455_c1_6,verrucomicrobiota,A0A849XW34|unreviewed|nitrate,1,4012.0,1596,655,41.040100250626566
Soil5.scaffold_549495455_c1_6,verrucomicrobiota,A0A933UFK4|unreviewed|nitrate,2,3980.0,1600,650,40.625
Soil5.scaffold_549495455_c1_6,verrucomicrobiota,A0A934F0J8|unreviewed|nitrate,3,3987.0,1598,654,40.926157697121404
Soil5.scaffold_549495455_c1_6,verrucomicrobiota,A0A832HWY0|unreviewed|Nitrate,4,3643.0,1581,591,37.381404174573056
Soil5.scaffold_549495455_c1_6,verrucomicrobiota,A0A7C4LZE2|unreviewed|nitrate,5,3962.0,1596,648,40.6015037593985
Soil5.scaffold_549495455_c1_6,gemmatimonadota,A0A2D5ZQA8|unreviewed|nitrate,1,3943.0,1605,650,40.49844236760124
Soil5.scaffold_549495455_c1_6,gemmatimonadota,A0A524IW10|unreviewed|nitrate,2,4002.0,1590,665,41.82389937106918
Soil5.scaffold_549495455_c1_6,gemmatimonadota,A0A933BW52|unreviewed|nitrate,3,3940.0,1624,639,39.34729064039409
Soil5.scaffold_549495455_c1_6,gemmatimonadota,A0A945GIP3|unreviewed|nitrate,4,4063.0,1583,669,42.26152874289324
Soil5.scaffold_549495455_c1_6,gemmatimonadota,A0A9D7CFV4|unreviewed|nitrate,5,3980.0,1597,653,40.889167188478396
Soil5.scaffold_549495455_c1_6,myxococcota,Q2IJW3|unreviewed|nitrate,1,3923.0,1593,644,40.42686754551161
Soil5.scaffold_549495455_c1_6,myxococcota,B4ULS9|unreviewed|nitrate,2,3914.0,1591,639,40.16341923318667
Soil5.scaffold_549495455_c1_6,myxococcota,A0A928XR34|unreviewed|nitrate,3,3906.0,1597,635,39.76205385097057
Soil5.scaffold_549495455_c1_6,myxococcota,A7HGD0|unreviewed|nitrate,4,3780.0,1618,619,38.25710754017305
Soil5.scaffold_549495455_c1_6,myxococcota,A0A947HI39|unreviewed|nitrate,5,3944.0,1624,645,39.716748768472904
Soil5.scaffold_120605214_c1_7,Bacteroidota,A0A399D723|unreviewed|nitrate,1,4029.0,1604,654,40.77306733167082
Soil5.scaffold_120605214_c1_7,Bacteroidota,A0A9D9VY91|unreviewed|nitrate,2,3926.0,1617,630,38.961038961038966
Soil5.scaffold_120605214_c1_7,Bacteroidota,A0A1G6KWR1|unreviewed|nitrate,3,4221.0,1600,696,43.5
Soil5.scaffold_120605214_c1_7,Bacteroidota,A0A1F3NZE7|unreviewed|nitrate,4,4085.0,1590,677,42.57861635220126
Soil5.scaffold_120605214_c1_7,Bacteroidota,A0A434AV88|unreviewed|nitrate,5,4245.0,1600,701,43.8125
Soil5.scaffold_120605214_c1_7,Pseudomonadota,A0A149V6R9|unreviewed|4Fe-4S,1,4144.0,1618,679,41.96538936959209
Soil5.scaffold_120605214_c1_7,Pseudomonadota,A0A4Q7N714|unreviewed|nitrate,2,4253.0,1616,699,43.254950495049506
Soil5.scaffold_120605214_c1_7,Pseudomonadota,A0A0N9VQU4|unreviewed|nitrate,3,4206.0,1602,697,43.508114856429465
Soil5.scaffold_120605214_c1_7,Pseudomonadota,A0A5B0BNB7|unreviewed|nitrate,4,4273.0,1626,713,43.849938499385
Soil5.scaffold_120605214_c1_7,Pseudomonadota,A0A7Z0I064|unreviewed|nitrate,5,4216.0,1610,693,43.04347826086957
Soil5.scaffold_120605214_c1_7,Bacillota,A0A1I1VAQ5|unreviewed|nitrate,1,5420.0,1389,940,67.67458603311735
Soil5.scaffold_120605214_c1_7,Bacillota,A0A5J5HPE3|unreviewed|nitrate,2,4546.0,1537,757,49.251789199739754
Soil5.scaffold_120605214_c1_7,Bacillota,A0A941E077|unreviewed|nitrate,3,4426.0,1548,736,47.54521963824289
Soil5.scaffold_120605214_c1_7,Bacillota,A0A2T5G6I1|unreviewed|nitrate,4,4616.0,1531,776,50.68582625734814
Soil5.scaffold_120605214_c1_7,Bacillota,A0A0R1H9J7|unreviewed|nitrate,5,4388.0,1559,722,46.31173829377806
Soil5.scaffold_120605214_c1_7,Actinomycetota,Q1AWQ7|unreviewed|Nitrate,1,4412.0,1541,741,48.08565866320571
Soil5.scaffold_120605214_c1_7,Actinomycetota,A0A511D6I2|unreviewed|Nitrate,2,4327.0,1587,730,45.99873976055451
Soil5.scaffold_120605214_c1_7,Actinomycetota,A0A7K0W3P6|unreviewed|Nitrate,3,4298.0,1554,717,46.13899613899614
Soil5.scaffold_120605214_c1_7,Actinomycetota,U1QE67|unreviewed|nitrate,4,4109.0,1640,680,41.46341463414634
Soil5.scaffold_120605214_c1_7,Actinomycetota,A0A8J3NMA7|unreviewed|nitrate,5,4172.0,1599,687,42.964352720450286
Soil5.scaffold_120605214_c1_7,acidobacteriota,A0A936F3S9|unreviewed|nitrate,1,4074.0,1596,665,41.66666666666667
Soil5.scaffold_120605214_c1_7,acidobacteriota,A0A953EJI2|unreviewed|nitrate,2,4066.0,1606,670,41.718555417185556
Soil5.scaffold_120605214_c1_7,acidobacteriota,A0A1F2RVC6|unreviewed|nitrate,3,4118.0,1601,675,42.16114928169894
Soil5.scaffold_120605214_c1_7,acidobacteriota,A0A9D7SI32|unreviewed|nitrate,4,4086.0,1594,667,41.8444165621079
Soil5.scaffold_120605214_c1_7,acidobacteriota,A0A1F2SV26|unreviewed|4Fe-4S,5,3287.0,1484,538,36.253369272237194
Soil5.scaffold_120605214_c1_7,chloroflexota,A0A2N2MAT5|unreviewed|nitrate,1,4084.0,1612,673,41.74937965260546
Soil5.scaffold_120605214_c1_7,chloroflexota,A0A949W021|unreviewed|nitrate,2,4027.0,1633,660,40.41641151255359
Soil5.scaffold_120605214_c1_7,chloroflexota,A0A1F8L172|unreviewed|nitrate,3,4087.0,1594,672,42.15809284818068
Soil5.scaffold_120605214_c1_7,chloroflexota,A0A8J6NLS7|unreviewed|nitrate,4,4102.0,1584,669,42.234848484848484
Soil5.scaffold_120605214_c1_7,chloroflexota,A0A2M8CTB5|unreviewed|nitrate,5,4100.0,1575,669,42.47619047619048
Soil5.scaffold_120605214_c1_7,verrucomicrobiota,A0A849XW34|unreviewed|nitrate,1,4035.0,1599,656,41.02564102564102
Soil5.scaffold_120605214_c1_7,verrucomicrobiota,A0A933UFK4|unreviewed|nitrate,2,3950.0,1615,644,39.87616099071207
Soil5.scaffold_120605214_c1_7,verrucomicrobiota,A0A934F0J8|unreviewed|nitrate,3,3959.0,1610,646,40.12422360248447
Soil5.scaffold_120605214_c1_7,verrucomicrobiota,A0A832HWY0|unreviewed|Nitrate,4,3604.0,1585,582,36.71924290220821
Soil5.scaffold_120605214_c1_7,verrucomicrobiota,A0A7C4LZE2|unreviewed|nitrate,5,3902.0,1613,636,39.429634221946685
Soil5.scaffold_120605214_c1_7,gemmatimonadota,A0A2D5ZQA8|unreviewed|nitrate,1,4033.0,1611,657,40.78212290502793
Soil5.scaffold_120605214_c1_7,gemmatimonadota,A0A524IW10|unreviewed|nitrate,2,4086.0,1598,673,42.11514392991239
Soil5.scaffold_120605214_c1_7,gemmatimonadota,A0A933BW52|unreviewed|nitrate,3,4051.0,1637,661,40.3787416004887
Soil5.scaffold_120605214_c1_7,gemmatimonadota,A0A945GIP3|unreviewed|nitrate,4,4078.0,1600,662,41.375
Soil5.scaffold_120605214_c1_7,gemmatimonadota,A0A9D7CFV4|unreviewed|nitrate,5,4018.0,1601,652,40.72454715802623
Soil5.scaffold_120605214_c1_7,myxococcota,Q2IJW3|unreviewed|nitrate,1,3964.0,1617,645,39.888682745825605
Soil5.scaffold_120605214_c1_7,myxococcota,B4ULS9|unreviewed|nitrate,2,3981.0,1618,650,40.17305315203956
Soil5.scaffold_120605214_c1_7,myxococcota,A0A928XR34|unreviewed|nitrate,3,3972.0,1612,641,39.764267990074444
Soil5.scaffold_120605214_c1_7,myxococcota,A7HGD0|unreviewed|nitrate,4,3881.0,1613,631,39.11965282083075
Soil5.scaffold_120605214_c1_7,myxococcota,A0A947HI39|unreviewed|nitrate,5,3966.0,1631,645,39.546290619252
Soil5.scaffold_416434691_c1_48,Bacteroidota,A0A399D723|unreviewed|nitrate,1,3982.0,1619,646,39.90117356392835
Soil5.scaffold_416434691_c1_48,Bacteroidota,A0A9D9VY91|unreviewed|nitrate,2,3996.0,1621,652,40.22208513263418
Soil5.scaffold_416434691_c1_48,Bacteroidota,A0A1G6KWR1|unreviewed|nitrate,3,4902.0,1492,830,55.630026809651476
Soil5.scaffold_416434691_c1_48,Bacteroidota,A0A1F3NZE7|unreviewed|nitrate,4,4031.0,1627,655,40.258143822987094
Soil5.scaffold_416434691_c1_48,Bacteroidota,A0A434AV88|unreviewed|nitrate,5,4901.0,1483,825,55.63047875927175
Soil5.scaffold_416434691_c1_48,Pseudomonadota,A0A149V6R9|unreviewed|4Fe-4S,1,4720.0,1537,801,52.114508783344185
Soil5.scaffold_416434691_c1_48,Pseudomonadota,A0A4Q7N714|unreviewed|nitrate,2,5284.0,1462,916,62.653898768809846
Soil5.scaffold_416434691_c1_48,Pseudomonadota,A0A0N9VQU4|unreviewed|nitrate,3,5067.0,1482,872,58.83940620782726
Soil5.scaffold_416434691_c1_48,Pseudomonadota,A0A5B0BNB7|unreviewed|nitrate,4,5140.0,1499,895,59.70647098065377
Soil5.scaffold_416434691_c1_48,Pseudomonadota,A0A7Z0I064|unreviewed|nitrate,5,5245.0,1460,911,62.3972602739726
Soil5.scaffold_416434691_c1_48,Bacillota,A0A1I1VAQ5|unreviewed|nitrate,1,4285.0,1595,705,44.20062695924764
Soil5.scaffold_416434691_c1_48,Bacillota,A0A5J5HPE3|unreviewed|nitrate,2,4302.0,1582,700,44.24778761061947
Soil5.scaffold_416434691_c1_48,Bacillota,A0A941E077|unreviewed|nitrate,3,4308.0,1580,709,44.87341772151899
Soil5.scaffold_416434691_c1_48,Bacillota,A0A2T5G6I1|unreviewed|nitrate,4,4498.0,1573,763,48.506039415130324
Soil5.scaffold_416434691_c1_48,Bacillota,A0A0R1H9J7|unreviewed|nitrate,5,4243.0,1594,697,43.72647427854454
Soil5.scaffold_416434691_c1_48,Actinomycetota,Q1AWQ7|unreviewed|Nitrate,1,4413.0,1565,739,47.22044728434505
Soil5.scaffold_416434691_c1_48,Actinomycetota,A0A511D6I2|unreviewed|Nitrate,2,4248.0,1627,716,44.00737553779963
Soil5.scaffold_416434691_c1_48,Actinomycetota,A0A7K0W3P6|unreviewed|Nitrate,3,4218.0,1597,710,44.45835942391985
Soil5.scaffold_416434691_c1_48,Actinomycetota,U1QE67|unreviewed|nitrate,4,4073.0,1659,673,40.566606389391204
Soil5.scaffold_416434691_c1_48,Actinomycetota,A0A8J3NMA7|unreviewed|nitrate,5,4167.0,1632,690,42.279411764705884
Soil5.scaffold_416434691_c1_48,acidobacteriota,A0A936F3S9|unreviewed|nitrate,1,4044.0,1619,654,40.395305744286595
Soil5.scaffold_416434691_c1_48,acidobacteriota,A0A953EJI2|unreviewed|nitrate,2,4093.0,1613,673,41.72349659020459
Soil5.scaffold_416434691_c1_48,acidobacteriota,A0A1F2RVC6|unreviewed|nitrate,3,4048.0,1623,654,40.29574861367837
Soil5.scaffold_416434691_c1_48,acidobacteriota,A0A9D7SI32|unreviewed|nitrate,4,4034.0,1622,653,40.25893958076448
Soil5.scaffold_416434691_c1_48,acidobacteriota,A0A1F2SV26|unreviewed|4Fe-4S,5,3276.0,1508,539,35.742705570291776
Soil5.scaffold_416434691_c1_48,chloroflexota,A0A2N2MAT5|unreviewed|nitrate,1,4192.0,1603,694,43.29382407985028
Soil5.scaffold_416434691_c1_48,chloroflexota,A0A949W021|unreviewed|nitrate,2,4095.0,1625,674,41.47692307692308
Soil5.scaffold_416434691_c1_48,chloroflexota,A0A1F8L172|unreviewed|nitrate,3,4045.0,1599,665,41.588492808005
Soil5.scaffold_416434691_c1_48,chloroflexota,A0A8J6NLS7|unreviewed|nitrate,4,4033.0,1615,659,40.804953560371516
Soil5.scaffold_416434691_c1_48,chloroflexota,A0A2M8CTB5|unreviewed|nitrate,5,4033.0,1604,664,41.39650872817955
Soil5.scaffold_416434691_c1_48,verrucomicrobiota,A0A849XW34|unreviewed|nitrate,1,4076.0,1614,662,41.01610904584882
Soil5.scaffold_416434691_c1_48,verrucomicrobiota,A0A933UFK4|unreviewed|nitrate,2,4085.0,1609,670,41.64077066500933
Soil5.scaffold_416434691_c1_48,verrucomicrobiota,A0A934F0J8|unreviewed|nitrate,3,4080.0,1611,671,41.65114835505897
Soil5.scaffold_416434691_c1_48,verrucomicrobiota,A0A832HWY0|unreviewed|Nitrate,4,3779.0,1576,618,39.213197969543145
Soil5.scaffold_416434691_c1_48,verrucomicrobiota,A0A7C4LZE2|unreviewed|nitrate,5,4071.0,1619,674,41.63063619518221
Soil5.scaffold_416434691_c1_48,gemmatimonadota,A0A2D5ZQA8|unreviewed|nitrate,1,4047.0,1619,659,40.7041383570105
Soil5.scaffold_416434691_c1_48,gemmatimonadota,A0A524IW10|unreviewed|nitrate,2,4073.0,1612,677,41.997518610421835
Soil5.scaffold_416434691_c1_48,gemmatimonadota,A0A933BW52|unreviewed|nitrate,3,3938.0,1665,647,38.85885885885886
Soil5.scaffold_416434691_c1_48,gemmatimonadota,A0A945GIP3|unreviewed|nitrate,4,4042.0,1621,659,40.65391733497841
Soil5.scaffold_416434691_c1_48,gemmatimonadota,A0A9D7CFV4|unreviewed|nitrate,5,4019.0,1623,657,40.48059149722736
Soil5.scaffold_416434691_c1_48,myxococcota,Q2IJW3|unreviewed|nitrate,1,4078.0,1615,680,42.10526315789473
Soil5.scaffold_416434691_c1_48,myxococcota,B4ULS9|unreviewed|nitrate,2,4083.0,1616,681,42.14108910891089
Soil5.scaffold_416434691_c1_48,myxococcota,A0A928XR34|unreviewed|nitrate,3,3966.0,1631,645,39.546290619252
Soil5.scaffold_416434691_c1_48,myxococcota,A7HGD0|unreviewed|nitrate,4,3917.0,1634,655,40.08567931456548
Soil5.scaffold_416434691_c1_48,myxococcota,A0A947HI39|unreviewed|nitrate,5,4129.0,1609,673,41.8272218769422
Soil5.scaffold_249001418_c1_2,Bacteroidota,A0A399D723|unreviewed|nitrate,1,3869.0,1637,632,38.60720830788027
Soil5.scaffold_249001418_c1_2,Bacteroidota,A0A9D9VY91|unreviewed|nitrate,2,3715.0,1658,594,35.826296743063935
Soil5.scaffold_249001418_c1_2,Bacteroidota,A0A1G6KWR1|unreviewed|nitrate,3,4125.0,1624,676,41.6256157635468
Soil5.scaffold_249001418_c1_2,Bacteroidota,A0A1F3NZE7|unreviewed|nitrate,4,3885.0,1632,633,38.786764705882355
Soil5.scaffold_249001418_c1_2,Bacteroidota,A0A434AV88|unreviewed|nitrate,5,4082.0,1628,664,40.78624078624078
Soil5.scaffold_249001418_c1_2,Pseudomonadota,A0A149V6R9|unreviewed|4Fe-4S,1,4230.0,1627,709,43.57713583282114
Soil5.scaffold_249001418_c1_2,Pseudomonadota,A0A4Q7N714|unreviewed|nitrate,2,4234.0,1638,712,43.46764346764347
Soil5.scaffold_249001418_c1_2,Pseudomonadota,A0A0N9VQU4|unreviewed|nitrate,3,4059.0,1641,668,40.70688604509446
Soil5.scaffold_249001418_c1_2,Pseudomonadota,A0A5B0BNB7|unreviewed|nitrate,4,4134.0,1660,685,41.265060240963855
Soil5.scaffold_249001418_c1_2,Pseudomonadota,A0A7Z0I064|unreviewed|nitrate,5,4169.0,1648,696,42.23300970873786
Soil5.scaffold_249001418_c1_2,Bacillota,A0A1I1VAQ5|unreviewed|nitrate,1,4293.0,1593,720,45.19774011299435
Soil5.scaffold_249001418_c1_2,Bacillota,A0A5J5HPE3|unreviewed|nitrate,2,4251.0,1598,710,44.43053817271589
Soil5.scaffold_249001418_c1_2,Bacillota,A0A941E077|unreviewed|nitrate,3,4234.0,1588,703,44.269521410579344
Soil5.scaffold_249001418_c1_2,Bacillota,A0A2T5G6I1|unreviewed|nitrate,4,4581.0,1562,787,50.38412291933418
Soil5.scaffold_249001418_c1_2,Bacillota,A0A0R1H9J7|unreviewed|nitrate,5,4183.0,1608,699,43.47014925373134
Soil5.scaffold_249001418_c1_2,Actinomycetota,Q1AWQ7|unreviewed|Nitrate,1,4934.0,1486,847,56.998654104979806
Soil5.scaffold_249001418_c1_2,Actinomycetota,A0A511D6I2|unreviewed|Nitrate,2,4852.0,1527,837,54.813359528487226
Soil5.scaffold_249001418_c1_2,Actinomycetota,A0A7K0W3P6|unreviewed|Nitrate,3,4876.0,1490,836,56.10738255033557
Soil5.scaffold_249001418_c1_2,Actinomycetota,U1QE67|unreviewed|nitrate,4,4580.0,1578,778,49.30291508238277
Soil5.scaffold_249001418_c1_2,Actinomycetota,A0A8J3NMA7|unreviewed|nitrate,5,4969.0,1487,856,57.565568258238066
Soil5.scaffold_249001418_c1_2,acidobacteriota,A0A936F3S9|unreviewed|nitrate,1,3962.0,1639,652,39.780353874313604
Soil5.scaffold_249001418_c1_2,acidobacteriota,A0A953EJI2|unreviewed|nitrate,2,3895.0,1650,637,38.6060606060606
Soil5.scaffold_249001418_c1_2,acidobacteriota,A0A1F2RVC6|unreviewed|nitrate,3,3912.0,1650,635,38.484848484848484
Soil5.scaffold_249001418_c1_2,acidobacteriota,A0A9D7SI32|unreviewed|nitrate,4,3967.0,1639,653,39.84136668700427
Soil5.scaffold_249001418_c1_2,acidobacteriota,A0A1F2SV26|unreviewed|4Fe-4S,5,3140.0,1538,517,33.61508452535761
Soil5.scaffold_249001418_c1_2,chloroflexota,A0A2N2MAT5|unreviewed|nitrate,1,3985.0,1631,661,40.527283874923356
Soil5.scaffold_249001418_c1_2,chloroflexota,A0A949W021|unreviewed|nitrate,2,3980.0,1644,656,39.90267639902677
Soil5.scaffold_249001418_c1_2,chloroflexota,A0A1F8L172|unreviewed|nitrate,3,3962.0,1617,655,40.50711193568336
Soil5.scaffold_249001418_c1_2,chloroflexota,A0A8J6NLS7|unreviewed|nitrate,4,3974.0,1630,655,40.1840490797546
Soil5.scaffold_249001418_c1_2,chloroflexota,A0A2M8CTB5|unreviewed|nitrate,5,3959.0,1620,655,40.4320987654321
Soil5.scaffold_249001418_c1_2,verrucomicrobiota,A0A849XW34|unreviewed|nitrate,1,3986.0,1630,666,40.85889570552147
Soil5.scaffold_249001418_c1_2,verrucomicrobiota,A0A933UFK4|unreviewed|nitrate,2,3873.0,1640,635,38.71951219512195
Soil5.scaffold_249001418_c1_2,verrucomicrobiota,A0A934F0J8|unreviewed|nitrate,3,3860.0,1641,632,38.51310176721511
Soil5.scaffold_249001418_c1_2,verrucomicrobiota,A0A832HWY0|unreviewed|Nitrate,4,3618.0,1610,600,37.267080745341616
Soil5.scaffold_249001418_c1_2,verrucomicrobiota,A0A7C4LZE2|unreviewed|nitrate,5,3859.0,1638,638,38.949938949938954
Soil5.scaffold_249001418_c1_2,gemmatimonadota,A0A2D5ZQA8|unreviewed|nitrate,1,3839.0,1661,634,38.169777242624924
Soil5.scaffold_249001418_c1_2,gemmatimonadota,A0A524IW10|unreviewed|nitrate,2,4075.0,1608,679,42.22636815920398
Soil5.scaffold_249001418_c1_2,gemmatimonadota,A0A933BW52|unreviewed|nitrate,3,3903.0,1666,643,38.59543817527011
Soil5.scaffold_249001418_c1_2,gemmatimonadota,A0A945GIP3|unreviewed|nitrate,4,3911.0,1656,636,38.405797101449274
Soil5.scaffold_249001418_c1_2,gemmatimonadota,A0A9D7CFV4|unreviewed|nitrate,5,3845.0,1646,629,38.213851761846904
Soil5.scaffold_249001418_c1_2,myxococcota,Q2IJW3|unreviewed|nitrate,1,4011.0,1633,674,41.27372933251684
Soil5.scaffold_249001418_c1_2,myxococcota,B4ULS9|unreviewed|nitrate,2,4008.0,1631,672,41.201716738197426
Soil5.scaffold_249001418_c1_2,myxococcota,A0A928XR34|unreviewed|nitrate,3,3818.0,1656,622,37.56038647342995
Soil5.scaffold_249001418_c1_2,myxococcota,A7HGD0|unreviewed|nitrate,4,3994.0,1626,680,41.82041820418204
Soil5.scaffold_249001418_c1_2,myxococcota,A0A947HI39|unreviewed|nitrate,5,3868.0,1651,636,38.5221078134464
Soil5.scaffold_82918708_c1_12,Bacteroidota,A0A399D723|unreviewed|nitrate,1,4022.0,1589,656,41.28382630585274
Soil5.scaffold_82918708_c1_12,Bacteroidota,A0A9D9VY91|unreviewed|nitrate,2,4024.0,1588,657,41.3727959697733
Soil5.scaffold_82918708_c1_12,Bacteroidota,A0A1G6KWR1|unreviewed|nitrate,3,4349.0,1568,722,46.045918367346935
Soil5.scaffold_82918708_c1_12,Bacteroidota,A0A1F3NZE7|unreviewed|nitrate,4,4124.0,1575,687,43.61904761904762
Soil5.scaffold_82918708_c1_12,Bacteroidota,A0A434AV88|unreviewed|nitrate,5,4373.0,1566,725,46.2962962962963
Soil5.scaffold_82918708_c1_12,Pseudomonadota,A0A149V6R9|unreviewed|4Fe-4S,1,4295.0,1586,713,44.955863808322825
Soil5.scaffold_82918708_c1_12,Pseudomonadota,A0A4Q7N714|unreviewed|nitrate,2,4447.0,1565,740,47.284345047923324
Soil5.scaffold_82918708_c1_12,Pseudomonadota,A0A0N9VQU4|unreviewed|nitrate,3,4409.0,1560,736,47.179487179487175
Soil5.scaffold_82918708_c1_12,Pseudomonadota,A0A5B0BNB7|unreviewed|nitrate,4,4399.0,1583,734,46.36765634870499
Soil5.scaffold_82918708_c1_12,Pseudomonadota,A0A7Z0I064|unreviewed|nitrate,5,4381.0,1578,729,46.19771863117871
Soil5.scaffold_82918708_c1_12,Bacillota,A0A1I1VAQ5|unreviewed|nitrate,1,4587.0,1524,761,49.93438320209974
Soil5.scaffold_82918708_c1_12,Bacillota,A0A5J5HPE3|unreviewed|nitrate,2,4751.0,1479,797,53.88776200135227
Soil5.scaffold_82918708_c1_12,Bacillota,A0A941E077|unreviewed|nitrate,3,5038.0,1438,855,59.45757997218358
Soil5.scaffold_82918708_c1_12,Bacillota,A0A2T5G6I1|unreviewed|nitrate,4,5438.0,1384,945,68.28034682080924
Soil5.scaffold_82918708_c1_12,Bacillota,A0A0R1H9J7|unreviewed|nitrate,5,4564.0,1507,748,49.63503649635037
Soil5.scaffold_82918708_c1_12,Actinomycetota,Q1AWQ7|unreviewed|Nitrate,1,4632.0,1497,782,52.237808951235806
Soil5.scaffold_82918708_c1_12,Actinomycetota,A0A511D6I2|unreviewed|Nitrate,2,4392.0,1562,740,47.37516005121639
Soil5.scaffold_82918708_c1_12,Actinomycetota,A0A7K0W3P6|unreviewed|Nitrate,3,4359.0,1539,736,47.823261858349575
Soil5.scaffold_82918708_c1_12,Actinomycetota,U1QE67|unreviewed|nitrate,4,4225.0,1612,697,43.23821339950372
Soil5.scaffold_82918708_c1_12,Actinomycetota,A0A8J3NMA7|unreviewed|nitrate,5,4323.0,1568,726,46.30102040816326
Soil5.scaffold_82918708_c1_12,acidobacteriota,A0A936F3S9|unreviewed|nitrate,1,4114.0,1571,679,43.220878421387646
Soil5.scaffold_82918708_c1_12,acidobacteriota,A0A953EJI2|unreviewed|nitrate,2,4178.0,1572,696,44.274809160305345
Soil5.scaffold_82918708_c1_12,acidobacteriota,A0A1F2RVC6|unreviewed|nitrate,3,4177.0,1565,687,43.89776357827476
Soil5.scaffold_82918708_c1_12,acidobacteriota,A0A9D7SI32|unreviewed|nitrate,4,4123.0,1570,681,43.37579617834395
Soil5.scaffold_82918708_c1_12,acidobacteriota,A0A1F2SV26|unreviewed|4Fe-4S,5,3362.0,1455,559,38.4192439862543
Soil5.scaffold_82918708_c1_12,chloroflexota,A0A2N2MAT5|unreviewed|nitrate,1,4142.0,1579,680,43.06523115896137
Soil5.scaffold_82918708_c1_12,chloroflexota,A0A949W021|unreviewed|nitrate,2,4122.0,1590,675,42.45283018867924
Soil5.scaffold_82918708_c1_12,chloroflexota,A0A1F8L172|unreviewed|nitrate,3,4118.0,1555,677,43.536977491961416
Soil5.scaffold_82918708_c1_12,chloroflexota,A0A8J6NLS7|unreviewed|nitrate,4,4163.0,1564,683,43.670076726342714
Soil5.scaffold_82918708_c1_12,chloroflexota,A0A2M8CTB5|unreviewed|nitrate,5,4176.0,1561,694,44.458680333119794
Soil5.scaffold_82918708_c1_12,verrucomicrobiota,A0A849XW34|unreviewed|nitrate,1,4160.0,1572,685,43.57506361323155
Soil5.scaffold_82918708_c1_12,verrucomicrobiota,A0A933UFK4|unreviewed|nitrate,2,4103.0,1584,677,42.73989898989899
Soil5.scaffold_82918708_c1_12,verrucomicrobiota,A0A934F0J8|unreviewed|nitrate,3,4132.0,1581,683,43.20050600885516
Soil5.scaffold_82918708_c1_12,verrucomicrobiota,A0A832HWY0|unreviewed|Nitrate,4,3750.0,1563,620,39.667306461932185
Soil5.scaffold_82918708_c1_12,verrucomicrobiota,A0A7C4LZE2|unreviewed|nitrate,5,4116.0,1581,687,43.45351043643264
Soil5.scaffold_82918708_c1_12,gemmatimonadota,A0A2D5ZQA8|unreviewed|nitrate,1,4092.0,1586,679,42.81210592686003
Soil5.scaffold_82918708_c1_12,gemmatimonadota,A0A524IW10|unreviewed|nitrate,2,4195.0,1570,708,45.095541401273884
Soil5.scaffold_82918708_c1_12,gemmatimonadota,A0A933BW52|unreviewed|nitrate,3,4013.0,1627,656,40.319606637984016
Soil5.scaffold_82918708_c1_12,gemmatimonadota,A0A945GIP3|unreviewed|nitrate,4,4107.0,1574,677,43.01143583227446
Soil5.scaffold_82918708_c1_12,gemmatimonadota,A0A9D7CFV4|unreviewed|nitrate,5,4020.0,1590,659,41.44654088050315
Soil5.scaffold_82918708_c1_12,myxococcota,Q2IJW3|unreviewed|nitrate,1,4115.0,1574,684,43.4561626429479
Soil5.scaffold_82918708_c1_12,myxococcota,B4ULS9|unreviewed|nitrate,2,4105.0,1580,682,43.164556962025316
Soil5.scaffold_82918708_c1_12,myxococcota,A0A928XR34|unreviewed|nitrate,3,4038.0,1583,661,41.75615919140871
Soil5.scaffold_82918708_c1_12,myxococcota,A7HGD0|unreviewed|nitrate,4,3979.0,1589,663,41.72435494021397
Soil5.scaffold_82918708_c1_12,myxococcota,A0A947HI39|unreviewed|nitrate,5,4053.0,1597,666,41.703193487789605
Soil5.scaffold_559257041_c1_1,Bacteroidota,A0A399D723|unreviewed|nitrate,1,4041.0,1590,658,41.38364779874214
Soil5.scaffold_559257041_c1_1,Bacteroidota,A0A9D9VY91|unreviewed|nitrate,2,3894.0,1615,626,38.76160990712074
Soil5.scaffold_559257041_c1_1,Bacteroidota,A0A1G6KWR1|unreviewed|nitrate,3,4255.0,1589,696,43.80113278791693
Soil5.scaffold_559257041_c1_1,Bacteroidota,A0A1F3NZE7|unreviewed|nitrate,4,4066.0,1598,666,41.677096370463076
Soil5.scaffold_559257041_c1_1,Bacteroidota,A0A434AV88|unreviewed|nitrate,5,4240.0,1587,689,43.41524889729049
Soil5.scaffold_559257041_c1_1,Pseudomonadota,A0A149V6R9|unreviewed|4Fe-4S,1,4263.0,1615,714,44.21052631578947
Soil5.scaffold_559257041_c1_1,Pseudomonadota,A0A4Q7N714|unreviewed|nitrate,2,4284.0,1604,715,44.576059850374065
Soil5.scaffold_559257041_c1_1,Pseudomonadota,A0A0N9VQU4|unreviewed|nitrate,3,4255.0,1587,702,44.234404536862
Soil5.scaffold_559257041_c1_1,Pseudomonadota,A0A5B0BNB7|unreviewed|nitrate,4,4273.0,1614,708,43.866171003717476
Soil5.scaffold_559257041_c1_1,Pseudomonadota,A0A7Z0I064|unreviewed|nitrate,5,4308.0,1596,719,45.0501253132832
Soil5.scaffold_559257041_c1_1,Bacillota,A0A1I1VAQ5|unreviewed|nitrate,1,4465.0,1558,757,48.587933247753526
Soil5.scaffold_559257041_c1_1,Bacillota,A0A5J5HPE3|unreviewed|nitrate,2,4409.0,1543,734,47.569669475048606
Soil5.scaffold_559257041_c1_1,Bacillota,A0A941E077|unreviewed|nitrate,3,4381.0,1555,728,46.81672025723473
Soil5.scaffold_559257041_c1_1,Bacillota,A0A2T5G6I1|unreviewed|nitrate,4,4723.0,1516,802,52.90237467018469
Soil5.scaffold_559257041_c1_1,Bacillota,A0A0R1H9J7|unreviewed|nitrate,5,4338.0,1569,721,45.95283620140217
Soil5.scaffold_559257041_c1_1,Actinomycetota,Q1AWQ7|unreviewed|Nitrate,1,5094.0,1428,874,61.20448179271709
Soil5.scaffold_559257041_c1_1,Actinomycetota,A0A511D6I2|unreviewed|Nitrate,2,4768.0,1524,815,53.47769028871391
Soil5.scaffold_559257041_c1_1,Actinomycetota,A0A7K0W3P6|unreviewed|Nitrate,3,4831.0,1480,830,56.08108108108109
Soil5.scaffold_559257041_c1_1,Actinomycetota,U1QE67|unreviewed|nitrate,4,4498.0,1571,752,47.86760025461489
Soil5.scaffold_559257041_c1_1,Actinomycetota,A0A8J3NMA7|unreviewed|nitrate,5,4753.0,1512,818,54.1005291005291
Soil5.scaffold_559257041_c1_1,acidobacteriota,A0A936F3S9|unreviewed|nitrate,1,4071.0,1605,669,41.6822429906542
Soil5.scaffold_559257041_c1_1,acidobacteriota,A0A953EJI2|unreviewed|nitrate,2,4096.0,1605,669,41.6822429906542
Soil5.scaffold_559257041_c1_1,acidobacteriota,A0A1F2RVC6|unreviewed|nitrate,3,4134.0,1600,683,42.6875
Soil5.scaffold_559257041_c1_1,acidobacteriota,A0A9D7SI32|unreviewed|nitrate,4,4073.0,1608,670,41.66666666666667
Soil5.scaffold_559257041_c1_1,acidobacteriota,A0A1F2SV26|unreviewed|4Fe-4S,5,3327.0,1487,551,37.05447209145931
Soil5.scaffold_559257041_c1_1,chloroflexota,A0A2N2MAT5|unreviewed|nitrate,1,4095.0,1597,674,42.20413274890419
Soil5.scaffold_559257041_c1_1,chloroflexota,A0A949W021|unreviewed|nitrate,2,4098.0,1609,675,41.951522684897455
Soil5.scaffold_559257041_c1_1,chloroflexota,A0A1F8L172|unreviewed|nitrate,3,4075.0,1588,675,42.50629722921914
Soil5.scaffold_559257041_c1_1,chloroflexota,A0A8J6NLS7|unreviewed|nitrate,4,4118.0,1582,677,42.79393173198483
Soil5.scaffold_559257041_c1_1,chloroflexota,A0A2M8CTB5|unreviewed|nitrate,5,4145.0,1572,682,43.38422391857507
Soil5.scaffold_559257041_c1_1,verrucomicrobiota,A0A849XW34|unreviewed|nitrate,1,4134.0,1594,685,42.973651191969886
Soil5.scaffold_559257041_c1_1,verrucomicrobiota,A0A933UFK4|unreviewed|nitrate,2,4082.0,1612,680,42.18362282878412
Soil5.scaffold_559257041_c1_1,verrucomicrobiota,A0A934F0J8|unreviewed|nitrate,3,4049.0,1607,672,41.8170504044804
Soil5.scaffold_559257041_c1_1,verrucomicrobiota,A0A832HWY0|unreviewed|Nitrate,4,3671.0,1589,603,37.948395217117685
Soil5.scaffold_559257041_c1_1,verrucomicrobiota,A0A7C4LZE2|unreviewed|nitrate,5,4071.0,1599,677,42.338961851156974
Soil5.scaffold_559257041_c1_1,gemmatimonadota,A0A2D5ZQA8|unreviewed|nitrate,1,4018.0,1607,657,40.88363410080896
Soil5.scaffold_559257041_c1_1,gemmatimonadota,A0A524IW10|unreviewed|nitrate,2,4141.0,1584,691,43.62373737373738
Soil5.scaffold_559257041_c1_1,gemmatimonadota,A0A933BW52|unreviewed|nitrate,3,4062.0,1649,670,40.63068526379624
Soil5.scaffold_559257041_c1_1,gemmatimonadota,A0A945GIP3|unreviewed|nitrate,4,4088.0,1601,665,41.5365396627108
Soil5.scaffold_559257041_c1_1,gemmatimonadota,A0A9D7CFV4|unreviewed|nitrate,5,4026.0,1605,657,40.93457943925234
Soil5.scaffold_559257041_c1_1,myxococcota,Q2IJW3|unreviewed|nitrate,1,4090.0,1600,686,42.875
Soil5.scaffold_559257041_c1_1,myxococcota,B4ULS9|unreviewed|nitrate,2,4092.0,1599,687,42.964352720450286
Soil5.scaffold_559257041_c1_1,myxococcota,A0A928XR34|unreviewed|nitrate,3,3999.0,1609,654,40.646364201367305
Soil5.scaffold_559257041_c1_1,myxococcota,A7HGD0|unreviewed|nitrate,4,3989.0,1612,671,41.62531017369727
Soil5.scaffold_559257041_c1_1,myxococcota,A0A947HI39|unreviewed|nitrate,5,4034.0,1614,664,41.14002478314746
Soil5.scaffold_434220697_c1_2,Bacteroidota,A0A399D723|unreviewed|nitrate,1,4059.0,1588,659,41.49874055415617
Soil5.scaffold_434220697_c1_2,Bacteroidota,A0A9D9VY91|unreviewed|nitrate,2,4002.0,1605,651,40.560747663551396
Soil5.scaffold_434220697_c1_2,Bacteroidota,A0A1G6KWR1|unreviewed|nitrate,3,4238.0,1598,697,43.61702127659575
Soil5.scaffold_434220697_c1_2,Bacteroidota,A0A1F3NZE7|unreviewed|nitrate,4,4082.0,1593,667,41.8706842435656
Soil5.scaffold_434220697_c1_2,Bacteroidota,A0A434AV88|unreviewed|nitrate,5,4246.0,1601,698,43.597751405371646
Soil5.scaffold_434220697_c1_2,Pseudomonadota,A0A149V6R9|unreviewed|4Fe-4S,1,4267.0,1599,703,43.964978111319574
Soil5.scaffold_434220697_c1_2,Pseudomonadota,A0A4Q7N714|unreviewed|nitrate,2,4259.0,1600,695,43.4375
Soil5.scaffold_434220697_c1_2,Pseudomonadota,A0A0N9VQU4|unreviewed|nitrate,3,4201.0,1597,691,43.2686286787727
Soil5.scaffold_434220697_c1_2,Pseudomonadota,A0A5B0BNB7|unreviewed|nitrate,4,4308.0,1605,713,44.42367601246106
Soil5.scaffold_434220697_c1_2,Pseudomonadota,A0A7Z0I064|unreviewed|nitrate,5,4251.0,1605,698,43.48909657320873
Soil5.scaffold_434220697_c1_2,Bacillota,A0A1I1VAQ5|unreviewed|nitrate,1,5385.0,1392,926,66.52298850574712
Soil5.scaffold_434220697_c1_2,Bacillota,A0A5J5HPE3|unreviewed|nitrate,2,4580.0,1525,760,49.8360655737705
Soil5.scaffold_434220697_c1_2,Bacillota,A0A941E077|unreviewed|nitrate,3,4466.0,1532,743,48.49869451697128
Soil5.scaffold_434220697_c1_2,Bacillota,A0A2T5G6I1|unreviewed|nitrate,4,4706.0,1508,789,52.3209549071618
Soil5.scaffold_434220697_c1_2,Bacillota,A0A0R1H9J7|unreviewed|nitrate,5,4423.0,1548,729,47.093023255813954
Soil5.scaffold_434220697_c1_2,Actinomycetota,Q1AWQ7|unreviewed|Nitrate,1,4542.0,1523,764,50.16414970453054
Soil5.scaffold_434220697_c1_2,Actinomycetota,A0A511D6I2|unreviewed|Nitrate,2,4336.0,1585,723,45.615141955835966
Soil5.scaffold_434220697_c1_2,Actinomycetota,A0A7K0W3P6|unreviewed|Nitrate,3,4366.0,1547,727,46.99418228829993
Soil5.scaffold_434220697_c1_2,Actinomycetota,U1QE67|unreviewed|nitrate,4,4176.0,1619,688,42.49536751080914
Soil5.scaffold_434220697_c1_2,Actinomycetota,A0A8J3NMA7|unreviewed|nitrate,5,4251.0,1585,703,44.353312302839115
Soil5.scaffold_434220697_c1_2,acidobacteriota,A0A936F3S9|unreviewed|nitrate,1,4123.0,1594,677,42.47176913425345
Soil5.scaffold_434220697_c1_2,acidobacteriota,A0A953EJI2|unreviewed|nitrate,2,4123.0,1599,675,42.21388367729831
Soil5.scaffold_434220697_c1_2,acidobacteriota,A0A1F2RVC6|unreviewed|nitrate,3,4152.0,1598,684,42.803504380475594
Soil5.scaffold_434220697_c1_2,acidobacteriota,A0A9D7SI32|unreviewed|nitrate,4,4120.0,1594,676,42.4090338770389
Soil5.scaffold_434220697_c1_2,acidobacteriota,A0A1F2SV26|unreviewed|4Fe-4S,5,3304.0,1487,539,36.247478143913916
Soil5.scaffold_434220697_c1_2,chloroflexota,A0A2N2MAT5|unreviewed|nitrate,1,4120.0,1595,671,42.06896551724138
Soil5.scaffold_434220697_c1_2,chloroflexota,A0A949W021|unreviewed|nitrate,2,4073.0,1602,656,40.94881398252185
Soil5.scaffold_434220697_c1_2,chloroflexota,A0A1F8L172|unreviewed|nitrate,3,4111.0,1583,672,42.45104232469994
Soil5.scaffold_434220697_c1_2,chloroflexota,A0A8J6NLS7|unreviewed|nitrate,4,4156.0,1576,675,42.82994923857868
Soil5.scaffold_434220697_c1_2,chloroflexota,A0A2M8CTB5|unreviewed|nitrate,5,4167.0,1569,688,43.849585723390696
Soil5.scaffold_434220697_c1_2,verrucomicrobiota,A0A849XW34|unreviewed|nitrate,1,4073.0,1597,667,41.76581089542893
Soil5.scaffold_434220697_c1_2,verrucomicrobiota,A0A933UFK4|unreviewed|nitrate,2,4015.0,1611,660,40.9683426443203
Soil5.scaffold_434220697_c1_2,verrucomicrobiota,A0A934F0J8|unreviewed|nitrate,3,3990.0,1603,653,40.73611977542109
Soil5.scaffold_434220697_c1_2,verrucomicrobiota,A0A832HWY0|unreviewed|Nitrate,4,3632.0,1583,589,37.20783322804801
Soil5.scaffold_434220697_c1_2,verrucomicrobiota,A0A7C4LZE2|unreviewed|nitrate,5,3978.0,1615,658,40.743034055727556
Soil5.scaffold_434220697_c1_2,gemmatimonadota,A0A2D5ZQA8|unreviewed|nitrate,1,4106.0,1593,671,42.1217827997489
Soil5.scaffold_434220697_c1_2,gemmatimonadota,A0A524IW10|unreviewed|nitrate,2,4118.0,1584,681,42.99242424242424
Soil5.scaffold_434220697_c1_2,gemmatimonadota,A0A933BW52|unreviewed|nitrate,3,4073.0,1624,662,40.76354679802955
Soil5.scaffold_434220697_c1_2,gemmatimonadota,A0A945GIP3|unreviewed|nitrate,4,4154.0,1593,683,42.8750784682988
Soil5.scaffold_434220697_c1_2,gemmatimonadota,A0A9D7CFV4|unreviewed|nitrate,5,4029.0,1602,665,41.51061173533084
Soil5.scaffold_434220697_c1_2,myxococcota,Q2IJW3|unreviewed|nitrate,1,4042.0,1601,663,41.41161773891318
Soil5.scaffold_434220697_c1_2,myxococcota,B4ULS9|unreviewed|nitrate,2,4059.0,1598,667,41.73967459324155
Soil5.scaffold_434220697_c1_2,myxococcota,A0A928XR34|unreviewed|nitrate,3,4023.0,1606,660,41.0958904109589
Soil5.scaffold_434220697_c1_2,myxococcota,A7HGD0|unreviewed|nitrate,4,3918.0,1611,645,40.03724394785848
Soil5.scaffold_434220697_c1_2,myxococcota,A0A947HI39|unreviewed|nitrate,5,4014.0,1612,654,40.57071960297767
Soil5.scaffold_13272894_c1_8,Bacteroidota,A0A399D723|unreviewed|nitrate,1,3954.0,1592,634,39.824120603015075
Soil5.scaffold_13272894_c1_8,Bacteroidota,A0A9D9VY91|unreviewed|nitrate,2,3875.0,1609,617,38.346799254195155
Soil5.scaffold_13272894_c1_8,Bacteroidota,A0A1G6KWR1|unreviewed|nitrate,3,4118.0,1604,670,41.77057356608479
Soil5.scaffold_13272894_c1_8,Bacteroidota,A0A1F3NZE7|unreviewed|nitrate,4,4006.0,1585,643,40.56782334384858
Soil5.scaffold_13272894_c1_8,Bacteroidota,A0A434AV88|unreviewed|nitrate,5,4098.0,1610,661,41.05590062111801
Soil5.scaffold_13272894_c1_8,Pseudomonadota,A0A149V6R9|unreviewed|4Fe-4S,1,4224.0,1613,710,44.017358958462495
Soil5.scaffold_13272894_c1_8,Pseudomonadota,A0A4Q7N714|unreviewed|nitrate,2,4225.0,1615,701,43.40557275541796
Soil5.scaffold_13272894_c1_8,Pseudomonadota,A0A0N9VQU4|unreviewed|nitrate,3,4157.0,1600,682,42.625
Soil5.scaffold_13272894_c1_8,Pseudomonadota,A0A5B0BNB7|unreviewed|nitrate,4,4197.0,1621,687,42.38124614435533
Soil5.scaffold_13272894_c1_8,Pseudomonadota,A0A7Z0I064|unreviewed|nitrate,5,4213.0,1613,699,43.33539987600744
Soil5.scaffold_13272894_c1_8,Bacillota,A0A1I1VAQ5|unreviewed|nitrate,1,4377.0,1562,730,46.73495518565941
Soil5.scaffold_13272894_c1_8,Bacillota,A0A5J5HPE3|unreviewed|nitrate,2,4300.0,1561,707,45.2914798206278
Soil5.scaffold_13272894_c1_8,Bacillota,A0A941E077|unreviewed|nitrate,3,4326.0,1549,712,45.96513879922531
Soil5.scaffold_13272894_c1_8,Bacillota,A0A2T5G6I1|unreviewed|nitrate,4,4632.0,1532,793,51.76240208877284
Soil5.scaffold_13272894_c1_8,Bacillota,A0A0R1H9J7|unreviewed|nitrate,5,4242.0,1569,701,44.67813894200127
Soil5.scaffold_13272894_c1_8,Actinomycetota,Q1AWQ7|unreviewed|Nitrate,1,5007.0,1450,857,59.10344827586207
Soil5.scaffold_13272894_c1_8,Actinomycetota,A0A511D6I2|unreviewed|Nitrate,2,4724.0,1534,812,52.9335071707953
Soil5.scaffold_13272894_c1_8,Actinomycetota,A0A7K0W3P6|unreviewed|Nitrate,3,4733.0,1497,804,53.707414829659314
Soil5.scaffold_13272894_c1_8,Actinomycetota,U1QE67|unreviewed|nitrate,4,4461.0,1577,746,47.305009511731136
Soil5.scaffold_13272894_c1_8,Actinomycetota,A0A8J3NMA7|unreviewed|nitrate,5,4706.0,1515,807,53.26732673267327
Soil5.scaffold_13272894_c1_8,acidobacteriota,A0A936F3S9|unreviewed|nitrate,1,4039.0,1597,661,41.39010644959299
Soil5.scaffold_13272894_c1_8,acidobacteriota,A0A953EJI2|unreviewed|nitrate,2,4101.0,1588,669,42.12846347607053
Soil5.scaffold_13272894_c1_8,acidobacteriota,A0A1F2RVC6|unreviewed|nitrate,3,4075.0,1590,665,41.82389937106918
Soil5.scaffold_13272894_c1_8,acidobacteriota,A0A9D7SI32|unreviewed|nitrate,4,4053.0,1594,663,41.59347553324969
Soil5.scaffold_13272894_c1_8,acidobacteriota,A0A1F2SV26|unreviewed|4Fe-4S,5,3319.0,1479,555,37.52535496957404
Soil5.scaffold_13272894_c1_8,chloroflexota,A0A2N2MAT5|unreviewed|nitrate,1,4122.0,1591,682,42.86612193588938
Soil5.scaffold_13272894_c1_8,chloroflexota,A0A949W021|unreviewed|nitrate,2,4109.0,1607,683,42.50155569383946
Soil5.scaffold_13272894_c1_8,chloroflexota,A0A1F8L172|unreviewed|nitrate,3,4050.0,1589,674,42.416614222781625
Soil5.scaffold_13272894_c1_8,chloroflexota,A0A8J6NLS7|unreviewed|nitrate,4,4080.0,1590,670,42.138364779874216
Soil5.scaffold_13272894_c1_8,chloroflexota,A0A2M8CTB5|unreviewed|nitrate,5,4110.0,1574,677,43.01143583227446
Soil5.scaffold_13272894_c1_8,verrucomicrobiota,A0A849XW34|unreviewed|nitrate,1,4054.0,1599,670,41.901188242651656
Soil5.scaffold_13272894_c1_8,verrucomicrobiota,A0A933UFK4|unreviewed|nitrate,2,4038.0,1602,661,41.26092384519351
Soil5.scaffold_13272894_c1_8,verrucomicrobiota,A0A934F0J8|unreviewed|nitrate,3,4020.0,1600,659,41.1875
Soil5.scaffold_13272894_c1_8,verrucomicrobiota,A0A832HWY0|unreviewed|Nitrate,4,3691.0,1580,611,38.67088607594937
Soil5.scaffold_13272894_c1_8,verrucomicrobiota,A0A7C4LZE2|unreviewed|nitrate,5,4025.0,1598,662,41.42678347934919
Soil5.scaffold_13272894_c1_8,gemmatimonadota,A0A2D5ZQA8|unreviewed|nitrate,1,3982.0,1612,655,40.63275434243176
Soil5.scaffold_13272894_c1_8,gemmatimonadota,A0A524IW10|unreviewed|nitrate,2,4115.0,1580,682,43.164556962025316
Soil5.scaffold_13272894_c1_8,gemmatimonadota,A0A933BW52|unreviewed|nitrate,3,4018.0,1648,659,39.987864077669904
Soil5.scaffold_13272894_c1_8,gemmatimonadota,A0A945GIP3|unreviewed|nitrate,4,4077.0,1596,667,41.79197994987469
Soil5.scaffold_13272894_c1_8,gemmatimonadota,A0A9D7CFV4|unreviewed|nitrate,5,3991.0,1600,652,40.75
Soil5.scaffold_13272894_c1_8,myxococcota,Q2IJW3|unreviewed|nitrate,1,4053.0,1596,682,42.73182957393484
Soil5.scaffold_13272894_c1_8,myxococcota,B4ULS9|unreviewed|nitrate,2,4055.0,1599,682,42.65165728580363
Soil5.scaffold_13272894_c1_8,myxococcota,A0A928XR34|unreviewed|nitrate,3,3988.0,1599,647,40.46278924327705
Soil5.scaffold_13272894_c1_8,myxococcota,A7HGD0|unreviewed|nitrate,4,4007.0,1595,682,42.758620689655174
Soil5.scaffold_13272894_c1_8,myxococcota,A0A947HI39|unreviewed|nitrate,5,4039.0,1608,666,41.417910447761194
Soil6.scaffold_86801766_c1_2,Bacteroidota,A0A399D723|unreviewed|nitrate,1,3947.0,1603,643,40.11228945726762
Soil6.scaffold_86801766_c1_2,Bacteroidota,A0A9D9VY91|unreviewed|nitrate,2,3864.0,1605,617,38.442367601246104
Soil6.scaffold_86801766_c1_2,Bacteroidota,A0A1G6KWR1|unreviewed|nitrate,3,4182.0,1590,685,43.08176100628931
Soil6.scaffold_86801766_c1_2,Bacteroidota,A0A1F3NZE7|unreviewed|nitrate,4,3978.0,1590,642,40.37735849056604
Soil6.scaffold_86801766_c1_2,Bacteroidota,A0A434AV88|unreviewed|nitrate,5,4139.0,1600,672,42.0
Soil6.scaffold_86801766_c1_2,Pseudomonadota,A0A149V6R9|unreviewed|4Fe-4S,1,4278.0,1597,717,44.89668127739512
Soil6.scaffold_86801766_c1_2,Pseudomonadota,A0A4Q7N714|unreviewed|nitrate,2,4238.0,1599,705,44.090056285178235
Soil6.scaffold_86801766_c1_2,Pseudomonadota,A0A0N9VQU4|unreviewed|nitrate,3,4152.0,1590,681,42.83018867924528
Soil6.scaffold_86801766_c1_2,Pseudomonadota,A0A5B0BNB7|unreviewed|nitrate,4,4210.0,1614,691,42.81288723667906
Soil6.scaffold_86801766_c1_2,Pseudomonadota,A0A7Z0I064|unreviewed|nitrate,5,4246.0,1594,699,43.851944792973654
Soil6.scaffold_86801766_c1_2,Bacillota,A0A1I1VAQ5|unreviewed|nitrate,1,4412.0,1551,742,47.840103159252095
Soil6.scaffold_86801766_c1_2,Bacillota,A0A5J5HPE3|unreviewed|nitrate,2,4367.0,1542,724,46.952010376134886
Soil6.scaffold_86801766_c1_2,Bacillota,A0A941E077|unreviewed|nitrate,3,4328.0,1543,714,46.27349319507453
Soil6.scaffold_86801766_c1_2,Bacillota,A0A2T5G6I1|unreviewed|nitrate,4,4653.0,1513,796,52.61070720423001
Soil6.scaffold_86801766_c1_2,Bacillota,A0A0R1H9J7|unreviewed|nitrate,5,4259.0,1568,709,45.21683673469388
Soil6.scaffold_86801766_c1_2,Actinomycetota,Q1AWQ7|unreviewed|Nitrate,1,4997.0,1439,853,59.277275886031966
Soil6.scaffold_86801766_c1_2,Actinomycetota,A0A511D6I2|unreviewed|Nitrate,2,4741.0,1518,815,53.689064558629774
Soil6.scaffold_86801766_c1_2,Actinomycetota,A0A7K0W3P6|unreviewed|Nitrate,3,4772.0,1481,814,54.962862930452395
Soil6.scaffold_86801766_c1_2,Actinomycetota,U1QE67|unreviewed|nitrate,4,4526.0,1575,770,48.888888888888886
Soil6.scaffold_86801766_c1_2,Actinomycetota,A0A8J3NMA7|unreviewed|nitrate,5,4685.0,1512,799,52.84391534391535
Soil6.scaffold_86801766_c1_2,acidobacteriota,A0A936F3S9|unreviewed|nitrate,1,4026.0,1597,659,41.26487163431434
Soil6.scaffold_86801766_c1_2,acidobacteriota,A0A953EJI2|unreviewed|nitrate,2,4081.0,1590,669,42.07547169811321
Soil6.scaffold_86801766_c1_2,acidobacteriota,A0A1F2RVC6|unreviewed|nitrate,3,4062.0,1587,661,41.650913673597984
Soil6.scaffold_86801766_c1_2,acidobacteriota,A0A9D7SI32|unreviewed|nitrate,4,4035.0,1594,661,41.46800501882058
Soil6.scaffold_86801766_c1_2,acidobacteriota,A0A1F2SV26|unreviewed|4Fe-4S,5,3282.0,1475,541,36.67796610169491
Soil6.scaffold_86801766_c1_2,chloroflexota,A0A2N2MAT5|unreviewed|nitrate,1,4102.0,1587,679,42.785129174543165
Soil6.scaffold_86801766_c1_2,chloroflexota,A0A949W021|unreviewed|nitrate,2,4066.0,1605,673,41.93146417445483
Soil6.scaffold_86801766_c1_2,chloroflexota,A0A1F8L172|unreviewed|nitrate,3,4045.0,1572,670,42.62086513994911
Soil6.scaffold_86801766_c1_2,chloroflexota,A0A8J6NLS7|unreviewed|nitrate,4,4059.0,1581,666,42.125237191650854
Soil6.scaffold_86801766_c1_2,chloroflexota,A0A2M8CTB5|unreviewed|nitrate,5,4091.0,1573,675,42.91163382072473
Soil6.scaffold_86801766_c1_2,verrucomicrobiota,A0A849XW34|unreviewed|nitrate,1,4110.0,1593,686,43.063402385436284
Soil6.scaffold_86801766_c1_2,verrucomicrobiota,A0A933UFK4|unreviewed|nitrate,2,4080.0,1590,671,42.20125786163522
Soil6.scaffold_86801766_c1_2,verrucomicrobiota,A0A934F0J8|unreviewed|nitrate,3,4052.0,1594,670,42.03262233375157
Soil6.scaffold_86801766_c1_2,verrucomicrobiota,A0A832HWY0|unreviewed|Nitrate,4,3693.0,1576,616,39.08629441624365
Soil6.scaffold_86801766_c1_2,verrucomicrobiota,A0A7C4LZE2|unreviewed|nitrate,5,4069.0,1590,673,42.327044025157235
Soil6.scaffold_86801766_c1_2,gemmatimonadota,A0A2D5ZQA8|unreviewed|nitrate,1,3998.0,1591,653,41.043368950345695
Soil6.scaffold_86801766_c1_2,gemmatimonadota,A0A524IW10|unreviewed|nitrate,2,4127.0,1578,687,43.536121673003805
Soil6.scaffold_86801766_c1_2,gemmatimonadota,A0A933BW52|unreviewed|nitrate,3,4071.0,1635,675,41.284403669724774
Soil6.scaffold_86801766_c1_2,gemmatimonadota,A0A945GIP3|unreviewed|nitrate,4,4103.0,1585,671,42.33438485804417
Soil6.scaffold_86801766_c1_2,gemmatimonadota,A0A9D7CFV4|unreviewed|nitrate,5,3976.0,1605,648,40.373831775700936
Soil6.scaffold_86801766_c1_2,myxococcota,Q2IJW3|unreviewed|nitrate,1,4082.0,1590,685,43.08176100628931
Soil6.scaffold_86801766_c1_2,myxococcota,B4ULS9|unreviewed|nitrate,2,4084.0,1593,686,43.063402385436284
Soil6.scaffold_86801766_c1_2,myxococcota,A0A928XR34|unreviewed|nitrate,3,3965.0,1606,649,40.41095890410959
Soil6.scaffold_86801766_c1_2,myxococcota,A7HGD0|unreviewed|nitrate,4,3955.0,1601,668,41.723922548407245
Soil6.scaffold_86801766_c1_2,myxococcota,A0A947HI39|unreviewed|nitrate,5,4054.0,1597,666,41.703193487789605
Soil6.scaffold_312871021_c1_4,Bacteroidota,A0A399D723|unreviewed|nitrate,1,3944.0,1647,636,38.61566484517304
Soil6.scaffold_312871021_c1_4,Bacteroidota,A0A9D9VY91|unreviewed|nitrate,2,3929.0,1651,634,38.40096910963053
Soil6.scaffold_312871021_c1_4,Bacteroidota,A0A1G6KWR1|unreviewed|nitrate,3,4753.0,1545,793,51.32686084142395
Soil6.scaffold_312871021_c1_4,Bacteroidota,A0A1F3NZE7|unreviewed|nitrate,4,3978.0,1645,647,39.33130699088146
Soil6.scaffold_312871021_c1_4,Bacteroidota,A0A434AV88|unreviewed|nitrate,5,4768.0,1542,798,51.75097276264592
Soil6.scaffold_312871021_c1_4,Pseudomonadota,A0A149V6R9|unreviewed|4Fe-4S,1,4583.0,1571,762,48.504137492043284
Soil6.scaffold_312871021_c1_4,Pseudomonadota,A0A4Q7N714|unreviewed|nitrate,2,5152.0,1494,879,58.835341365461844
Soil6.scaffold_312871021_c1_4,Pseudomonadota,A0A0N9VQU4|unreviewed|nitrate,3,5492.0,1425,955,67.01754385964912
Soil6.scaffold_312871021_c1_4,Pseudomonadota,A0A5B0BNB7|unreviewed|nitrate,4,5135.0,1508,872,57.824933687002655
Soil6.scaffold_312871021_c1_4,Pseudomonadota,A0A7Z0I064|unreviewed|nitrate,5,4973.0,1514,844,55.746367239101716
Soil6.scaffold_312871021_c1_4,Bacillota,A0A1I1VAQ5|unreviewed|nitrate,1,4244.0,1623,701,43.19162045594578
Soil6.scaffold_312871021_c1_4,Bacillota,A0A5J5HPE3|unreviewed|nitrate,2,4259.0,1622,696,42.909987669543774
Soil6.scaffold_312871021_c1_4,Bacillota,A0A941E077|unreviewed|nitrate,3,4328.0,1610,719,44.6583850931677
Soil6.scaffold_312871021_c1_4,Bacillota,A0A2T5G6I1|unreviewed|nitrate,4,4420.0,1595,743,46.58307210031348
Soil6.scaffold_312871021_c1_4,Bacillota,A0A0R1H9J7|unreviewed|nitrate,5,4256.0,1627,703,43.20835894283958
Soil6.scaffold_312871021_c1_4,Actinomycetota,Q1AWQ7|unreviewed|Nitrate,1,4387.0,1588,723,45.52896725440806
Soil6.scaffold_312871021_c1_4,Actinomycetota,A0A511D6I2|unreviewed|Nitrate,2,4231.0,1645,712,43.28267477203647
Soil6.scaffold_312871021_c1_4,Actinomycetota,A0A7K0W3P6|unreviewed|Nitrate,3,4153.0,1619,688,42.49536751080914
Soil6.scaffold_312871021_c1_4,Actinomycetota,U1QE67|unreviewed|nitrate,4,4023.0,1685,659,39.109792284866465
Soil6.scaffold_312871021_c1_4,Actinomycetota,A0A8J3NMA7|unreviewed|nitrate,5,4126.0,1656,688,41.54589371980676
Soil6.scaffold_312871021_c1_4,acidobacteriota,A0A936F3S9|unreviewed|nitrate,1,4073.0,1627,671,41.24154886293792
Soil6.scaffold_312871021_c1_4,acidobacteriota,A0A953EJI2|unreviewed|nitrate,2,4098.0,1641,677,41.25533211456429
Soil6.scaffold_312871021_c1_4,acidobacteriota,A0A1F2RVC6|unreviewed|nitrate,3,3981.0,1653,645,39.01996370235935
Soil6.scaffold_312871021_c1_4,acidobacteriota,A0A9D7SI32|unreviewed|nitrate,4,4072.0,1629,670,41.12952731737262
Soil6.scaffold_312871021_c1_4,acidobacteriota,A0A1F2SV26|unreviewed|4Fe-4S,5,3239.0,1537,535,34.80806766428107
Soil6.scaffold_312871021_c1_4,chloroflexota,A0A2N2MAT5|unreviewed|nitrate,1,4066.0,1629,664,40.76120319214242
Soil6.scaffold_312871021_c1_4,chloroflexota,A0A949W021|unreviewed|nitrate,2,4037.0,1659,669,40.3254972875226
Soil6.scaffold_312871021_c1_4,chloroflexota,A0A1F8L172|unreviewed|nitrate,3,4080.0,1624,675,41.56403940886699
Soil6.scaffold_312871021_c1_4,chloroflexota,A0A8J6NLS7|unreviewed|nitrate,4,4006.0,1639,656,40.02440512507627
Soil6.scaffold_312871021_c1_4,chloroflexota,A0A2M8CTB5|unreviewed|nitrate,5,4031.0,1632,665,40.747549019607845
Soil6.scaffold_312871021_c1_4,verrucomicrobiota,A0A849XW34|unreviewed|nitrate,1,4111.0,1627,671,41.24154886293792
Soil6.scaffold_312871021_c1_4,verrucomicrobiota,A0A933UFK4|unreviewed|nitrate,2,4070.0,1639,670,40.878584502745575
Soil6.scaffold_312871021_c1_4,verrucomicrobiota,A0A934F0J8|unreviewed|nitrate,3,4073.0,1632,668,40.931372549019606
Soil6.scaffold_312871021_c1_4,verrucomicrobiota,A0A832HWY0|unreviewed|Nitrate,4,3688.0,1614,608,37.67038413878562
Soil6.scaffold_312871021_c1_4,verrucomicrobiota,A0A7C4LZE2|unreviewed|nitrate,5,4081.0,1633,672,41.15125535823638
Soil6.scaffold_312871021_c1_4,gemmatimonadota,A0A2D5ZQA8|unreviewed|nitrate,1,4028.0,1653,663,40.10889292196007
Soil6.scaffold_312871021_c1_4,gemmatimonadota,A0A524IW10|unreviewed|nitrate,2,4023.0,1632,659,40.379901960784316
Soil6.scaffold_312871021_c1_4,gemmatimonadota,A0A933BW52|unreviewed|nitrate,3,3904.0,1689,639,37.83303730017762
Soil6.scaffold_312871021_c1_4,gemmatimonadota,A0A945GIP3|unreviewed|nitrate,4,4043.0,1647,658,39.95142683667274
Soil6.scaffold_312871021_c1_4,gemmatimonadota,A0A9D7CFV4|unreviewed|nitrate,5,3993.0,1649,649,39.35718617343845
Soil6.scaffold_312871021_c1_4,myxococcota,Q2IJW3|unreviewed|nitrate,1,4019.0,1641,659,40.158439975624624
Soil6.scaffold_312871021_c1_4,myxococcota,B4ULS9|unreviewed|nitrate,2,4024.0,1640,659,40.1829268292683
Soil6.scaffold_312871021_c1_4,myxococcota,A0A928XR34|unreviewed|nitrate,3,3996.0,1644,644,39.17274939172749
Soil6.scaffold_312871021_c1_4,myxococcota,A7HGD0|unreviewed|nitrate,4,3870.0,1662,643,38.68832731648616
Soil6.scaffold_312871021_c1_4,myxococcota,A0A947HI39|unreviewed|nitrate,5,4155.0,1637,685,41.84483811850947
Soil6.scaffold_460055642_c1_2,Bacteroidota,A0A399D723|unreviewed|nitrate,1,3963.0,1632,639,39.154411764705884
Soil6.scaffold_460055642_c1_2,Bacteroidota,A0A9D9VY91|unreviewed|nitrate,2,3952.0,1634,638,39.0452876376989
Soil6.scaffold_460055642_c1_2,Bacteroidota,A0A1G6KWR1|unreviewed|nitrate,3,4862.0,1514,816,53.89696169088507
Soil6.scaffold_460055642_c1_2,Bacteroidota,A0A1F3NZE7|unreviewed|nitrate,4,3999.0,1636,652,39.85330073349633
Soil6.scaffold_460055642_c1_2,Bacteroidota,A0A434AV88|unreviewed|nitrate,5,4863.0,1512,817,54.03439153439153
Soil6.scaffold_460055642_c1_2,Pseudomonadota,A0A149V6R9|unreviewed|4Fe-4S,1,4735.0,1545,793,51.32686084142395
Soil6.scaffold_460055642_c1_2,Pseudomonadota,A0A4Q7N714|unreviewed|nitrate,2,5201.0,1486,890,59.89232839838493
Soil6.scaffold_460055642_c1_2,Pseudomonadota,A0A0N9VQU4|unreviewed|nitrate,3,4995.0,1491,849,56.941649899396374
Soil6.scaffold_460055642_c1_2,Pseudomonadota,A0A5B0BNB7|unreviewed|nitrate,4,5168.0,1483,876,59.06945380984491
Soil6.scaffold_460055642_c1_2,Pseudomonadota,A0A7Z0I064|unreviewed|nitrate,5,5173.0,1483,895,60.350640593391766
Soil6.scaffold_460055642_c1_2,Bacillota,A0A1I1VAQ5|unreviewed|nitrate,1,4244.0,1626,704,43.29643296432965
Soil6.scaffold_460055642_c1_2,Bacillota,A0A5J5HPE3|unreviewed|nitrate,2,4235.0,1616,695,43.007425742574256
Soil6.scaffold_460055642_c1_2,Bacillota,A0A941E077|unreviewed|nitrate,3,4313.0,1593,708,44.44444444444444
Soil6.scaffold_460055642_c1_2,Bacillota,A0A2T5G6I1|unreviewed|nitrate,4,4495.0,1583,759,47.946936197094125
Soil6.scaffold_460055642_c1_2,Bacillota,A0A0R1H9J7|unreviewed|nitrate,5,4268.0,1615,706,43.71517027863777
Soil6.scaffold_460055642_c1_2,Actinomycetota,Q1AWQ7|unreviewed|Nitrate,1,4387.0,1575,733,46.539682539682545
Soil6.scaffold_460055642_c1_2,Actinomycetota,A0A511D6I2|unreviewed|Nitrate,2,4238.0,1636,711,43.45965770171149
Soil6.scaffold_460055642_c1_2,Actinomycetota,A0A7K0W3P6|unreviewed|Nitrate,3,4194.0,1610,699,43.41614906832298
Soil6.scaffold_460055642_c1_2,Actinomycetota,U1QE67|unreviewed|nitrate,4,4038.0,1674,667,39.84468339307049
Soil6.scaffold_460055642_c1_2,Actinomycetota,A0A8J3NMA7|unreviewed|nitrate,5,4172.0,1643,696,42.36153377967133
Soil6.scaffold_460055642_c1_2,acidobacteriota,A0A936F3S9|unreviewed|nitrate,1,4024.0,1627,657,40.381069452980945
Soil6.scaffold_460055642_c1_2,acidobacteriota,A0A953EJI2|unreviewed|nitrate,2,4076.0,1629,669,41.06813996316759
Soil6.scaffold_460055642_c1_2,acidobacteriota,A0A1F2RVC6|unreviewed|nitrate,3,4041.0,1638,658,40.17094017094017
Soil6.scaffold_460055642_c1_2,acidobacteriota,A0A9D7SI32|unreviewed|nitrate,4,4026.0,1625,656,40.36923076923077
Soil6.scaffold_460055642_c1_2,acidobacteriota,A0A1F2SV26|unreviewed|4Fe-4S,5,3300.0,1513,545,36.02115003304693
Soil6.scaffold_460055642_c1_2,chloroflexota,A0A2N2MAT5|unreviewed|nitrate,1,4090.0,1624,671,41.31773399014778
Soil6.scaffold_460055642_c1_2,chloroflexota,A0A949W021|unreviewed|nitrate,2,4031.0,1646,658,39.97569866342649
Soil6.scaffold_460055642_c1_2,chloroflexota,A0A1F8L172|unreviewed|nitrate,3,4032.0,1630,665,40.79754601226993
Soil6.scaffold_460055642_c1_2,chloroflexota,A0A8J6NLS7|unreviewed|nitrate,4,4054.0,1616,659,40.77970297029702
Soil6.scaffold_460055642_c1_2,chloroflexota,A0A2M8CTB5|unreviewed|nitrate,5,4030.0,1628,666,40.909090909090914
Soil6.scaffold_460055642_c1_2,verrucomicrobiota,A0A849XW34|unreviewed|nitrate,1,4159.0,1618,678,41.90358467243511
Soil6.scaffold_460055642_c1_2,verrucomicrobiota,A0A933UFK4|unreviewed|nitrate,2,4113.0,1624,675,41.56403940886699
Soil6.scaffold_460055642_c1_2,verrucomicrobiota,A0A934F0J8|unreviewed|nitrate,3,4142.0,1612,681,42.245657568238215
Soil6.scaffold_460055642_c1_2,verrucomicrobiota,A0A832HWY0|unreviewed|Nitrate,4,3790.0,1590,622,39.119496855345915
Soil6.scaffold_460055642_c1_2,verrucomicrobiota,A0A7C4LZE2|unreviewed|nitrate,5,4122.0,1612,676,41.935483870967744
Soil6.scaffold_460055642_c1_2,gemmatimonadota,A0A2D5ZQA8|unreviewed|nitrate,1,4078.0,1637,671,40.98961514966402
Soil6.scaffold_460055642_c1_2,gemmatimonadota,A0A524IW10|unreviewed|nitrate,2,4106.0,1618,681,42.088998763906055
Soil6.scaffold_460055642_c1_2,gemmatimonadota,A0A933BW52|unreviewed|nitrate,3,3939.0,1683,644,38.26500297088533
Soil6.scaffold_460055642_c1_2,gemmatimonadota,A0A945GIP3|unreviewed|nitrate,4,4039.0,1643,657,39.98782714546561
Soil6.scaffold_460055642_c1_2,gemmatimonadota,A0A9D7CFV4|unreviewed|nitrate,5,4065.0,1627,670,41.180086047940996
Soil6.scaffold_460055642_c1_2,myxococcota,Q2IJW3|unreviewed|nitrate,1,4134.0,1612,692,42.92803970223325
Soil6.scaffold_460055642_c1_2,myxococcota,B4ULS9|unreviewed|nitrate,2,4127.0,1616,687,42.51237623762376
Soil6.scaffold_460055642_c1_2,myxococcota,A0A928XR34|unreviewed|nitrate,3,3988.0,1634,647,39.59608323133415
Soil6.scaffold_460055642_c1_2,myxococcota,A7HGD0|unreviewed|nitrate,4,3925.0,1650,659,39.93939393939394
Soil6.scaffold_460055642_c1_2,myxococcota,A0A947HI39|unreviewed|nitrate,5,4140.0,1623,679,41.836105976586566
Soil6.scaffold_95998780_c1_2,Bacteroidota,A0A399D723|unreviewed|nitrate,1,3935.0,1590,635,39.937106918238996
Soil6.scaffold_95998780_c1_2,Bacteroidota,A0A9D9VY91|unreviewed|nitrate,2,3880.0,1604,627,39.089775561097255
Soil6.scaffold_95998780_c1_2,Bacteroidota,A0A1G6KWR1|unreviewed|nitrate,3,4089.0,1601,666,41.599000624609616
Soil6.scaffold_95998780_c1_2,Bacteroidota,A0A1F3NZE7|unreviewed|nitrate,4,3969.0,1578,635,40.24081115335868
Soil6.scaffold_95998780_c1_2,Bacteroidota,A0A434AV88|unreviewed|nitrate,5,4102.0,1597,668,41.82842830306826
Soil6.scaffold_95998780_c1_2,Pseudomonadota,A0A149V6R9|unreviewed|4Fe-4S,1,4255.0,1591,716,45.00314267756128
Soil6.scaffold_95998780_c1_2,Pseudomonadota,A0A4Q7N714|unreviewed|nitrate,2,4259.0,1595,709,44.45141065830721
Soil6.scaffold_95998780_c1_2,Pseudomonadota,A0A0N9VQU4|unreviewed|nitrate,3,4157.0,1583,678,42.83006948831333
Soil6.scaffold_95998780_c1_2,Pseudomonadota,A0A5B0BNB7|unreviewed|nitrate,4,4138.0,1613,673,41.72349659020459
Soil6.scaffold_95998780_c1_2,Pseudomonadota,A0A7Z0I064|unreviewed|nitrate,5,4204.0,1604,695,43.32917705735661
Soil6.scaffold_95998780_c1_2,Bacillota,A0A1I1VAQ5|unreviewed|nitrate,1,4407.0,1541,737,47.82608695652174
Soil6.scaffold_95998780_c1_2,Bacillota,A0A5J5HPE3|unreviewed|nitrate,2,4371.0,1535,724,47.16612377850163
Soil6.scaffold_95998780_c1_2,Bacillota,A0A941E077|unreviewed|nitrate,3,4328.0,1529,713,46.63178548070634
Soil6.scaffold_95998780_c1_2,Bacillota,A0A2T5G6I1|unreviewed|nitrate,4,4693.0,1502,802,53.39547270306259
Soil6.scaffold_95998780_c1_2,Bacillota,A0A0R1H9J7|unreviewed|nitrate,5,4257.0,1552,704,45.36082474226804
Soil6.scaffold_95998780_c1_2,Actinomycetota,Q1AWQ7|unreviewed|Nitrate,1,5026.0,1428,855,59.87394957983193
Soil6.scaffold_95998780_c1_2,Actinomycetota,A0A511D6I2|unreviewed|Nitrate,2,4713.0,1512,808,53.43915343915344
Soil6.scaffold_95998780_c1_2,Actinomycetota,A0A7K0W3P6|unreviewed|Nitrate,3,4754.0,1479,810,54.76673427991886
Soil6.scaffold_95998780_c1_2,Actinomycetota,U1QE67|unreviewed|nitrate,4,4522.0,1560,763,48.91025641025641
Soil6.scaffold_95998780_c1_2,Actinomycetota,A0A8J3NMA7|unreviewed|nitrate,5,4703.0,1501,804,53.564290473017984
Soil6.scaffold_95998780_c1_2,acidobacteriota,A0A936F3S9|unreviewed|nitrate,1,4033.0,1581,663,41.935483870967744
Soil6.scaffold_95998780_c1_2,acidobacteriota,A0A953EJI2|unreviewed|nitrate,2,4072.0,1580,664,42.025316455696206
Soil6.scaffold_95998780_c1_2,acidobacteriota,A0A1F2RVC6|unreviewed|nitrate,3,4041.0,1582,663,41.90897597977244
Soil6.scaffold_95998780_c1_2,acidobacteriota,A0A9D7SI32|unreviewed|nitrate,4,4040.0,1581,665,42.061986084756484
Soil6.scaffold_95998780_c1_2,acidobacteriota,A0A1F2SV26|unreviewed|4Fe-4S,5,3269.0,1473,541,36.72776646300068
Soil6.scaffold_95998780_c1_2,chloroflexota,A0A2N2MAT5|unreviewed|nitrate,1,4116.0,1577,682,43.24667089410273
Soil6.scaffold_95998780_c1_2,chloroflexota,A0A949W021|unreviewed|nitrate,2,4079.0,1590,676,42.515723270440255
Soil6.scaffold_95998780_c1_2,chloroflexota,A0A1F8L172|unreviewed|nitrate,3,4027.0,1570,666,42.4203821656051
Soil6.scaffold_95998780_c1_2,chloroflexota,A0A8J6NLS7|unreviewed|nitrate,4,4039.0,1578,663,42.01520912547528
Soil6.scaffold_95998780_c1_2,chloroflexota,A0A2M8CTB5|unreviewed|nitrate,5,4096.0,1563,677,43.31413947536788
Soil6.scaffold_95998780_c1_2,verrucomicrobiota,A0A849XW34|unreviewed|nitrate,1,4072.0,1585,675,42.586750788643535
Soil6.scaffold_95998780_c1_2,verrucomicrobiota,A0A933UFK4|unreviewed|nitrate,2,4014.0,1591,661,41.54619736015085
Soil6.scaffold_95998780_c1_2,verrucomicrobiota,A0A934F0J8|unreviewed|nitrate,3,4020.0,1584,660,41.66666666666667
Soil6.scaffold_95998780_c1_2,verrucomicrobiota,A0A832HWY0|unreviewed|Nitrate,4,3683.0,1562,609,38.98847631241998
Soil6.scaffold_95998780_c1_2,verrucomicrobiota,A0A7C4LZE2|unreviewed|nitrate,5,4036.0,1579,665,42.11526282457251
Soil6.scaffold_95998780_c1_2,gemmatimonadota,A0A2D5ZQA8|unreviewed|nitrate,1,3974.0,1590,653,41.06918238993711
Soil6.scaffold_95998780_c1_2,gemmatimonadota,A0A524IW10|unreviewed|nitrate,2,4073.0,1580,677,42.848101265822784
Soil6.scaffold_95998780_c1_2,gemmatimonadota,A0A933BW52|unreviewed|nitrate,3,4061.0,1622,675,41.61528976572133
Soil6.scaffold_95998780_c1_2,gemmatimonadota,A0A945GIP3|unreviewed|nitrate,4,4060.0,1584,664,41.91919191919192
Soil6.scaffold_95998780_c1_2,gemmatimonadota,A0A9D7CFV4|unreviewed|nitrate,5,3979.0,1585,646,40.75709779179811
Soil6.scaffold_95998780_c1_2,myxococcota,Q2IJW3|unreviewed|nitrate,1,4069.0,1572,682,43.38422391857507
Soil6.scaffold_95998780_c1_2,myxococcota,B4ULS9|unreviewed|nitrate,2,4066.0,1578,682,43.2192648922687
Soil6.scaffold_95998780_c1_2,myxococcota,A0A928XR34|unreviewed|nitrate,3,3976.0,1586,647,40.79445145018916
Soil6.scaffold_95998780_c1_2,myxococcota,A7HGD0|unreviewed|nitrate,4,3964.0,1583,673,42.5142135186355
Soil6.scaffold_95998780_c1_2,myxococcota,A0A947HI39|unreviewed|nitrate,5,4048.0,1590,668,42.0125786163522
Soil9.scaffold_98038919_c1_19,Bacteroidota,A0A399D723|unreviewed|nitrate,1,3962.0,1588,641,40.36523929471033
Soil9.scaffold_98038919_c1_19,Bacteroidota,A0A9D9VY91|unreviewed|nitrate,2,3873.0,1600,622,38.875
Soil9.scaffold_98038919_c1_19,Bacteroidota,A0A1G6KWR1|unreviewed|nitrate,3,4138.0,1589,679,42.731277533039645
Soil9.scaffold_98038919_c1_19,Bacteroidota,A0A1F3NZE7|unreviewed|nitrate,4,3984.0,1593,649,40.74074074074074
Soil9.scaffold_98038919_c1_19,Bacteroidota,A0A434AV88|unreviewed|nitrate,5,4108.0,1590,670,42.138364779874216
Soil9.scaffold_98038919_c1_19,Pseudomonadota,A0A149V6R9|unreviewed|4Fe-4S,1,4215.0,1600,707,44.1875
Soil9.scaffold_98038919_c1_19,Pseudomonadota,A0A4Q7N714|unreviewed|nitrate,2,4240.0,1605,711,44.299065420560744
Soil9.scaffold_98038919_c1_19,Pseudomonadota,A0A0N9VQU4|unreviewed|nitrate,3,4126.0,1588,673,42.38035264483627
Soil9.scaffold_98038919_c1_19,Pseudomonadota,A0A5B0BNB7|unreviewed|nitrate,4,4185.0,1609,688,42.75947793660659
Soil9.scaffold_98038919_c1_19,Pseudomonadota,A0A7Z0I064|unreviewed|nitrate,5,4200.0,1595,703,44.075235109717866
Soil9.scaffold_98038919_c1_19,Bacillota,A0A1I1VAQ5|unreviewed|nitrate,1,4321.0,1557,726,46.628131021194605
Soil9.scaffold_98038919_c1_19,Bacillota,A0A5J5HPE3|unreviewed|nitrate,2,4319.0,1543,720,46.66234607906675
Soil9.scaffold_98038919_c1_19,Bacillota,A0A941E077|unreviewed|nitrate,3,4274.0,1543,705,45.69021386908619
Soil9.scaffold_98038919_c1_19,Bacillota,A0A2T5G6I1|unreviewed|nitrate,4,4648.0,1519,801,52.732060566161955
Soil9.scaffold_98038919_c1_19,Bacillota,A0A0R1H9J7|unreviewed|nitrate,5,4192.0,1564,694,44.37340153452685
Soil9.scaffold_98038919_c1_19,Actinomycetota,Q1AWQ7|unreviewed|Nitrate,1,4990.0,1434,858,59.83263598326359
Soil9.scaffold_98038919_c1_19,Actinomycetota,A0A511D6I2|unreviewed|Nitrate,2,4692.0,1519,807,53.12705727452271
Soil9.scaffold_98038919_c1_19,Actinomycetota,A0A7K0W3P6|unreviewed|Nitrate,3,4698.0,1481,803,54.22012153950033
Soil9.scaffold_98038919_c1_19,Actinomycetota,U1QE67|unreviewed|nitrate,4,4462.0,1560,750,48.07692307692308
Soil9.scaffold_98038919_c1_19,Actinomycetota,A0A8J3NMA7|unreviewed|nitrate,5,4630.0,1510,791,52.384105960264904
Soil9.scaffold_98038919_c1_19,acidobacteriota,A0A936F3S9|unreviewed|nitrate,1,4023.0,1592,661,41.52010050251256
Soil9.scaffold_98038919_c1_19,acidobacteriota,A0A953EJI2|unreviewed|nitrate,2,4054.0,1591,663,41.671904462602136
Soil9.scaffold_98038919_c1_19,acidobacteriota,A0A1F2RVC6|unreviewed|nitrate,3,4039.0,1583,657,41.50347441566646
Soil9.scaffold_98038919_c1_19,acidobacteriota,A0A9D7SI32|unreviewed|nitrate,4,4029.0,1591,662,41.60905091137649
Soil9.scaffold_98038919_c1_19,acidobacteriota,A0A1F2SV26|unreviewed|4Fe-4S,5,3282.0,1472,546,37.09239130434783
Soil9.scaffold_98038919_c1_19,chloroflexota,A0A2N2MAT5|unreviewed|nitrate,1,4107.0,1573,676,42.97520661157025
Soil9.scaffold_98038919_c1_19,chloroflexota,A0A949W021|unreviewed|nitrate,2,4020.0,1593,660,41.431261770244824
Soil9.scaffold_98038919_c1_19,chloroflexota,A0A1F8L172|unreviewed|nitrate,3,4012.0,1577,665,42.168674698795186
Soil9.scaffold_98038919_c1_19,chloroflexota,A0A8J6NLS7|unreviewed|nitrate,4,4018.0,1580,658,41.64556962025316
Soil9.scaffold_98038919_c1_19,chloroflexota,A0A2M8CTB5|unreviewed|nitrate,5,4090.0,1556,673,43.25192802056556
Soil9.scaffold_98038919_c1_19,verrucomicrobiota,A0A849XW34|unreviewed|nitrate,1,4072.0,1577,671,42.549143944197844
Soil9.scaffold_98038919_c1_19,verrucomicrobiota,A0A933UFK4|unreviewed|nitrate,2,3999.0,1602,660,41.19850187265918
Soil9.scaffold_98038919_c1_19,verrucomicrobiota,A0A934F0J8|unreviewed|nitrate,3,3974.0,1590,655,41.19496855345912
Soil9.scaffold_98038919_c1_19,verrucomicrobiota,A0A832HWY0|unreviewed|Nitrate,4,3696.0,1565,613,39.16932907348243
Soil9.scaffold_98038919_c1_19,verrucomicrobiota,A0A7C4LZE2|unreviewed|nitrate,5,4009.0,1587,658,41.46187775677379
Soil9.scaffold_98038919_c1_19,gemmatimonadota,A0A2D5ZQA8|unreviewed|nitrate,1,3957.0,1597,649,40.6386975579211
Soil9.scaffold_98038919_c1_19,gemmatimonadota,A0A524IW10|unreviewed|nitrate,2,4119.0,1571,682,43.41183959261617
Soil9.scaffold_98038919_c1_19,gemmatimonadota,A0A933BW52|unreviewed|nitrate,3,4112.0,1619,682,42.124768375540455
Soil9.scaffold_98038919_c1_19,gemmatimonadota,A0A945GIP3|unreviewed|nitrate,4,4021.0,1589,653,41.095028319697924
Soil9.scaffold_98038919_c1_19,gemmatimonadota,A0A9D7CFV4|unreviewed|nitrate,5,3965.0,1597,651,40.76393237319975
Soil9.scaffold_98038919_c1_19,myxococcota,Q2IJW3|unreviewed|nitrate,1,4081.0,1575,681,43.238095238095234
Soil9.scaffold_98038919_c1_19,myxococcota,B4ULS9|unreviewed|nitrate,2,4090.0,1572,683,43.44783715012723
Soil9.scaffold_98038919_c1_19,myxococcota,A0A928XR34|unreviewed|nitrate,3,3965.0,1598,652,40.80100125156446
Soil9.scaffold_98038919_c1_19,myxococcota,A7HGD0|unreviewed|nitrate,4,4012.0,1582,683,43.173198482932996
Soil9.scaffold_98038919_c1_19,myxococcota,A0A947HI39|unreviewed|nitrate,5,3986.0,1597,656,41.07701941139637
Soil9.scaffold_766455321_c1_2,Bacteroidota,A0A399D723|unreviewed|nitrate,1,3993.0,1582,646,40.83438685208597
Soil9.scaffold_766455321_c1_2,Bacteroidota,A0A9D9VY91|unreviewed|nitrate,2,3898.0,1601,626,39.10056214865709
Soil9.scaffold_766455321_c1_2,Bacteroidota,A0A1G6KWR1|unreviewed|nitrate,3,4114.0,1591,667,41.92331866750472
Soil9.scaffold_766455321_c1_2,Bacteroidota,A0A1F3NZE7|unreviewed|nitrate,4,3996.0,1581,645,40.79696394686907
Soil9.scaffold_766455321_c1_2,Bacteroidota,A0A434AV88|unreviewed|nitrate,5,4101.0,1590,659,41.44654088050315
Soil9.scaffold_766455321_c1_2,Pseudomonadota,A0A149V6R9|unreviewed|4Fe-4S,1,4262.0,1592,712,44.72361809045226
Soil9.scaffold_766455321_c1_2,Pseudomonadota,A0A4Q7N714|unreviewed|nitrate,2,4254.0,1594,711,44.604767879548305
Soil9.scaffold_766455321_c1_2,Pseudomonadota,A0A0N9VQU4|unreviewed|nitrate,3,4172.0,1581,685,43.3270082226439
Soil9.scaffold_766455321_c1_2,Pseudomonadota,A0A5B0BNB7|unreviewed|nitrate,4,4183.0,1611,685,42.52017380509
Soil9.scaffold_766455321_c1_2,Pseudomonadota,A0A7Z0I064|unreviewed|nitrate,5,4225.0,1589,694,43.675267463813725
Soil9.scaffold_766455321_c1_2,Bacillota,A0A1I1VAQ5|unreviewed|nitrate,1,4412.0,1546,743,48.059508408796894
Soil9.scaffold_766455321_c1_2,Bacillota,A0A5J5HPE3|unreviewed|nitrate,2,4380.0,1539,724,47.043534762833005
Soil9.scaffold_766455321_c1_2,Bacillota,A0A941E077|unreviewed|nitrate,3,4345.0,1524,715,46.91601049868767
Soil9.scaffold_766455321_c1_2,Bacillota,A0A2T5G6I1|unreviewed|nitrate,4,4650.0,1502,788,52.46338215712384
Soil9.scaffold_766455321_c1_2,Bacillota,A0A0R1H9J7|unreviewed|nitrate,5,4246.0,1564,699,44.69309462915601
Soil9.scaffold_766455321_c1_2,Actinomycetota,Q1AWQ7|unreviewed|Nitrate,1,5018.0,1428,857,60.01400560224089
Soil9.scaffold_766455321_c1_2,Actinomycetota,A0A511D6I2|unreviewed|Nitrate,2,4685.0,1516,797,52.57255936675461
Soil9.scaffold_766455321_c1_2,Actinomycetota,A0A7K0W3P6|unreviewed|Nitrate,3,4765.0,1477,813,55.04400812457685
Soil9.scaffold_766455321_c1_2,Actinomycetota,U1QE67|unreviewed|nitrate,4,4523.0,1566,765,48.85057471264368
Soil9.scaffold_766455321_c1_2,Actinomycetota,A0A8J3NMA7|unreviewed|nitrate,5,4684.0,1500,796,53.06666666666666
Soil9.scaffold_766455321_c1_2,acidobacteriota,A0A936F3S9|unreviewed|nitrate,1,4038.0,1594,661,41.46800501882058
Soil9.scaffold_766455321_c1_2,acidobacteriota,A0A953EJI2|unreviewed|nitrate,2,4117.0,1576,670,42.51269035532995
Soil9.scaffold_766455321_c1_2,acidobacteriota,A0A1F2RVC6|unreviewed|nitrate,3,4050.0,1589,661,41.59848961611076
Soil9.scaffold_766455321_c1_2,acidobacteriota,A0A9D7SI32|unreviewed|nitrate,4,4040.0,1593,660,41.431261770244824
Soil9.scaffold_766455321_c1_2,acidobacteriota,A0A1F2SV26|unreviewed|4Fe-4S,5,3284.0,1468,544,37.05722070844686
Soil9.scaffold_766455321_c1_2,chloroflexota,A0A2N2MAT5|unreviewed|nitrate,1,4083.0,1582,670,42.35145385587863
Soil9.scaffold_766455321_c1_2,chloroflexota,A0A949W021|unreviewed|nitrate,2,4088.0,1591,677,42.55185417976116
Soil9.scaffold_766455321_c1_2,chloroflexota,A0A1F8L172|unreviewed|nitrate,3,4043.0,1573,668,42.4666242848061
Soil9.scaffold_766455321_c1_2,chloroflexota,A0A8J6NLS7|unreviewed|nitrate,4,4061.0,1575,664,42.15873015873016
Soil9.scaffold_766455321_c1_2,chloroflexota,A0A2M8CTB5|unreviewed|nitrate,5,4086.0,1562,671,42.95774647887324
Soil9.scaffold_766455321_c1_2,verrucomicrobiota,A0A849XW34|unreviewed|nitrate,1,4114.0,1588,687,43.26196473551637
Soil9.scaffold_766455321_c1_2,verrucomicrobiota,A0A933UFK4|unreviewed|nitrate,2,4042.0,1591,663,41.671904462602136
Soil9.scaffold_766455321_c1_2,verrucomicrobiota,A0A934F0J8|unreviewed|nitrate,3,4033.0,1589,666,41.91315292636879
Soil9.scaffold_766455321_c1_2,verrucomicrobiota,A0A832HWY0|unreviewed|Nitrate,4,3704.0,1568,617,39.349489795918366
Soil9.scaffold_766455321_c1_2,verrucomicrobiota,A0A7C4LZE2|unreviewed|nitrate,5,4037.0,1587,666,41.965973534971646
Soil9.scaffold_766455321_c1_2,gemmatimonadota,A0A2D5ZQA8|unreviewed|nitrate,1,3993.0,1592,653,41.017587939698494
Soil9.scaffold_766455321_c1_2,gemmatimonadota,A0A524IW10|unreviewed|nitrate,2,4078.0,1577,673,42.67596702599874
Soil9.scaffold_766455321_c1_2,gemmatimonadota,A0A933BW52|unreviewed|nitrate,3,4051.0,1625,669,41.16923076923077
Soil9.scaffold_766455321_c1_2,gemmatimonadota,A0A945GIP3|unreviewed|nitrate,4,4090.0,1586,665,41.92938209331652
Soil9.scaffold_766455321_c1_2,gemmatimonadota,A0A9D7CFV4|unreviewed|nitrate,5,3987.0,1594,650,40.777917189460474
Soil9.scaffold_766455321_c1_2,myxococcota,Q2IJW3|unreviewed|nitrate,1,4084.0,1580,686,43.41772151898734
Soil9.scaffold_766455321_c1_2,myxococcota,B4ULS9|unreviewed|nitrate,2,4087.0,1579,687,43.5085497150095
Soil9.scaffold_766455321_c1_2,myxococcota,A0A928XR34|unreviewed|nitrate,3,3991.0,1586,652,41.10970996216898
Soil9.scaffold_766455321_c1_2,myxococcota,A7HGD0|unreviewed|nitrate,4,4001.0,1583,677,42.76689829437777
Soil9.scaffold_766455321_c1_2,myxococcota,A0A947HI39|unreviewed|nitrate,5,4012.0,1604,660,41.14713216957606
Soil9.scaffold_816779774_c1_14,Bacteroidota,A0A399D723|unreviewed|nitrate,1,4002.0,1580,650,41.139240506329116
Soil9.scaffold_816779774_c1_14,Bacteroidota,A0A9D9VY91|unreviewed|nitrate,2,4048.0,1580,658,41.64556962025316
Soil9.scaffold_816779774_c1_14,Bacteroidota,A0A1G6KWR1|unreviewed|nitrate,3,4165.0,1597,691,43.2686286787727
Soil9.scaffold_816779774_c1_14,Bacteroidota,A0A1F3NZE7|unreviewed|nitrate,4,4109.0,1562,676,43.27784891165173
Soil9.scaffold_816779774_c1_14,Bacteroidota,A0A434AV88|unreviewed|nitrate,5,4181.0,1588,691,43.513853904282115
Soil9.scaffold_816779774_c1_14,Pseudomonadota,A0A149V6R9|unreviewed|4Fe-4S,1,4209.0,1596,696,43.609022556390975
Soil9.scaffold_816779774_c1_14,Pseudomonadota,A0A4Q7N714|unreviewed|nitrate,2,4218.0,1601,689,43.03560274828232
Soil9.scaffold_816779774_c1_14,Pseudomonadota,A0A0N9VQU4|unreviewed|nitrate,3,4290.0,1578,721,45.69074778200253
Soil9.scaffold_816779774_c1_14,Pseudomonadota,A0A5B0BNB7|unreviewed|nitrate,4,4262.0,1605,710,44.23676012461059
Soil9.scaffold_816779774_c1_14,Pseudomonadota,A0A7Z0I064|unreviewed|nitrate,5,4180.0,1610,693,43.04347826086957
Soil9.scaffold_816779774_c1_14,Bacillota,A0A1I1VAQ5|unreviewed|nitrate,1,4423.0,1550,736,47.483870967741936
Soil9.scaffold_816779774_c1_14,Bacillota,A0A5J5HPE3|unreviewed|nitrate,2,4610.0,1509,776,51.42478462557985
Soil9.scaffold_816779774_c1_14,Bacillota,A0A941E077|unreviewed|nitrate,3,4628.0,1500,773,51.53333333333333
Soil9.scaffold_816779774_c1_14,Bacillota,A0A2T5G6I1|unreviewed|nitrate,4,4827.0,1466,811,55.320600272851294
Soil9.scaffold_816779774_c1_14,Bacillota,A0A0R1H9J7|unreviewed|nitrate,5,4655.0,1506,779,51.72642762284197
Soil9.scaffold_816779774_c1_14,Actinomycetota,Q1AWQ7|unreviewed|Nitrate,1,4430.0,1520,741,48.75
Soil9.scaffold_816779774_c1_14,Actinomycetota,A0A511D6I2|unreviewed|Nitrate,2,4322.0,1569,724,46.1440407903123
Soil9.scaffold_816779774_c1_14,Actinomycetota,A0A7K0W3P6|unreviewed|Nitrate,3,4266.0,1543,709,45.94944912508101
Soil9.scaffold_816779774_c1_14,Actinomycetota,U1QE67|unreviewed|nitrate,4,4132.0,1606,668,41.59402241594022
Soil9.scaffold_816779774_c1_14,Actinomycetota,A0A8J3NMA7|unreviewed|nitrate,5,4134.0,1589,683,42.98300818124607
Soil9.scaffold_816779774_c1_14,acidobacteriota,A0A936F3S9|unreviewed|nitrate,1,4030.0,1589,654,41.15796098174953
Soil9.scaffold_816779774_c1_14,acidobacteriota,A0A953EJI2|unreviewed|nitrate,2,4095.0,1582,669,42.288242730720604
Soil9.scaffold_816779774_c1_14,acidobacteriota,A0A1F2RVC6|unreviewed|nitrate,3,4122.0,1576,670,42.51269035532995
Soil9.scaffold_816779774_c1_14,acidobacteriota,A0A9D7SI32|unreviewed|nitrate,4,4038.0,1589,657,41.34675896790434
Soil9.scaffold_816779774_c1_14,acidobacteriota,A0A1F2SV26|unreviewed|4Fe-4S,5,3311.0,1473,545,36.999321113374066
Soil9.scaffold_816779774_c1_14,chloroflexota,A0A2N2MAT5|unreviewed|nitrate,1,4076.0,1584,668,42.17171717171717
Soil9.scaffold_816779774_c1_14,chloroflexota,A0A949W021|unreviewed|nitrate,2,4105.0,1596,678,42.4812030075188
Soil9.scaffold_816779774_c1_14,chloroflexota,A0A1F8L172|unreviewed|nitrate,3,4093.0,1562,674,43.149807938540334
Soil9.scaffold_816779774_c1_14,chloroflexota,A0A8J6NLS7|unreviewed|nitrate,4,4151.0,1563,683,43.698016634676904
Soil9.scaffold_816779774_c1_14,chloroflexota,A0A2M8CTB5|unreviewed|nitrate,5,4121.0,1564,675,43.15856777493606
Soil9.scaffold_816779774_c1_14,verrucomicrobiota,A0A849XW34|unreviewed|nitrate,1,4051.0,1581,654,41.36622390891841
Soil9.scaffold_816779774_c1_14,verrucomicrobiota,A0A933UFK4|unreviewed|nitrate,2,3987.0,1598,645,40.36295369211514
Soil9.scaffold_816779774_c1_14,verrucomicrobiota,A0A934F0J8|unreviewed|nitrate,3,4069.0,1584,666,42.04545454545455
Soil9.scaffold_816779774_c1_14,verrucomicrobiota,A0A832HWY0|unreviewed|Nitrate,4,3745.0,1556,608,39.0745501285347
Soil9.scaffold_816779774_c1_14,verrucomicrobiota,A0A7C4LZE2|unreviewed|nitrate,5,3997.0,1592,651,40.891959798994975
Soil9.scaffold_816779774_c1_14,gemmatimonadota,A0A2D5ZQA8|unreviewed|nitrate,1,4036.0,1592,658,41.33165829145729
Soil9.scaffold_816779774_c1_14,gemmatimonadota,A0A524IW10|unreviewed|nitrate,2,4072.0,1578,671,42.52217997465146
Soil9.scaffold_816779774_c1_14,gemmatimonadota,A0A933BW52|unreviewed|nitrate,3,3905.0,1636,636,38.87530562347188
Soil9.scaffold_816779774_c1_14,gemmatimonadota,A0A945GIP3|unreviewed|nitrate,4,4082.0,1576,662,42.00507614213198
Soil9.scaffold_816779774_c1_14,gemmatimonadota,A0A9D7CFV4|unreviewed|nitrate,5,3977.0,1600,652,40.75
Soil9.scaffold_816779774_c1_14,myxococcota,Q2IJW3|unreviewed|nitrate,1,4073.0,1584,668,42.17171717171717
Soil9.scaffold_816779774_c1_14,myxococcota,B4ULS9|unreviewed|nitrate,2,4070.0,1582,665,42.0353982300885
Soil9.scaffold_816779774_c1_14,myxococcota,A0A928XR34|unreviewed|nitrate,3,4017.0,1593,656,41.18016321406152
Soil9.scaffold_816779774_c1_14,myxococcota,A7HGD0|unreviewed|nitrate,4,3845.0,1611,625,38.7957790192427
Soil9.scaffold_816779774_c1_14,myxococcota,A0A947HI39|unreviewed|nitrate,5,4054.0,1599,662,41.40087554721701
Soil9.scaffold_175774837_c1_4,Bacteroidota,A0A399D723|unreviewed|nitrate,1,3868.0,1554,625,40.21879021879022
Soil9.scaffold_175774837_c1_4,Bacteroidota,A0A9D9VY91|unreviewed|nitrate,2,3794.0,1568,610,38.9030612244898
Soil9.scaffold_175774837_c1_4,Bacteroidota,A0A1G6KWR1|unreviewed|nitrate,3,4018.0,1564,653,41.751918158567776
Soil9.scaffold_175774837_c1_4,Bacteroidota,A0A1F3NZE7|unreviewed|nitrate,4,3934.0,1546,633,40.94437257438551
Soil9.scaffold_175774837_c1_4,Bacteroidota,A0A434AV88|unreviewed|nitrate,5,3997.0,1565,645,41.21405750798722
Soil9.scaffold_175774837_c1_4,Pseudomonadota,A0A149V6R9|unreviewed|4Fe-4S,1,4157.0,1572,695,44.211195928753185
Soil9.scaffold_175774837_c1_4,Pseudomonadota,A0A4Q7N714|unreviewed|nitrate,2,4130.0,1569,682,43.46717654557043
Soil9.scaffold_175774837_c1_4,Pseudomonadota,A0A0N9VQU4|unreviewed|nitrate,3,4083.0,1552,667,42.97680412371135
Soil9.scaffold_175774837_c1_4,Pseudomonadota,A0A5B0BNB7|unreviewed|nitrate,4,4028.0,1594,657,41.21706398996236
Soil9.scaffold_175774837_c1_4,Pseudomonadota,A0A7Z0I064|unreviewed|nitrate,5,4087.0,1576,671,42.576142131979694
Soil9.scaffold_175774837_c1_4,Bacillota,A0A1I1VAQ5|unreviewed|nitrate,1,4322.0,1517,729,48.05537244561634
Soil9.scaffold_175774837_c1_4,Bacillota,A0A5J5HPE3|unreviewed|nitrate,2,4253.0,1518,705,46.44268774703557
Soil9.scaffold_175774837_c1_4,Bacillota,A0A941E077|unreviewed|nitrate,3,4204.0,1516,695,45.844327176781
Soil9.scaffold_175774837_c1_4,Bacillota,A0A2T5G6I1|unreviewed|nitrate,4,4513.0,1499,772,51.501000667111406
Soil9.scaffold_175774837_c1_4,Bacillota,A0A0R1H9J7|unreviewed|nitrate,5,4138.0,1539,688,44.7043534762833
Soil9.scaffold_175774837_c1_4,Actinomycetota,Q1AWQ7|unreviewed|Nitrate,1,4878.0,1416,832,58.75706214689266
Soil9.scaffold_175774837_c1_4,Actinomycetota,A0A511D6I2|unreviewed|Nitrate,2,4607.0,1497,787,52.57181028724115
Soil9.scaffold_175774837_c1_4,Actinomycetota,A0A7K0W3P6|unreviewed|Nitrate,3,4659.0,1455,795,54.63917525773196
Soil9.scaffold_175774837_c1_4,Actinomycetota,U1QE67|unreviewed|nitrate,4,4390.0,1542,740,47.98962386511025
Soil9.scaffold_175774837_c1_4,Actinomycetota,A0A8J3NMA7|unreviewed|nitrate,5,4551.0,1480,772,52.16216216216216
Soil9.scaffold_175774837_c1_4,acidobacteriota,A0A936F3S9|unreviewed|nitrate,1,3943.0,1560,653,41.85897435897436
Soil9.scaffold_175774837_c1_4,acidobacteriota,A0A953EJI2|unreviewed|nitrate,2,3971.0,1555,650,41.80064308681672
Soil9.scaffold_175774837_c1_4,acidobacteriota,A0A1F2RVC6|unreviewed|nitrate,3,3974.0,1557,654,42.00385356454721
Soil9.scaffold_175774837_c1_4,acidobacteriota,A0A9D7SI32|unreviewed|nitrate,4,3944.0,1560,653,41.85897435897436
Soil9.scaffold_175774837_c1_4,acidobacteriota,A0A1F2SV26|unreviewed|4Fe-4S,5,3185.0,1456,533,36.607142857142854
Soil9.scaffold_175774837_c1_4,chloroflexota,A0A2N2MAT5|unreviewed|nitrate,1,4045.0,1551,670,43.19793681495809
Soil9.scaffold_175774837_c1_4,chloroflexota,A0A949W021|unreviewed|nitrate,2,3999.0,1558,663,42.55455712451862
Soil9.scaffold_175774837_c1_4,chloroflexota,A0A1F8L172|unreviewed|nitrate,3,3949.0,1535,647,42.14983713355049
Soil9.scaffold_175774837_c1_4,chloroflexota,A0A8J6NLS7|unreviewed|nitrate,4,3997.0,1545,656,42.45954692556634
Soil9.scaffold_175774837_c1_4,chloroflexota,A0A2M8CTB5|unreviewed|nitrate,5,4016.0,1533,660,43.05283757338552
Soil9.scaffold_175774837_c1_4,verrucomicrobiota,A0A849XW34|unreviewed|nitrate,1,4000.0,1553,663,42.69156471345782
Soil9.scaffold_175774837_c1_4,verrucomicrobiota,A0A933UFK4|unreviewed|nitrate,2,3951.0,1563,647,41.394753678822774
Soil9.scaffold_175774837_c1_4,verrucomicrobiota,A0A934F0J8|unreviewed|nitrate,3,3963.0,1556,653,41.96658097686375
Soil9.scaffold_175774837_c1_4,verrucomicrobiota,A0A832HWY0|unreviewed|Nitrate,4,3669.0,1518,604,39.789196310935445
Soil9.scaffold_175774837_c1_4,verrucomicrobiota,A0A7C4LZE2|unreviewed|nitrate,5,3956.0,1560,655,41.98717948717949
Soil9.scaffold_175774837_c1_4,gemmatimonadota,A0A2D5ZQA8|unreviewed|nitrate,1,3914.0,1554,643,41.37709137709138
Soil9.scaffold_175774837_c1_4,gemmatimonadota,A0A524IW10|unreviewed|nitrate,2,4040.0,1540,673,43.701298701298704
Soil9.scaffold_175774837_c1_4,gemmatimonadota,A0A933BW52|unreviewed|nitrate,3,3970.0,1599,659,41.21325828642902
Soil9.scaffold_175774837_c1_4,gemmatimonadota,A0A945GIP3|unreviewed|nitrate,4,4022.0,1546,654,42.30271668822768
Soil9.scaffold_175774837_c1_4,gemmatimonadota,A0A9D7CFV4|unreviewed|nitrate,5,3913.0,1558,638,40.949935815147626
Soil9.scaffold_175774837_c1_4,myxococcota,Q2IJW3|unreviewed|nitrate,1,3969.0,1550,663,42.774193548387096
Soil9.scaffold_175774837_c1_4,myxococcota,B4ULS9|unreviewed|nitrate,2,3967.0,1550,662,42.70967741935484
Soil9.scaffold_175774837_c1_4,myxococcota,A0A928XR34|unreviewed|nitrate,3,3911.0,1561,644,41.25560538116592
Soil9.scaffold_175774837_c1_4,myxococcota,A7HGD0|unreviewed|nitrate,4,3878.0,1553,650,41.85447520927237
Soil9.scaffold_175774837_c1_4,myxococcota,A0A947HI39|unreviewed|nitrate,5,3990.0,1558,658,42.23363286264441
Soil9.scaffold_209032411_c1_3,Bacteroidota,A0A399D723|unreviewed|nitrate,1,3982.0,1590,642,40.37735849056604
Soil9.scaffold_209032411_c1_3,Bacteroidota,A0A9D9VY91|unreviewed|nitrate,2,3936.0,1603,634,39.550842170929506
Soil9.scaffold_209032411_c1_3,Bacteroidota,A0A1G6KWR1|unreviewed|nitrate,3,4173.0,1596,686,42.98245614035088
Soil9.scaffold_209032411_c1_3,Bacteroidota,A0A1F3NZE7|unreviewed|nitrate,4,4037.0,1583,657,41.50347441566646
Soil9.scaffold_209032411_c1_3,Bacteroidota,A0A434AV88|unreviewed|nitrate,5,4138.0,1602,675,42.13483146067416
Soil9.scaffold_209032411_c1_3,Pseudomonadota,A0A149V6R9|unreviewed|4Fe-4S,1,4239.0,1591,706,44.374607165304845
Soil9.scaffold_209032411_c1_3,Pseudomonadota,A0A4Q7N714|unreviewed|nitrate,2,4265.0,1604,710,44.2643391521197
Soil9.scaffold_209032411_c1_3,Pseudomonadota,A0A0N9VQU4|unreviewed|nitrate,3,4175.0,1580,682,43.164556962025316
Soil9.scaffold_209032411_c1_3,Pseudomonadota,A0A5B0BNB7|unreviewed|nitrate,4,4242.0,1602,704,43.94506866416979
Soil9.scaffold_209032411_c1_3,Pseudomonadota,A0A7Z0I064|unreviewed|nitrate,5,4272.0,1599,712,44.52782989368355
Soil9.scaffold_209032411_c1_3,Bacillota,A0A1I1VAQ5|unreviewed|nitrate,1,4436.0,1549,744,48.03098773402195
Soil9.scaffold_209032411_c1_3,Bacillota,A0A5J5HPE3|unreviewed|nitrate,2,4408.0,1533,732,47.74951076320939
Soil9.scaffold_209032411_c1_3,Bacillota,A0A941E077|unreviewed|nitrate,3,4434.0,1529,747,48.855461085676914
Soil9.scaffold_209032411_c1_3,Bacillota,A0A2T5G6I1|unreviewed|nitrate,4,4680.0,1507,799,53.01924353019244
Soil9.scaffold_209032411_c1_3,Bacillota,A0A0R1H9J7|unreviewed|nitrate,5,4322.0,1547,718,46.41241111829347
Soil9.scaffold_209032411_c1_3,Actinomycetota,Q1AWQ7|unreviewed|Nitrate,1,5109.0,1431,873,61.0062893081761
Soil9.scaffold_209032411_c1_3,Actinomycetota,A0A511D6I2|unreviewed|Nitrate,2,4739.0,1512,808,53.43915343915344
Soil9.scaffold_209032411_c1_3,Actinomycetota,A0A7K0W3P6|unreviewed|Nitrate,3,4794.0,1473,820,55.66870332654447
Soil9.scaffold_209032411_c1_3,Actinomycetota,U1QE67|unreviewed|nitrate,4,4447.0,1574,750,47.64930114358323
Soil9.scaffold_209032411_c1_3,Actinomycetota,A0A8J3NMA7|unreviewed|nitrate,5,4722.0,1503,801,53.293413173652695
Soil9.scaffold_209032411_c1_3,acidobacteriota,A0A936F3S9|unreviewed|nitrate,1,4085.0,1586,668,42.11853720050441
Soil9.scaffold_209032411_c1_3,acidobacteriota,A0A953EJI2|unreviewed|nitrate,2,4119.0,1584,680,42.92929292929293
Soil9.scaffold_209032411_c1_3,acidobacteriota,A0A1F2RVC6|unreviewed|nitrate,3,4134.0,1588,679,42.758186397984886
Soil9.scaffold_209032411_c1_3,acidobacteriota,A0A9D7SI32|unreviewed|nitrate,4,4084.0,1586,667,42.055485498108446
Soil9.scaffold_209032411_c1_3,acidobacteriota,A0A1F2SV26|unreviewed|4Fe-4S,5,3325.0,1473,550,37.3387644263408
Soil9.scaffold_209032411_c1_3,chloroflexota,A0A2N2MAT5|unreviewed|nitrate,1,4103.0,1584,672,42.42424242424242
Soil9.scaffold_209032411_c1_3,chloroflexota,A0A949W021|unreviewed|nitrate,2,4075.0,1596,662,41.478696741854634
Soil9.scaffold_209032411_c1_3,chloroflexota,A0A1F8L172|unreviewed|nitrate,3,4124.0,1555,675,43.40836012861736
Soil9.scaffold_209032411_c1_3,chloroflexota,A0A8J6NLS7|unreviewed|nitrate,4,4154.0,1568,680,43.36734693877551
Soil9.scaffold_209032411_c1_3,chloroflexota,A0A2M8CTB5|unreviewed|nitrate,5,4138.0,1565,682,43.57827476038339
Soil9.scaffold_209032411_c1_3,verrucomicrobiota,A0A849XW34|unreviewed|nitrate,1,4128.0,1588,683,43.01007556675063
Soil9.scaffold_209032411_c1_3,verrucomicrobiota,A0A933UFK4|unreviewed|nitrate,2,4105.0,1598,679,42.490613266583225
Soil9.scaffold_209032411_c1_3,verrucomicrobiota,A0A934F0J8|unreviewed|nitrate,3,4048.0,1596,668,41.854636591478695
Soil9.scaffold_209032411_c1_3,verrucomicrobiota,A0A832HWY0|unreviewed|Nitrate,4,3699.0,1566,605,38.63346104725415
Soil9.scaffold_209032411_c1_3,verrucomicrobiota,A0A7C4LZE2|unreviewed|nitrate,5,4052.0,1596,671,42.042606516290725
Soil9.scaffold_209032411_c1_3,gemmatimonadota,A0A2D5ZQA8|unreviewed|nitrate,1,4063.0,1596,668,41.854636591478695
Soil9.scaffold_209032411_c1_3,gemmatimonadota,A0A524IW10|unreviewed|nitrate,2,4116.0,1562,681,43.59795134443022
Soil9.scaffold_209032411_c1_3,gemmatimonadota,A0A933BW52|unreviewed|nitrate,3,4001.0,1639,657,40.085417937766934
Soil9.scaffold_209032411_c1_3,gemmatimonadota,A0A945GIP3|unreviewed|nitrate,4,4132.0,1588,675,42.50629722921914
Soil9.scaffold_209032411_c1_3,gemmatimonadota,A0A9D7CFV4|unreviewed|nitrate,5,4000.0,1600,652,40.75
Soil9.scaffold_209032411_c1_3,myxococcota,Q2IJW3|unreviewed|nitrate,1,4081.0,1579,683,43.255224825839136
Soil9.scaffold_209032411_c1_3,myxococcota,B4ULS9|unreviewed|nitrate,2,4075.0,1581,681,43.07400379506641
Soil9.scaffold_209032411_c1_3,myxococcota,A0A928XR34|unreviewed|nitrate,3,4030.0,1595,658,41.2539184952978
Soil9.scaffold_209032411_c1_3,myxococcota,A7HGD0|unreviewed|nitrate,4,3963.0,1588,662,41.68765743073048
Soil9.scaffold_209032411_c1_3,myxococcota,A0A947HI39|unreviewed|nitrate,5,4054.0,1603,664,41.42233312538989
Soil9.scaffold_711597457_c1_4,Bacteroidota,A0A399D723|unreviewed|nitrate,1,4238.0,1519,695,45.753785385121795
Soil9.scaffold_711597457_c1_4,Bacteroidota,A0A9D9VY91|unreviewed|nitrate,2,4099.0,1553,670,43.142305215711524
Soil9.scaffold_711597457_c1_4,Bacteroidota,A0A1G6KWR1|unreviewed|nitrate,3,4027.0,1590,659,41.44654088050315
Soil9.scaffold_711597457_c1_4,Bacteroidota,A0A1F3NZE7|unreviewed|nitrate,4,4322.0,1503,707,47.03925482368596
Soil9.scaffold_711597457_c1_4,Bacteroidota,A0A434AV88|unreviewed|nitrate,5,3966.0,1599,647,40.46278924327705
Soil9.scaffold_711597457_c1_4,Pseudomonadota,A0A149V6R9|unreviewed|4Fe-4S,1,4027.0,1604,663,41.33416458852868
Soil9.scaffold_711597457_c1_4,Pseudomonadota,A0A4Q7N714|unreviewed|nitrate,2,4032.0,1618,657,40.60568603213844
Soil9.scaffold_711597457_c1_4,Pseudomonadota,A0A0N9VQU4|unreviewed|nitrate,3,4016.0,1589,651,40.969162995594715
Soil9.scaffold_711597457_c1_4,Pseudomonadota,A0A5B0BNB7|unreviewed|nitrate,4,4050.0,1625,666,40.98461538461539
Soil9.scaffold_711597457_c1_4,Pseudomonadota,A0A7Z0I064|unreviewed|nitrate,5,4098.0,1608,675,41.97761194029851
Soil9.scaffold_711597457_c1_4,Bacillota,A0A1I1VAQ5|unreviewed|nitrate,1,4016.0,1604,662,41.271820448877804
Soil9.scaffold_711597457_c1_4,Bacillota,A0A5J5HPE3|unreviewed|nitrate,2,4036.0,1582,666,42.09860935524652
Soil9.scaffold_711597457_c1_4,Bacillota,A0A941E077|unreviewed|nitrate,3,3977.0,1594,655,41.09159347553325
Soil9.scaffold_711597457_c1_4,Bacillota,A0A2T5G6I1|unreviewed|nitrate,4,4093.0,1585,683,43.09148264984227
Soil9.scaffold_711597457_c1_4,Bacillota,A0A0R1H9J7|unreviewed|nitrate,5,3970.0,1594,644,40.40150564617315
Soil9.scaffold_711597457_c1_4,Actinomycetota,Q1AWQ7|unreviewed|Nitrate,1,4034.0,1571,657,41.8204964990452
Soil9.scaffold_711597457_c1_4,Actinomycetota,A0A511D6I2|unreviewed|Nitrate,2,3965.0,1602,646,40.324594257178525
Soil9.scaffold_711597457_c1_4,Actinomycetota,A0A7K0W3P6|unreviewed|Nitrate,3,3966.0,1591,661,41.54619736015085
Soil9.scaffold_711597457_c1_4,Actinomycetota,U1QE67|unreviewed|nitrate,4,3854.0,1651,632,38.27983040581466
Soil9.scaffold_711597457_c1_4,Actinomycetota,A0A8J3NMA7|unreviewed|nitrate,5,3968.0,1598,649,40.613266583229034
Soil9.scaffold_711597457_c1_4,acidobacteriota,A0A936F3S9|unreviewed|nitrate,1,4360.0,1512,719,47.55291005291005
Soil9.scaffold_711597457_c1_4,acidobacteriota,A0A953EJI2|unreviewed|nitrate,2,4371.0,1518,725,47.76021080368906
Soil9.scaffold_711597457_c1_4,acidobacteriota,A0A1F2RVC6|unreviewed|nitrate,3,4318.0,1513,705,46.59616655651024
Soil9.scaffold_711597457_c1_4,acidobacteriota,A0A9D7SI32|unreviewed|nitrate,4,4375.0,1513,723,47.785855915399864
Soil9.scaffold_711597457_c1_4,acidobacteriota,A0A1F2SV26|unreviewed|4Fe-4S,5,3493.0,1418,578,40.761636107193226
Soil9.scaffold_711597457_c1_4,chloroflexota,A0A2N2MAT5|unreviewed|nitrate,1,4403.0,1508,732,48.54111405835544
Soil9.scaffold_711597457_c1_4,chloroflexota,A0A949W021|unreviewed|nitrate,2,4268.0,1535,703,45.79804560260586
Soil9.scaffold_711597457_c1_4,chloroflexota,A0A1F8L172|unreviewed|nitrate,3,4320.0,1501,720,47.96802131912059
Soil9.scaffold_711597457_c1_4,chloroflexota,A0A8J6NLS7|unreviewed|nitrate,4,4332.0,1504,719,47.805851063829785
Soil9.scaffold_711597457_c1_4,chloroflexota,A0A2M8CTB5|unreviewed|nitrate,5,4376.0,1492,732,49.06166219839142
Soil9.scaffold_711597457_c1_4,verrucomicrobiota,A0A849XW34|unreviewed|nitrate,1,4346.0,1524,724,47.506561679790025
Soil9.scaffold_711597457_c1_4,verrucomicrobiota,A0A933UFK4|unreviewed|nitrate,2,4217.0,1538,691,44.92847854356307
Soil9.scaffold_711597457_c1_4,verrucomicrobiota,A0A934F0J8|unreviewed|nitrate,3,4192.0,1543,691,44.782890473104345
Soil9.scaffold_711597457_c1_4,verrucomicrobiota,A0A832HWY0|unreviewed|Nitrate,4,3909.0,1517,652,42.97956493078444
Soil9.scaffold_711597457_c1_4,verrucomicrobiota,A0A7C4LZE2|unreviewed|nitrate,5,4199.0,1542,693,44.94163424124514
Soil9.scaffold_711597457_c1_4,gemmatimonadota,A0A2D5ZQA8|unreviewed|nitrate,1,4286.0,1527,701,45.90700720366732
Soil9.scaffold_711597457_c1_4,gemmatimonadota,A0A524IW10|unreviewed|nitrate,2,4326.0,1506,717,47.60956175298805
Soil9.scaffold_711597457_c1_4,gemmatimonadota,A0A933BW52|unreviewed|nitrate,3,3933.0,1625,637,39.2
Soil9.scaffold_711597457_c1_4,gemmatimonadota,A0A945GIP3|unreviewed|nitrate,4,4347.0,1512,710,46.95767195767196
Soil9.scaffold_711597457_c1_4,gemmatimonadota,A0A9D7CFV4|unreviewed|nitrate,5,4187.0,1533,685,44.6836268754077
Soil9.scaffold_711597457_c1_4,myxococcota,Q2IJW3|unreviewed|nitrate,1,4306.0,1520,720,47.368421052631575
Soil9.scaffold_711597457_c1_4,myxococcota,B4ULS9|unreviewed|nitrate,2,4302.0,1524,719,47.17847769028871
Soil9.scaffold_711597457_c1_4,myxococcota,A0A928XR34|unreviewed|nitrate,3,4169.0,1527,674,44.13883431565161
Soil9.scaffold_711597457_c1_4,myxococcota,A7HGD0|unreviewed|nitrate,4,4067.0,1556,684,43.958868894601544
Soil9.scaffold_711597457_c1_4,myxococcota,A0A947HI39|unreviewed|nitrate,5,4223.0,1545,693,44.85436893203884
T0.scaffold_786865677_c1_2,Bacteroidota,A0A399D723|unreviewed|nitrate,1,3967.0,1631,647,39.66891477621091
T0.scaffold_786865677_c1_2,Bacteroidota,A0A9D9VY91|unreviewed|nitrate,2,3986.0,1622,650,40.07398273736128
T0.scaffold_786865677_c1_2,Bacteroidota,A0A1G6KWR1|unreviewed|nitrate,3,4891.0,1496,821,54.87967914438503
T0.scaffold_786865677_c1_2,Bacteroidota,A0A1F3NZE7|unreviewed|nitrate,4,4059.0,1618,663,40.97651421508034
T0.scaffold_786865677_c1_2,Bacteroidota,A0A434AV88|unreviewed|nitrate,5,4892.0,1498,825,55.07343124165555
T0.scaffold_786865677_c1_2,Pseudomonadota,A0A149V6R9|unreviewed|4Fe-4S,1,4761.0,1522,800,52.56241787122208
T0.scaffold_786865677_c1_2,Pseudomonadota,A0A4Q7N714|unreviewed|nitrate,2,5365.0,1433,920,64.20097697138868
T0.scaffold_786865677_c1_2,Pseudomonadota,A0A0N9VQU4|unreviewed|nitrate,3,5019.0,1463,856,58.50991114149009
T0.scaffold_786865677_c1_2,Pseudomonadota,A0A5B0BNB7|unreviewed|nitrate,4,5105.0,1487,874,58.77605917955615
T0.scaffold_786865677_c1_2,Pseudomonadota,A0A7Z0I064|unreviewed|nitrate,5,5328.0,1451,919,63.33563059958649
T0.scaffold_786865677_c1_2,Bacillota,A0A1I1VAQ5|unreviewed|nitrate,1,4283.0,1596,707,44.29824561403509
T0.scaffold_786865677_c1_2,Bacillota,A0A5J5HPE3|unreviewed|nitrate,2,4267.0,1591,702,44.123192960402264
T0.scaffold_786865677_c1_2,Bacillota,A0A941E077|unreviewed|nitrate,3,4267.0,1580,698,44.17721518987342
T0.scaffold_786865677_c1_2,Bacillota,A0A2T5G6I1|unreviewed|nitrate,4,4431.0,1572,746,47.45547073791349
T0.scaffold_786865677_c1_2,Bacillota,A0A0R1H9J7|unreviewed|nitrate,5,4261.0,1587,695,43.79332073093888
T0.scaffold_786865677_c1_2,Actinomycetota,Q1AWQ7|unreviewed|Nitrate,1,4398.0,1561,727,46.57270980140935
T0.scaffold_786865677_c1_2,Actinomycetota,A0A511D6I2|unreviewed|Nitrate,2,4245.0,1622,706,43.526510480887794
T0.scaffold_786865677_c1_2,Actinomycetota,A0A7K0W3P6|unreviewed|Nitrate,3,4146.0,1601,686,42.848219862585886
T0.scaffold_786865677_c1_2,Actinomycetota,U1QE67|unreviewed|nitrate,4,4064.0,1657,669,40.3741701870851
T0.scaffold_786865677_c1_2,Actinomycetota,A0A8J3NMA7|unreviewed|nitrate,5,4171.0,1627,690,42.40934234787953
T0.scaffold_786865677_c1_2,acidobacteriota,A0A936F3S9|unreviewed|nitrate,1,4075.0,1610,666,41.36645962732919
T0.scaffold_786865677_c1_2,acidobacteriota,A0A953EJI2|unreviewed|nitrate,2,4085.0,1627,675,41.48740012292563
T0.scaffold_786865677_c1_2,acidobacteriota,A0A1F2RVC6|unreviewed|nitrate,3,4086.0,1628,666,40.909090909090914
T0.scaffold_786865677_c1_2,acidobacteriota,A0A9D7SI32|unreviewed|nitrate,4,4087.0,1611,669,41.527001862197395
T0.scaffold_786865677_c1_2,acidobacteriota,A0A1F2SV26|unreviewed|4Fe-4S,5,3351.0,1498,559,37.31642189586115
T0.scaffold_786865677_c1_2,chloroflexota,A0A2N2MAT5|unreviewed|nitrate,1,4143.0,1603,679,42.35807860262008
T0.scaffold_786865677_c1_2,chloroflexota,A0A949W021|unreviewed|nitrate,2,4081.0,1631,668,40.956468424279585
T0.scaffold_786865677_c1_2,chloroflexota,A0A1F8L172|unreviewed|nitrate,3,4032.0,1611,667,41.40285536933582
T0.scaffold_786865677_c1_2,chloroflexota,A0A8J6NLS7|unreviewed|nitrate,4,4044.0,1601,661,41.28669581511556
T0.scaffold_786865677_c1_2,chloroflexota,A0A2M8CTB5|unreviewed|nitrate,5,4055.0,1600,668,41.75
T0.scaffold_786865677_c1_2,verrucomicrobiota,A0A849XW34|unreviewed|nitrate,1,4172.0,1592,680,42.71356783919598
T0.scaffold_786865677_c1_2,verrucomicrobiota,A0A933UFK4|unreviewed|nitrate,2,4139.0,1601,687,42.9106808244847
T0.scaffold_786865677_c1_2,verrucomicrobiota,A0A934F0J8|unreviewed|nitrate,3,4140.0,1602,683,42.63420724094881
T0.scaffold_786865677_c1_2,verrucomicrobiota,A0A832HWY0|unreviewed|Nitrate,4,3767.0,1589,624,39.269981120201386
T0.scaffold_786865677_c1_2,verrucomicrobiota,A0A7C4LZE2|unreviewed|nitrate,5,4135.0,1607,687,42.75046670815183
T0.scaffold_786865677_c1_2,gemmatimonadota,A0A2D5ZQA8|unreviewed|nitrate,1,4083.0,1621,676,41.70265268352868
T0.scaffold_786865677_c1_2,gemmatimonadota,A0A524IW10|unreviewed|nitrate,2,4113.0,1603,686,42.79475982532751
T0.scaffold_786865677_c1_2,gemmatimonadota,A0A933BW52|unreviewed|nitrate,3,3959.0,1667,649,38.93221355728854
T0.scaffold_786865677_c1_2,gemmatimonadota,A0A945GIP3|unreviewed|nitrate,4,4119.0,1616,678,41.95544554455445
T0.scaffold_786865677_c1_2,gemmatimonadota,A0A9D7CFV4|unreviewed|nitrate,5,4020.0,1631,663,40.64990803188228
T0.scaffold_786865677_c1_2,myxococcota,Q2IJW3|unreviewed|nitrate,1,4077.0,1611,680,42.209807572936064
T0.scaffold_786865677_c1_2,myxococcota,B4ULS9|unreviewed|nitrate,2,4086.0,1612,683,42.3697270471464
T0.scaffold_786865677_c1_2,myxococcota,A0A928XR34|unreviewed|nitrate,3,4003.0,1628,656,40.2948402948403
T0.scaffold_786865677_c1_2,myxococcota,A7HGD0|unreviewed|nitrate,4,3927.0,1626,653,40.15990159901599
T0.scaffold_786865677_c1_2,myxococcota,A0A947HI39|unreviewed|nitrate,5,4099.0,1615,671,41.54798761609907
T0.scaffold_172278247_c1_4,Bacteroidota,A0A399D723|unreviewed|nitrate,1,4027.0,1622,662,40.81381011097411
T0.scaffold_172278247_c1_4,Bacteroidota,A0A9D9VY91|unreviewed|nitrate,2,3980.0,1631,647,39.66891477621091
T0.scaffold_172278247_c1_4,Bacteroidota,A0A1G6KWR1|unreviewed|nitrate,3,4896.0,1507,827,54.877239548772394
T0.scaffold_172278247_c1_4,Bacteroidota,A0A1F3NZE7|unreviewed|nitrate,4,4031.0,1626,656,40.34440344403444
T0.scaffold_172278247_c1_4,Bacteroidota,A0A434AV88|unreviewed|nitrate,5,4880.0,1501,822,54.763491005996
T0.scaffold_172278247_c1_4,Pseudomonadota,A0A149V6R9|unreviewed|4Fe-4S,1,4743.0,1537,790,51.398828887443074
T0.scaffold_172278247_c1_4,Pseudomonadota,A0A4Q7N714|unreviewed|nitrate,2,5315.0,1453,917,63.11080523055747
T0.scaffold_172278247_c1_4,Pseudomonadota,A0A0N9VQU4|unreviewed|nitrate,3,4998.0,1477,844,57.14285714285714
T0.scaffold_172278247_c1_4,Pseudomonadota,A0A5B0BNB7|unreviewed|nitrate,4,5166.0,1486,889,59.825033647375506
T0.scaffold_172278247_c1_4,Pseudomonadota,A0A7Z0I064|unreviewed|nitrate,5,5355.0,1440,919,63.81944444444444
T0.scaffold_172278247_c1_4,Bacillota,A0A1I1VAQ5|unreviewed|nitrate,1,4289.0,1594,703,44.10288582183187
T0.scaffold_172278247_c1_4,Bacillota,A0A5J5HPE3|unreviewed|nitrate,2,4228.0,1605,687,42.80373831775701
T0.scaffold_172278247_c1_4,Bacillota,A0A941E077|unreviewed|nitrate,3,4347.0,1589,717,45.12271869100063
T0.scaffold_172278247_c1_4,Bacillota,A0A2T5G6I1|unreviewed|nitrate,4,4490.0,1567,753,48.05360561582642
T0.scaffold_172278247_c1_4,Bacillota,A0A0R1H9J7|unreviewed|nitrate,5,4285.0,1601,709,44.284821986258585
T0.scaffold_172278247_c1_4,Actinomycetota,Q1AWQ7|unreviewed|Nitrate,1,4388.0,1570,733,46.68789808917197
T0.scaffold_172278247_c1_4,Actinomycetota,A0A511D6I2|unreviewed|Nitrate,2,4225.0,1634,707,43.26805385556916
T0.scaffold_172278247_c1_4,Actinomycetota,A0A7K0W3P6|unreviewed|Nitrate,3,4150.0,1609,692,43.008079552517096
T0.scaffold_172278247_c1_4,Actinomycetota,U1QE67|unreviewed|nitrate,4,4057.0,1667,668,40.07198560287942
T0.scaffold_172278247_c1_4,Actinomycetota,A0A8J3NMA7|unreviewed|nitrate,5,4147.0,1629,690,42.35727440147329
T0.scaffold_172278247_c1_4,acidobacteriota,A0A936F3S9|unreviewed|nitrate,1,4061.0,1612,655,40.63275434243176
T0.scaffold_172278247_c1_4,acidobacteriota,A0A953EJI2|unreviewed|nitrate,2,4086.0,1625,676,41.6
T0.scaffold_172278247_c1_4,acidobacteriota,A0A1F2RVC6|unreviewed|nitrate,3,4060.0,1626,662,40.71340713407134
T0.scaffold_172278247_c1_4,acidobacteriota,A0A9D7SI32|unreviewed|nitrate,4,4061.0,1613,655,40.60756354618723
T0.scaffold_172278247_c1_4,acidobacteriota,A0A1F2SV26|unreviewed|4Fe-4S,5,3281.0,1517,540,35.596572181938036
T0.scaffold_172278247_c1_4,chloroflexota,A0A2N2MAT5|unreviewed|nitrate,1,4122.0,1607,671,41.7548226509023
T0.scaffold_172278247_c1_4,chloroflexota,A0A949W021|unreviewed|nitrate,2,4139.0,1620,676,41.7283950617284
T0.scaffold_172278247_c1_4,chloroflexota,A0A1F8L172|unreviewed|nitrate,3,4000.0,1607,646,40.19912881144991
T0.scaffold_172278247_c1_4,chloroflexota,A0A8J6NLS7|unreviewed|nitrate,4,4038.0,1619,655,40.45707226683138
T0.scaffold_172278247_c1_4,chloroflexota,A0A2M8CTB5|unreviewed|nitrate,5,4040.0,1609,662,41.143567433188316
T0.scaffold_172278247_c1_4,verrucomicrobiota,A0A849XW34|unreviewed|nitrate,1,4207.0,1606,687,42.777085927770855
T0.scaffold_172278247_c1_4,verrucomicrobiota,A0A933UFK4|unreviewed|nitrate,2,4139.0,1616,681,42.14108910891089
T0.scaffold_172278247_c1_4,verrucomicrobiota,A0A934F0J8|unreviewed|nitrate,3,4167.0,1607,689,42.874922215308025
T0.scaffold_172278247_c1_4,verrucomicrobiota,A0A832HWY0|unreviewed|Nitrate,4,3790.0,1585,620,39.11671924290221
T0.scaffold_172278247_c1_4,verrucomicrobiota,A0A7C4LZE2|unreviewed|nitrate,5,4133.0,1616,684,42.32673267326732
T0.scaffold_172278247_c1_4,gemmatimonadota,A0A2D5ZQA8|unreviewed|nitrate,1,4033.0,1626,655,40.28290282902829
T0.scaffold_172278247_c1_4,gemmatimonadota,A0A524IW10|unreviewed|nitrate,2,4086.0,1619,677,41.81593576281655
T0.scaffold_172278247_c1_4,gemmatimonadota,A0A933BW52|unreviewed|nitrate,3,3991.0,1670,653,39.10179640718563
T0.scaffold_172278247_c1_4,gemmatimonadota,A0A945GIP3|unreviewed|nitrate,4,4040.0,1628,655,40.23341523341523
T0.scaffold_172278247_c1_4,gemmatimonadota,A0A9D7CFV4|unreviewed|nitrate,5,4035.0,1619,661,40.827671402100066
T0.scaffold_172278247_c1_4,myxococcota,Q2IJW3|unreviewed|nitrate,1,4052.0,1619,664,41.012970969734404
T0.scaffold_172278247_c1_4,myxococcota,B4ULS9|unreviewed|nitrate,2,4056.0,1618,664,41.03831891223733
T0.scaffold_172278247_c1_4,myxococcota,A0A928XR34|unreviewed|nitrate,3,4007.0,1626,656,40.34440344403444
T0.scaffold_172278247_c1_4,myxococcota,A7HGD0|unreviewed|nitrate,4,3917.0,1628,648,39.80343980343981
T0.scaffold_172278247_c1_4,myxococcota,A0A947HI39|unreviewed|nitrate,5,4186.0,1611,689,42.76846679081316
T0.scaffold_961428012_c1_71,Bacteroidota,A0A399D723|unreviewed|nitrate,1,4272.0,1527,702,45.97249508840864
T0.scaffold_961428012_c1_71,Bacteroidota,A0A9D9VY91|unreviewed|nitrate,2,4117.0,1546,672,43.46701164294955
T0.scaffold_961428012_c1_71,Bacteroidota,A0A1G6KWR1|unreviewed|nitrate,3,4104.0,1581,671,42.44149272612271
T0.scaffold_961428012_c1_71,Bacteroidota,A0A1F3NZE7|unreviewed|nitrate,4,4323.0,1504,704,46.808510638297875
T0.scaffold_961428012_c1_71,Bacteroidota,A0A434AV88|unreviewed|nitrate,5,4034.0,1580,657,41.58227848101266
T0.scaffold_961428012_c1_71,Pseudomonadota,A0A149V6R9|unreviewed|4Fe-4S,1,4058.0,1589,666,41.91315292636879
T0.scaffold_961428012_c1_71,Pseudomonadota,A0A4Q7N714|unreviewed|nitrate,2,4052.0,1617,658,40.692640692640694
T0.scaffold_961428012_c1_71,Pseudomonadota,A0A0N9VQU4|unreviewed|nitrate,3,4022.0,1589,653,41.095028319697924
T0.scaffold_961428012_c1_71,Pseudomonadota,A0A5B0BNB7|unreviewed|nitrate,4,4089.0,1616,669,41.398514851485146
T0.scaffold_961428012_c1_71,Pseudomonadota,A0A7Z0I064|unreviewed|nitrate,5,4048.0,1609,660,41.019266625233065
T0.scaffold_961428012_c1_71,Bacillota,A0A1I1VAQ5|unreviewed|nitrate,1,4061.0,1593,662,41.55681104833647
T0.scaffold_961428012_c1_71,Bacillota,A0A5J5HPE3|unreviewed|nitrate,2,4087.0,1578,674,42.71229404309253
T0.scaffold_961428012_c1_71,Bacillota,A0A941E077|unreviewed|nitrate,3,3946.0,1594,641,40.21329987452948
T0.scaffold_961428012_c1_71,Bacillota,A0A2T5G6I1|unreviewed|nitrate,4,4135.0,1573,685,43.54736172917991
T0.scaffold_961428012_c1_71,Bacillota,A0A0R1H9J7|unreviewed|nitrate,5,3962.0,1599,642,40.150093808630395
T0.scaffold_961428012_c1_71,Actinomycetota,Q1AWQ7|unreviewed|Nitrate,1,4078.0,1565,670,42.81150159744409
T0.scaffold_961428012_c1_71,Actinomycetota,A0A511D6I2|unreviewed|Nitrate,2,4040.0,1603,667,41.60948222083593
T0.scaffold_961428012_c1_71,Actinomycetota,A0A7K0W3P6|unreviewed|Nitrate,3,3908.0,1596,639,40.037593984962406
T0.scaffold_961428012_c1_71,Actinomycetota,U1QE67|unreviewed|nitrate,4,3850.0,1648,636,38.592233009708735
T0.scaffold_961428012_c1_71,Actinomycetota,A0A8J3NMA7|unreviewed|nitrate,5,3953.0,1604,651,40.586034912718205
T0.scaffold_961428012_c1_71,acidobacteriota,A0A936F3S9|unreviewed|nitrate,1,4412.0,1499,726,48.432288192128084
T0.scaffold_961428012_c1_71,acidobacteriota,A0A953EJI2|unreviewed|nitrate,2,4400.0,1510,727,48.145695364238414
T0.scaffold_961428012_c1_71,acidobacteriota,A0A1F2RVC6|unreviewed|nitrate,3,4341.0,1509,706,46.78595096090126
T0.scaffold_961428012_c1_71,acidobacteriota,A0A9D7SI32|unreviewed|nitrate,4,4420.0,1499,728,48.5657104736491
T0.scaffold_961428012_c1_71,acidobacteriota,A0A1F2SV26|unreviewed|4Fe-4S,5,3514.0,1420,580,40.845070422535215
T0.scaffold_961428012_c1_71,chloroflexota,A0A2N2MAT5|unreviewed|nitrate,1,4386.0,1520,732,48.1578947368421
T0.scaffold_961428012_c1_71,chloroflexota,A0A949W021|unreviewed|nitrate,2,4326.0,1536,716,46.61458333333333
T0.scaffold_961428012_c1_71,chloroflexota,A0A1F8L172|unreviewed|nitrate,3,4337.0,1511,730,48.312375909993385
T0.scaffold_961428012_c1_71,chloroflexota,A0A8J6NLS7|unreviewed|nitrate,4,4374.0,1519,733,48.25543120473996
T0.scaffold_961428012_c1_71,chloroflexota,A0A2M8CTB5|unreviewed|nitrate,5,4415.0,1489,738,49.56346541302888
T0.scaffold_961428012_c1_71,verrucomicrobiota,A0A849XW34|unreviewed|nitrate,1,4372.0,1525,734,48.131147540983605
T0.scaffold_961428012_c1_71,verrucomicrobiota,A0A933UFK4|unreviewed|nitrate,2,4274.0,1542,705,45.719844357976655
T0.scaffold_961428012_c1_71,verrucomicrobiota,A0A934F0J8|unreviewed|nitrate,3,4253.0,1535,701,45.66775244299674
T0.scaffold_961428012_c1_71,verrucomicrobiota,A0A832HWY0|unreviewed|Nitrate,4,3927.0,1517,659,43.44100197758735
T0.scaffold_961428012_c1_71,verrucomicrobiota,A0A7C4LZE2|unreviewed|nitrate,5,4261.0,1534,702,45.76271186440678
T0.scaffold_961428012_c1_71,gemmatimonadota,A0A2D5ZQA8|unreviewed|nitrate,1,4314.0,1534,713,46.47979139504563
T0.scaffold_961428012_c1_71,gemmatimonadota,A0A524IW10|unreviewed|nitrate,2,4412.0,1510,737,48.80794701986755
T0.scaffold_961428012_c1_71,gemmatimonadota,A0A933BW52|unreviewed|nitrate,3,3989.0,1616,644,39.851485148514854
T0.scaffold_961428012_c1_71,gemmatimonadota,A0A945GIP3|unreviewed|nitrate,4,4357.0,1519,712,46.87294272547729
T0.scaffold_961428012_c1_71,gemmatimonadota,A0A9D7CFV4|unreviewed|nitrate,5,4251.0,1527,697,45.64505566470203
T0.scaffold_961428012_c1_71,myxococcota,Q2IJW3|unreviewed|nitrate,1,4362.0,1521,731,48.06048652202498
T0.scaffold_961428012_c1_71,myxococcota,B4ULS9|unreviewed|nitrate,2,4351.0,1525,730,47.868852459016395
T0.scaffold_961428012_c1_71,myxococcota,A0A928XR34|unreviewed|nitrate,3,4233.0,1527,696,45.579567779960705
T0.scaffold_961428012_c1_71,myxococcota,A7HGD0|unreviewed|nitrate,4,4108.0,1554,695,44.72329472329472
T0.scaffold_961428012_c1_71,myxococcota,A0A947HI39|unreviewed|nitrate,5,4271.0,1540,698,45.324675324675326
T0.scaffold_273218771_c1_2,Bacteroidota,A0A399D723|unreviewed|nitrate,1,3969.0,1600,644,40.25
T0.scaffold_273218771_c1_2,Bacteroidota,A0A9D9VY91|unreviewed|nitrate,2,3878.0,1612,623,38.64764267990075
T0.scaffold_273218771_c1_2,Bacteroidota,A0A1G6KWR1|unreviewed|nitrate,3,4130.0,1611,676,41.96151458721291
T0.scaffold_273218771_c1_2,Bacteroidota,A0A1F3NZE7|unreviewed|nitrate,4,4020.0,1585,645,40.694006309148264
T0.scaffold_273218771_c1_2,Bacteroidota,A0A434AV88|unreviewed|nitrate,5,4112.0,1610,663,41.18012422360248
T0.scaffold_273218771_c1_2,Pseudomonadota,A0A149V6R9|unreviewed|4Fe-4S,1,4245.0,1617,714,44.15584415584416
T0.scaffold_273218771_c1_2,Pseudomonadota,A0A4Q7N714|unreviewed|nitrate,2,4270.0,1606,714,44.458281444582816
T0.scaffold_273218771_c1_2,Pseudomonadota,A0A0N9VQU4|unreviewed|nitrate,3,4191.0,1591,682,42.86612193588938
T0.scaffold_273218771_c1_2,Pseudomonadota,A0A5B0BNB7|unreviewed|nitrate,4,4188.0,1620,684,42.22222222222222
T0.scaffold_273218771_c1_2,Pseudomonadota,A0A7Z0I064|unreviewed|nitrate,5,4243.0,1606,700,43.586550435865504
T0.scaffold_273218771_c1_2,Bacillota,A0A1I1VAQ5|unreviewed|nitrate,1,4421.0,1568,747,47.640306122448976
T0.scaffold_273218771_c1_2,Bacillota,A0A5J5HPE3|unreviewed|nitrate,2,4330.0,1566,718,45.84929757343551
T0.scaffold_273218771_c1_2,Bacillota,A0A941E077|unreviewed|nitrate,3,4317.0,1554,711,45.75289575289575
T0.scaffold_273218771_c1_2,Bacillota,A0A2T5G6I1|unreviewed|nitrate,4,4659.0,1528,798,52.22513089005235
T0.scaffold_273218771_c1_2,Bacillota,A0A0R1H9J7|unreviewed|nitrate,5,4250.0,1572,697,44.338422391857506
T0.scaffold_273218771_c1_2,Actinomycetota,Q1AWQ7|unreviewed|Nitrate,1,5031.0,1449,859,59.282263630089716
T0.scaffold_273218771_c1_2,Actinomycetota,A0A511D6I2|unreviewed|Nitrate,2,4742.0,1530,809,52.875816993464056
T0.scaffold_273218771_c1_2,Actinomycetota,A0A7K0W3P6|unreviewed|Nitrate,3,4708.0,1508,798,52.91777188328912
T0.scaffold_273218771_c1_2,Actinomycetota,U1QE67|unreviewed|nitrate,4,4505.0,1578,758,48.03548795944233
T0.scaffold_273218771_c1_2,Actinomycetota,A0A8J3NMA7|unreviewed|nitrate,5,4716.0,1519,801,52.732060566161955
T0.scaffold_273218771_c1_2,acidobacteriota,A0A936F3S9|unreviewed|nitrate,1,4059.0,1596,667,41.79197994987469
T0.scaffold_273218771_c1_2,acidobacteriota,A0A953EJI2|unreviewed|nitrate,2,4091.0,1590,666,41.88679245283019
T0.scaffold_273218771_c1_2,acidobacteriota,A0A1F2RVC6|unreviewed|nitrate,3,4075.0,1587,665,41.90296156269691
T0.scaffold_273218771_c1_2,acidobacteriota,A0A9D7SI32|unreviewed|nitrate,4,4062.0,1595,667,41.81818181818181
T0.scaffold_273218771_c1_2,acidobacteriota,A0A1F2SV26|unreviewed|4Fe-4S,5,3298.0,1486,542,36.47375504710632
T0.scaffold_273218771_c1_2,chloroflexota,A0A2N2MAT5|unreviewed|nitrate,1,4105.0,1599,681,42.589118198874296
T0.scaffold_273218771_c1_2,chloroflexota,A0A949W021|unreviewed|nitrate,2,4111.0,1600,675,42.1875
T0.scaffold_273218771_c1_2,chloroflexota,A0A1F8L172|unreviewed|nitrate,3,4053.0,1584,668,42.17171717171717
T0.scaffold_273218771_c1_2,chloroflexota,A0A8J6NLS7|unreviewed|nitrate,4,4052.0,1593,664,41.682360326428125
T0.scaffold_273218771_c1_2,chloroflexota,A0A2M8CTB5|unreviewed|nitrate,5,4098.0,1576,678,43.02030456852792
T0.scaffold_273218771_c1_2,verrucomicrobiota,A0A849XW34|unreviewed|nitrate,1,4081.0,1606,681,42.403486924034866
T0.scaffold_273218771_c1_2,verrucomicrobiota,A0A933UFK4|unreviewed|nitrate,2,4053.0,1605,667,41.557632398753896
T0.scaffold_273218771_c1_2,verrucomicrobiota,A0A934F0J8|unreviewed|nitrate,3,4053.0,1600,670,41.875
T0.scaffold_273218771_c1_2,verrucomicrobiota,A0A832HWY0|unreviewed|Nitrate,4,3662.0,1590,604,37.9874213836478
T0.scaffold_273218771_c1_2,verrucomicrobiota,A0A7C4LZE2|unreviewed|nitrate,5,4053.0,1601,673,42.03622735790131
T0.scaffold_273218771_c1_2,gemmatimonadota,A0A2D5ZQA8|unreviewed|nitrate,1,4013.0,1605,661,41.18380062305296
T0.scaffold_273218771_c1_2,gemmatimonadota,A0A524IW10|unreviewed|nitrate,2,4087.0,1592,678,42.58793969849246
T0.scaffold_273218771_c1_2,gemmatimonadota,A0A933BW52|unreviewed|nitrate,3,4070.0,1642,673,40.98660170523751
T0.scaffold_273218771_c1_2,gemmatimonadota,A0A945GIP3|unreviewed|nitrate,4,4081.0,1590,662,41.63522012578616
T0.scaffold_273218771_c1_2,gemmatimonadota,A0A9D7CFV4|unreviewed|nitrate,5,3992.0,1601,652,40.72454715802623
T0.scaffold_273218771_c1_2,myxococcota,Q2IJW3|unreviewed|nitrate,1,4088.0,1589,685,43.10887350534928
T0.scaffold_273218771_c1_2,myxococcota,B4ULS9|unreviewed|nitrate,2,4100.0,1590,690,43.39622641509434
T0.scaffold_273218771_c1_2,myxococcota,A0A928XR34|unreviewed|nitrate,3,4020.0,1597,655,41.01440200375704
T0.scaffold_273218771_c1_2,myxococcota,A7HGD0|unreviewed|nitrate,4,3967.0,1598,668,41.80225281602002
T0.scaffold_273218771_c1_2,myxococcota,A0A947HI39|unreviewed|nitrate,5,4039.0,1614,670,41.511771995043375
