/gpfs/software/spades/3.15.0/share/spades/spades_pipeline/support.py:484: SyntaxWarning: invalid escape sequence '\d'
  return [atoi(c) for c in re.split("(\d+)", text)]
/gpfs/software/spades/3.15.0/share/spades/spades_pipeline/support.py:540: SyntaxWarning: invalid escape sequence '\d'
  lib_number = int(option[re.search("\d", option).start()])


== Warning ==  output dir is not empty! Please, clean output directory before run.


Command line: /software/spades/3.15.0/bin/metaspades.py	-1	/gpfs/projects/p32818/metagenomic_data/out/reconstruction/spikein_R1.fasta	-2	/gpfs/projects/p32818/metagenomic_data/out/reconstruction/spikein_R2.fasta	-o	/gpfs/projects/p32818/metagenomic_data/out/reconstruction/metaspades_assembly	-t	8	-m	64	--only-assembler	

System information:
  SPAdes version: 3.15.0
  Python version: 3.12.4
  OS: Linux-4.18.0-553.64.1.el8_10.x86_64-x86_64-with-glibc2.28

Output dir: /gpfs/projects/p32818/metagenomic_data/out/reconstruction/metaspades_assembly
Mode: ONLY assembling (without read error correction)
Debug mode is turned OFF

Dataset parameters:
  Metagenomic mode
  Reads:
    Library number: 1, library type: paired-end
      orientation: fr
      left reads: ['/gpfs/projects/p32818/metagenomic_data/out/reconstruction/spikein_R1.fasta']
      right reads: ['/gpfs/projects/p32818/metagenomic_data/out/reconstruction/spikein_R2.fasta']
      interlaced reads: not specified
      single reads: not specified
      merged reads: not specified
Assembly parameters:
  k: [21, 33, 55]
  Repeat resolution is enabled
  Mismatch careful mode is turned OFF
  MismatchCorrector will be SKIPPED
  Coverage cutoff is turned OFF
Other parameters:
  Dir for temp files: /gpfs/projects/p32818/metagenomic_data/out/reconstruction/metaspades_assembly/tmp
  Threads: 8
  Memory limit (in Gb): 64


======= SPAdes pipeline started. Log can be found here: /gpfs/projects/p32818/metagenomic_data/out/reconstruction/metaspades_assembly/spades.log

/gpfs/projects/p32818/metagenomic_data/out/reconstruction/spikein_R1.fasta: max reads length: 150
/gpfs/projects/p32818/metagenomic_data/out/reconstruction/spikein_R2.fasta: max reads length: 150

Reads length: 150


===== Before start started. 


===== Assembling started. 


===== K21 started. 


== Running: /gpfs/software/spades/3.15.0/bin/spades-core /gpfs/projects/p32818/metagenomic_data/out/reconstruction/metaspades_assembly/K21/configs/config.info /gpfs/projects/p32818/metagenomic_data/out/reconstruction/metaspades_assembly/K21/configs/mda_mode.info /gpfs/projects/p32818/metagenomic_data/out/reconstruction/metaspades_assembly/K21/configs/meta_mode.info

  0:00:00.000     1M / 40M   INFO    General                 (main.cpp                  :  99)   Loaded config from /gpfs/projects/p32818/metagenomic_data/out/reconstruction/metaspades_assembly/K21/configs/config.info
  0:00:00.002     1M / 40M   INFO    General                 (main.cpp                  :  99)   Loaded config from /gpfs/projects/p32818/metagenomic_data/out/reconstruction/metaspades_assembly/K21/configs/mda_mode.info
  0:00:00.002     1M / 40M   INFO    General                 (main.cpp                  :  99)   Loaded config from /gpfs/projects/p32818/metagenomic_data/out/reconstruction/metaspades_assembly/K21/configs/meta_mode.info
  0:00:00.002     1M / 40M   INFO    General                 (memory_limit.cpp          :  48)   Memory limit set to 64 Gb
  0:00:00.002     1M / 40M   INFO    General                 (main.cpp                  : 107)   Starting SPAdes, built from refs/heads/spades_3.15.0, git revision fe141b4b472f6867d92395b07591cf4f24122c7a
  0:00:00.003     1M / 40M   INFO    General                 (main.cpp                  : 108)   Maximum k-mer length: 128
  0:00:00.003     1M / 40M   INFO    General                 (main.cpp                  : 109)   Assembling dataset (/gpfs/projects/p32818/metagenomic_data/out/reconstruction/metaspades_assembly/dataset.info) with K=21
  0:00:00.003     1M / 40M   INFO    General                 (main.cpp                  : 110)   Maximum # of threads to use (adjusted due to OMP capabilities): 8
  0:00:00.003     1M / 40M   INFO    General                 (pipeline.cpp              : 212)   SPAdes started
  0:00:00.003     1M / 40M   INFO    General                 (pipeline.cpp              : 225)   Starting from stage: read_conversion
  0:00:00.003     1M / 40M   INFO    General                 (pipeline.cpp              : 231)   Two-step repeat resolution disabled
  0:00:00.003     1M / 40M   INFO   GraphCore                (graph_core.hpp            : 672)   Graph created, vertex min_id: 3, edge min_id: 3
  0:00:00.003     1M / 40M   INFO   GraphCore                (graph_core.hpp            : 673)   Vertex size: 48, edge size: 40
  0:00:00.004     1M / 40M   INFO    General                 (edge_index.hpp            : 115)   Size of edge index entries: 12/8
  0:00:00.004     1M / 40M   INFO   StageManager             (stage.cpp                 : 185)   STAGE == Binary Read Conversion (id: read_conversion)
  0:00:00.008     1M / 40M   INFO    General                 (read_converter.cpp        :  72)   Converting reads to binary format for library #0 (takes a while)
  0:00:00.008     1M / 40M   INFO    General                 (read_converter.cpp        :  73)   Converting paired reads
  0:00:00.093    21M / 40M   INFO    General                 (binary_converter.cpp      :  96)   16384 reads processed
  0:00:00.166    21M / 40M   INFO    General                 (binary_converter.cpp      : 111)   18006 reads written
  0:00:00.167    14M / 40M   INFO    General                 (read_converter.cpp        :  81)   Converting single reads
  0:00:00.170    17M / 40M   INFO    General                 (binary_converter.cpp      : 111)   0 reads written
  0:00:00.170    14M / 40M   INFO    General                 (read_converter.cpp        :  87)   Converting merged reads
  0:00:00.173    17M / 40M   INFO    General                 (binary_converter.cpp      : 111)   0 reads written
  0:00:00.177     1M / 40M   INFO   StageManager             (stage.cpp                 : 185)   STAGE == de Bruijn graph construction (id: construction)
  0:00:00.183     1M / 40M   INFO    General                 (construction.cpp          : 153)   Max read length 150
  0:00:00.183     1M / 40M   INFO    General                 (construction.cpp          : 159)   Average read length 150
  0:00:00.183     1M / 40M   INFO    General                 (stage.cpp                 : 117)   PROCEDURE == k+1-mer counting (id: construction:kpomer_counting)
  0:00:00.183     1M / 40M   INFO    General                 (kmer_index_builder.hpp    : 243)   Splitting kmer instances into 80 files using 8 threads. This might take a while.
  0:00:00.184     1M / 40M   INFO    General                 (file_limit.hpp            :  32)   Open file limit set to 131072
  0:00:00.184     1M / 40M   INFO    General                 (kmer_splitter.hpp         :  93)   Memory available for splitting buffers: 2.66665 Gb
  0:00:00.184     1M / 40M   INFO    General                 (kmer_splitter.hpp         : 101)   Using cell size of 838860
  0:00:00.749  4641M / 4641M INFO    General                 (kmer_splitters.hpp        : 125)   Processed 72024 reads
  0:00:00.750     1M / 1341M INFO    General                 (kmer_splitters.hpp        : 131)   Used 72024 reads
  0:00:00.753     1M / 1341M INFO    General                 (kmer_index_builder.hpp    : 249)   Starting k-mer counting.
  0:00:01.042     1M / 1341M INFO    General                 (kmer_index_builder.hpp    : 260)   K-mer counting done. There are 220434 kmers in total.
  0:00:01.043     1M / 1341M INFO    General                 (stage.cpp                 : 117)   PROCEDURE == Extension index construction (id: construction:extension_index_construction)
  0:00:01.142     1M / 1341M INFO   K-mer Index Building     (kmer_index_builder.hpp    : 438)   Building kmer index
  0:00:01.142     1M / 1341M INFO    General                 (kmer_index_builder.hpp    : 243)   Splitting kmer instances into 80 files using 8 threads. This might take a while.
  0:00:01.145     1M / 1341M INFO    General                 (file_limit.hpp            :  32)   Open file limit set to 131072
  0:00:01.145     1M / 1341M INFO    General                 (kmer_splitter.hpp         :  93)   Memory available for splitting buffers: 2.66665 Gb
  0:00:01.146     1M / 1341M INFO    General                 (kmer_splitter.hpp         : 101)   Using cell size of 838860
  0:00:01.621  4641M / 4641M INFO    General                 (kmer_splitters.hpp        : 194)   Processed 220434 kmers
  0:00:01.622  4641M / 4641M INFO    General                 (kmer_splitters.hpp        : 199)   Used 220434 kmers.
  0:00:01.622     1M / 1341M INFO    General                 (kmer_index_builder.hpp    : 249)   Starting k-mer counting.
  0:00:01.897     1M / 1341M INFO    General                 (kmer_index_builder.hpp    : 260)   K-mer counting done. There are 214813 kmers in total.
  0:00:01.898     1M / 1341M INFO   K-mer Index Building     (kmer_index_builder.hpp    : 395)   Building perfect hash indices
  0:00:01.944     1M / 1341M INFO   K-mer Index Building     (kmer_index_builder.hpp    : 431)   Index built. Total 214813 kmers, 216528 bytes occupied (8.06387 bits per kmer).
  0:00:01.945     1M / 1341M INFO    General                 (kmer_index_builder.hpp    : 169)   Merging final buckets.
  0:00:02.014     2M / 1341M INFO   DeBruijnExtensionIndexBu (kmer_extension_index_build: 100)   Building k-mer extensions from k+1-mers
  0:00:02.036     2M / 1341M INFO   DeBruijnExtensionIndexBu (kmer_extension_index_build: 105)   Building k-mer extensions from k+1-mers finished.
  0:00:02.038     1M / 1341M INFO    General                 (stage.cpp                 : 117)   PROCEDURE == Early tip clipping (id: construction:early_tip_clipper)
  0:00:02.038     1M / 1341M INFO    General                 (construction.cpp          : 301)   Early tip clipper length bound set as (RL - K)
  0:00:02.038     1M / 1341M INFO   Early tip clipping       (early_simplification.hpp  :  47)   Early tip clipping
  0:00:02.056     1M / 1341M INFO   Early tip clipping       (early_simplification.hpp  :  82)   #tipped junctions: 116
  0:00:02.057     1M / 1341M INFO   Early tip clipping       (early_simplification.hpp  :  93)   Clipped tips: 118
  0:00:02.057     1M / 1341M INFO   Early tip clipping       (early_simplification.hpp  :  49)   4418 22-mers were removed by early tip clipper
  0:00:02.057     1M / 1341M INFO    General                 (stage.cpp                 : 117)   PROCEDURE == Condensing graph (id: construction:graph_condensing)
  0:00:02.058     1M / 1341M INFO   UnbranchingPathExtractor (debruijn_graph_constructor: 354)   Extracting unbranching paths
  0:00:02.072     2M / 1341M INFO   UnbranchingPathExtractor (debruijn_graph_constructor: 373)   Extracting unbranching paths finished. 15014 sequences extracted
  0:00:02.081     2M / 1341M INFO   UnbranchingPathExtractor (debruijn_graph_constructor: 309)   Collecting perfect loops
  0:00:02.085     2M / 1341M INFO   UnbranchingPathExtractor (debruijn_graph_constructor: 342)   Collecting perfect loops finished. 0 loops collected
  0:00:02.086     2M / 1341M INFO    General                 (debruijn_graph_constructor: 487)   Total 30028 edges to create
  0:00:02.087     3M / 1341M INFO    General                 (debruijn_graph_constructor: 489)   Collecting link records
  0:00:02.098     4M / 1341M INFO    General                 (debruijn_graph_constructor: 491)   Ordering link records
  0:00:02.099     4M / 1341M INFO    General                 (debruijn_graph_constructor: 493)   Sorting done
  0:00:02.100     4M / 1341M INFO    General                 (debruijn_graph_constructor: 503)   Total 9393 vertices to create
  0:00:02.100     5M / 1341M INFO    General                 (debruijn_graph_constructor: 506)   Connecting the graph
  0:00:02.107     4M / 1341M INFO    General                 (stage.cpp                 : 117)   PROCEDURE == Filling coverage indices (PHM) (id: construction:coverage_filling_phm)
  0:00:02.107     4M / 1341M INFO   K-mer Index Building     (kmer_index_builder.hpp    : 395)   Building perfect hash indices
  0:00:02.135     4M / 1341M INFO   K-mer Index Building     (kmer_index_builder.hpp    : 431)   Index built. Total 220434 kmers, 220440 bytes occupied (8.00022 bits per kmer).
  0:00:02.136     5M / 1341M INFO    General                 (coverage_hash_map_builder.:  47)   Collecting k-mer coverage information from reads, this takes a while.
  0:00:02.215     5M / 1341M INFO    General                 (construction.cpp          : 430)   Filling coverage and flanking coverage from PHM
  0:00:02.224     5M / 1341M INFO    General                 (coverage_filling.hpp      :  82)   Processed 30028 edges
  0:00:02.286     3M / 1341M INFO   StageManager             (stage.cpp                 : 185)   STAGE == Raw Simplification (id: raw_simplification)
  0:00:02.287     3M / 1341M INFO    General                 (simplification.cpp        : 127)   PROCEDURE == Initial cleaning
  0:00:02.288     3M / 1341M INFO    General                 (graph_simplification.hpp  : 662)   Flanking coverage based disconnection disabled
  0:00:02.288     3M / 1341M INFO   Simplification           (parallel_processing.hpp   : 167)   Running Self conjugate edge remover
  0:00:02.289     3M / 1341M INFO   Simplification           (parallel_processing.hpp   : 170)   Self conjugate edge remover triggered 0 times
  0:00:02.289     3M / 1341M INFO   Simplification           (parallel_processing.hpp   : 167)   Running Initial tip clipper
  0:00:02.290     3M / 1341M INFO   Simplification           (parallel_processing.hpp   : 170)   Initial tip clipper triggered 2 times
  0:00:02.290     3M / 1341M INFO   Simplification           (parallel_processing.hpp   : 167)   Running Initial ec remover
  0:00:02.292     3M / 1341M INFO   Simplification           (parallel_processing.hpp   : 170)   Initial ec remover triggered 10 times
  0:00:02.292     3M / 1341M INFO   Simplification           (parallel_processing.hpp   : 167)   Running Initial isolated edge remover
  0:00:02.293     3M / 1341M INFO   Simplification           (parallel_processing.hpp   : 170)   Initial isolated edge remover triggered 0 times
  0:00:02.293     3M / 1341M INFO   StageManager             (stage.cpp                 : 185)   STAGE == Simplification (id: simplification)
  0:00:02.293     3M / 1341M INFO    General                 (simplification.cpp        : 368)   Graph simplification started
  0:00:02.293     3M / 1341M INFO    General                 (graph_simplification.hpp  : 634)   Creating parallel br instance
  0:00:02.294     3M / 1341M INFO    General                 (simplification.cpp        : 373)   PROCEDURE == Simplification cycle, iteration 1
  0:00:02.294     3M / 1341M INFO   Simplification           (parallel_processing.hpp   : 167)   Running Tip clipper
  0:00:02.295     3M / 1341M INFO   Simplification           (parallel_processing.hpp   : 170)   Tip clipper triggered 13 times
  0:00:02.295     3M / 1341M INFO   Simplification           (parallel_processing.hpp   : 167)   Running Bulge remover
  0:00:02.416     3M / 1341M INFO   Simplification           (parallel_processing.hpp   : 170)   Bulge remover triggered 1229 times
  0:00:02.417     3M / 1341M INFO   Simplification           (parallel_processing.hpp   : 167)   Running Low coverage edge remover
  0:00:02.418     3M / 1341M INFO   Simplification           (parallel_processing.hpp   : 170)   Low coverage edge remover triggered 0 times
  0:00:02.418     3M / 1341M INFO    General                 (simplification.cpp        : 373)   PROCEDURE == Simplification cycle, iteration 2
  0:00:02.418     3M / 1341M INFO   Simplification           (parallel_processing.hpp   : 167)   Running Tip clipper
  0:00:02.420     3M / 1341M INFO   Simplification           (parallel_processing.hpp   : 170)   Tip clipper triggered 4 times
  0:00:02.420     3M / 1341M INFO   Simplification           (parallel_processing.hpp   : 167)   Running Bulge remover
  0:00:02.420     3M / 1341M INFO   Simplification           (parallel_processing.hpp   : 170)   Bulge remover triggered 0 times
  0:00:02.420     3M / 1341M INFO   Simplification           (parallel_processing.hpp   : 167)   Running Low coverage edge remover
  0:00:02.420     3M / 1341M INFO   Simplification           (parallel_processing.hpp   : 170)   Low coverage edge remover triggered 3 times
  0:00:02.420     3M / 1341M INFO    General                 (simplification.cpp        : 373)   PROCEDURE == Simplification cycle, iteration 3
  0:00:02.420     3M / 1341M INFO   Simplification           (parallel_processing.hpp   : 167)   Running Tip clipper
  0:00:02.420     3M / 1341M INFO   Simplification           (parallel_processing.hpp   : 170)   Tip clipper triggered 1 times
  0:00:02.421     3M / 1341M INFO   Simplification           (parallel_processing.hpp   : 167)   Running Bulge remover
  0:00:02.421     3M / 1341M INFO   Simplification           (parallel_processing.hpp   : 170)   Bulge remover triggered 0 times
  0:00:02.421     3M / 1341M INFO   Simplification           (parallel_processing.hpp   : 167)   Running Low coverage edge remover
  0:00:02.421     3M / 1341M INFO   Simplification           (parallel_processing.hpp   : 170)   Low coverage edge remover triggered 19 times
  0:00:02.421     3M / 1341M INFO    General                 (simplification.cpp        : 373)   PROCEDURE == Simplification cycle, iteration 4
  0:00:02.421     3M / 1341M INFO   Simplification           (parallel_processing.hpp   : 167)   Running Tip clipper
  0:00:02.422     3M / 1341M INFO   Simplification           (parallel_processing.hpp   : 170)   Tip clipper triggered 3 times
  0:00:02.422     3M / 1341M INFO   Simplification           (parallel_processing.hpp   : 167)   Running Bulge remover
  0:00:02.459     3M / 1341M INFO   Simplification           (parallel_processing.hpp   : 170)   Bulge remover triggered 6 times
  0:00:02.460     3M / 1341M INFO   Simplification           (parallel_processing.hpp   : 167)   Running Low coverage edge remover
  0:00:02.460     3M / 1341M INFO   Simplification           (parallel_processing.hpp   : 170)   Low coverage edge remover triggered 0 times
  0:00:02.460     3M / 1341M INFO    General                 (simplification.cpp        : 373)   PROCEDURE == Simplification cycle, iteration 5
  0:00:02.460     3M / 1341M INFO   Simplification           (parallel_processing.hpp   : 167)   Running Tip clipper
  0:00:02.460     3M / 1341M INFO   Simplification           (parallel_processing.hpp   : 170)   Tip clipper triggered 1 times
  0:00:02.460     3M / 1341M INFO   Simplification           (parallel_processing.hpp   : 167)   Running Bulge remover
  0:00:02.461     3M / 1341M INFO   Simplification           (parallel_processing.hpp   : 170)   Bulge remover triggered 0 times
  0:00:02.461     3M / 1341M INFO   Simplification           (parallel_processing.hpp   : 167)   Running Low coverage edge remover
  0:00:02.461     3M / 1341M INFO   Simplification           (parallel_processing.hpp   : 170)   Low coverage edge remover triggered 0 times
  0:00:02.461     3M / 1341M INFO    General                 (simplification.cpp        : 373)   PROCEDURE == Simplification cycle, iteration 6
  0:00:02.461     3M / 1341M INFO   Simplification           (parallel_processing.hpp   : 167)   Running Tip clipper
  0:00:02.461     3M / 1341M INFO   Simplification           (parallel_processing.hpp   : 170)   Tip clipper triggered 0 times
  0:00:02.461     3M / 1341M INFO   Simplification           (parallel_processing.hpp   : 167)   Running Bulge remover
  0:00:02.461     3M / 1341M INFO   Simplification           (parallel_processing.hpp   : 170)   Bulge remover triggered 0 times
  0:00:02.461     3M / 1341M INFO   Simplification           (parallel_processing.hpp   : 167)   Running Low coverage edge remover
  0:00:02.461     3M / 1341M INFO   Simplification           (parallel_processing.hpp   : 170)   Low coverage edge remover triggered 0 times
  0:00:02.462     3M / 1341M INFO   StageManager             (stage.cpp                 : 185)   STAGE == Simplification Cleanup (id: simplification_cleanup)
  0:00:02.462     3M / 1341M INFO    General                 (simplification.cpp        : 176)   PROCEDURE == Post simplification
  0:00:02.462     3M / 1341M INFO    General                 (graph_simplification.hpp  : 634)   Creating parallel br instance
  0:00:02.462     3M / 1341M INFO   Simplification           (parallel_processing.hpp   : 167)   Running Relative coverage component remover
  0:00:02.493     3M / 1341M INFO   Simplification           (parallel_processing.hpp   : 170)   Relative coverage component remover triggered 73 times
  0:00:02.493     3M / 1341M INFO   Simplification           (parallel_processing.hpp   : 167)   Running Disconnecting edges with relatively low coverage
  0:00:02.495     3M / 1341M INFO   Simplification           (parallel_processing.hpp   : 170)   Disconnecting edges with relatively low coverage triggered 7 times
  0:00:02.495     3M / 1341M INFO   Simplification           (parallel_processing.hpp   : 167)   Running Complex tip clipper
  0:00:02.496     3M / 1341M INFO   Simplification           (parallel_processing.hpp   : 170)   Complex tip clipper triggered 7 times
  0:00:02.497     3M / 1341M INFO   Simplification           (parallel_processing.hpp   : 167)   Running Complex bulge remover
  0:00:02.510     3M / 1341M INFO   Simplification           (parallel_processing.hpp   : 170)   Complex bulge remover triggered 4 times
  0:00:02.510     3M / 1341M INFO   Simplification           (parallel_processing.hpp   : 167)   Running Tip clipper
  0:00:02.510     3M / 1341M INFO   Simplification           (parallel_processing.hpp   : 170)   Tip clipper triggered 7 times
  0:00:02.510     3M / 1341M INFO   Simplification           (parallel_processing.hpp   : 167)   Running Final tip clipper
  0:00:02.511     3M / 1341M INFO   Simplification           (parallel_processing.hpp   : 170)   Final tip clipper triggered 0 times
  0:00:02.511     3M / 1341M INFO   Simplification           (parallel_processing.hpp   : 167)   Running Bulge remover
  0:00:02.551     3M / 1341M INFO   Simplification           (parallel_processing.hpp   : 170)   Bulge remover triggered 8 times
  0:00:02.552     3M / 1341M INFO   Simplification           (parallel_processing.hpp   : 167)   Running Thorn remover (meta)
  0:00:02.553     3M / 1341M INFO   Simplification           (parallel_processing.hpp   : 170)   Thorn remover (meta) triggered 0 times
  0:00:02.553     3M / 1341M INFO   Simplification           (parallel_processing.hpp   : 167)   Running Relative coverage component remover
  0:00:02.582     3M / 1341M INFO   Simplification           (parallel_processing.hpp   : 170)   Relative coverage component remover triggered 1 times
  0:00:02.582     3M / 1341M INFO   Simplification           (parallel_processing.hpp   : 167)   Running Disconnecting edges with relatively low coverage
  0:00:02.584     3M / 1341M INFO   Simplification           (parallel_processing.hpp   : 170)   Disconnecting edges with relatively low coverage triggered 0 times
  0:00:02.584     3M / 1341M INFO   Simplification           (parallel_processing.hpp   : 167)   Running Complex tip clipper
  0:00:02.585     3M / 1341M INFO   Simplification           (parallel_processing.hpp   : 170)   Complex tip clipper triggered 0 times
  0:00:02.585     3M / 1341M INFO   Simplification           (parallel_processing.hpp   : 167)   Running Complex bulge remover
  0:00:02.606     3M / 1341M INFO   Simplification           (parallel_processing.hpp   : 170)   Complex bulge remover triggered 3 times
  0:00:02.606     3M / 1341M INFO   Simplification           (parallel_processing.hpp   : 167)   Running Tip clipper
  0:00:02.607     3M / 1341M INFO   Simplification           (parallel_processing.hpp   : 170)   Tip clipper triggered 0 times
  0:00:02.607     3M / 1341M INFO   Simplification           (parallel_processing.hpp   : 167)   Running Final tip clipper
  0:00:02.607     3M / 1341M INFO   Simplification           (parallel_processing.hpp   : 170)   Final tip clipper triggered 0 times
  0:00:02.607     3M / 1341M INFO   Simplification           (parallel_processing.hpp   : 167)   Running Bulge remover
  0:00:02.646     3M / 1341M INFO   Simplification           (parallel_processing.hpp   : 170)   Bulge remover triggered 0 times
  0:00:02.646     3M / 1341M INFO   Simplification           (parallel_processing.hpp   : 167)   Running Thorn remover (meta)
  0:00:02.648     3M / 1341M INFO   Simplification           (parallel_processing.hpp   : 170)   Thorn remover (meta) triggered 0 times
  0:00:02.648     3M / 1341M INFO   Simplification           (parallel_processing.hpp   : 167)   Running Relative coverage component remover
  0:00:02.677     3M / 1341M INFO   Simplification           (parallel_processing.hpp   : 170)   Relative coverage component remover triggered 0 times
  0:00:02.678     3M / 1341M INFO   Simplification           (parallel_processing.hpp   : 167)   Running Disconnecting edges with relatively low coverage
  0:00:02.678     3M / 1341M INFO   Simplification           (parallel_processing.hpp   : 170)   Disconnecting edges with relatively low coverage triggered 0 times
  0:00:02.678     3M / 1341M INFO   Simplification           (parallel_processing.hpp   : 167)   Running Complex tip clipper
  0:00:02.678     3M / 1341M INFO   Simplification           (parallel_processing.hpp   : 170)   Complex tip clipper triggered 0 times
  0:00:02.678     3M / 1341M INFO   Simplification           (parallel_processing.hpp   : 167)   Running Complex bulge remover
  0:00:02.689     3M / 1341M INFO   Simplification           (parallel_processing.hpp   : 170)   Complex bulge remover triggered 0 times
  0:00:02.689     3M / 1341M INFO   Simplification           (parallel_processing.hpp   : 167)   Running Tip clipper
  0:00:02.689     3M / 1341M INFO   Simplification           (parallel_processing.hpp   : 170)   Tip clipper triggered 0 times
  0:00:02.689     3M / 1341M INFO   Simplification           (parallel_processing.hpp   : 167)   Running Final tip clipper
  0:00:02.689     3M / 1341M INFO   Simplification           (parallel_processing.hpp   : 170)   Final tip clipper triggered 0 times
  0:00:02.690     3M / 1341M INFO   Simplification           (parallel_processing.hpp   : 167)   Running Bulge remover
  0:00:02.690     3M / 1341M INFO   Simplification           (parallel_processing.hpp   : 170)   Bulge remover triggered 0 times
  0:00:02.690     3M / 1341M INFO   Simplification           (parallel_processing.hpp   : 167)   Running Thorn remover (meta)
  0:00:02.690     3M / 1341M INFO   Simplification           (parallel_processing.hpp   : 170)   Thorn remover (meta) triggered 0 times
  0:00:02.690     3M / 1341M INFO    General                 (simplification.cpp        : 323)   Running Hidden EC remover (meta)
  0:00:02.690     3M / 1341M INFO    General                 (simplification.cpp        : 327)   Disrupting self-conjugate edges
  0:00:02.693     3M / 1341M INFO   Simplification           (parallel_processing.hpp   : 167)   Running Removing isolated edges
  0:00:02.694     3M / 1341M INFO   Simplification           (parallel_processing.hpp   : 170)   Removing isolated edges triggered 0 times
  0:00:02.694     3M / 1341M INFO    General                 (simplification.cpp        : 491)   Counting average coverage
  0:00:02.695     3M / 1341M INFO    General                 (simplification.cpp        : 497)   Average coverage = 28.8307
  0:00:02.695     3M / 1341M INFO   StageManager             (stage.cpp                 : 185)   STAGE == Contig Output (id: contig_output)
  0:00:02.702     3M / 1341M INFO    General                 (read_converter.cpp        : 102)   Outputting contigs to /gpfs/projects/p32818/metagenomic_data/out/reconstruction/metaspades_assembly/K21/simplified_contigs
  0:00:02.714     6M / 1341M INFO    General                 (binary_converter.cpp      : 111)   11304 reads written
  0:00:02.723     3M / 1341M INFO    General                 (pipeline.cpp              : 287)   SPAdes finished
  0:00:02.728     1M / 1341M INFO    General                 (main.cpp                  : 136)   Assembling time: 0 hours 0 minutes 2 seconds

===== K21 finished. 


===== K33 started. 


== Running: /gpfs/software/spades/3.15.0/bin/spades-core /gpfs/projects/p32818/metagenomic_data/out/reconstruction/metaspades_assembly/K33/configs/config.info /gpfs/projects/p32818/metagenomic_data/out/reconstruction/metaspades_assembly/K33/configs/mda_mode.info /gpfs/projects/p32818/metagenomic_data/out/reconstruction/metaspades_assembly/K33/configs/meta_mode.info

  0:00:00.000     1M / 40M   INFO    General                 (main.cpp                  :  99)   Loaded config from /gpfs/projects/p32818/metagenomic_data/out/reconstruction/metaspades_assembly/K33/configs/config.info
  0:00:00.001     1M / 40M   INFO    General                 (main.cpp                  :  99)   Loaded config from /gpfs/projects/p32818/metagenomic_data/out/reconstruction/metaspades_assembly/K33/configs/mda_mode.info
  0:00:00.001     1M / 40M   INFO    General                 (main.cpp                  :  99)   Loaded config from /gpfs/projects/p32818/metagenomic_data/out/reconstruction/metaspades_assembly/K33/configs/meta_mode.info
  0:00:00.001     1M / 40M   INFO    General                 (memory_limit.cpp          :  48)   Memory limit set to 64 Gb
  0:00:00.001     1M / 40M   INFO    General                 (main.cpp                  : 107)   Starting SPAdes, built from refs/heads/spades_3.15.0, git revision fe141b4b472f6867d92395b07591cf4f24122c7a
  0:00:00.001     1M / 40M   INFO    General                 (main.cpp                  : 108)   Maximum k-mer length: 128
  0:00:00.001     1M / 40M   INFO    General                 (main.cpp                  : 109)   Assembling dataset (/gpfs/projects/p32818/metagenomic_data/out/reconstruction/metaspades_assembly/dataset.info) with K=33
  0:00:00.001     1M / 40M   INFO    General                 (main.cpp                  : 110)   Maximum # of threads to use (adjusted due to OMP capabilities): 8
  0:00:00.001     1M / 40M   INFO    General                 (pipeline.cpp              : 212)   SPAdes started
  0:00:00.001     1M / 40M   INFO    General                 (pipeline.cpp              : 225)   Starting from stage: read_conversion
  0:00:00.001     1M / 40M   INFO    General                 (pipeline.cpp              : 231)   Two-step repeat resolution disabled
  0:00:00.001     1M / 40M   INFO   GraphCore                (graph_core.hpp            : 672)   Graph created, vertex min_id: 3, edge min_id: 3
  0:00:00.001     1M / 40M   INFO   GraphCore                (graph_core.hpp            : 673)   Vertex size: 48, edge size: 40
  0:00:00.002     1M / 40M   INFO    General                 (edge_index.hpp            : 115)   Size of edge index entries: 12/8
  0:00:00.002     1M / 40M   INFO   StageManager             (stage.cpp                 : 185)   STAGE == Binary Read Conversion (id: read_conversion)
  0:00:00.002     1M / 40M   INFO    General                 (read_converter.cpp        :  53)   Binary reads detected
  0:00:00.013     1M / 40M   INFO   StageManager             (stage.cpp                 : 185)   STAGE == de Bruijn graph construction (id: construction)
  0:00:00.013     1M / 40M   INFO    General                 (construction.cpp          : 118)   Contigs from previous K will be used: /gpfs/projects/p32818/metagenomic_data/out/reconstruction/metaspades_assembly/K21/simplified_contigs
  0:00:00.015     1M / 40M   INFO    General                 (construction.cpp          : 153)   Max read length 150
  0:00:00.015     1M / 40M   INFO    General                 (construction.cpp          : 159)   Average read length 150
  0:00:00.015     1M / 40M   INFO    General                 (stage.cpp                 : 117)   PROCEDURE == k+1-mer counting (id: construction:kpomer_counting)
  0:00:00.015     1M / 40M   INFO    General                 (kmer_index_builder.hpp    : 243)   Splitting kmer instances into 80 files using 8 threads. This might take a while.
  0:00:00.017     1M / 40M   INFO    General                 (file_limit.hpp            :  32)   Open file limit set to 131072
  0:00:00.017     1M / 40M   INFO    General                 (kmer_splitter.hpp         :  93)   Memory available for splitting buffers: 2.66665 Gb
  0:00:00.017     1M / 40M   INFO    General                 (kmer_splitter.hpp         : 101)   Using cell size of 419430
  0:00:00.598  4641M / 4641M INFO    General                 (kmer_splitters.hpp        : 125)   Processed 94632 reads
  0:00:00.600     1M / 1315M INFO    General                 (kmer_splitters.hpp        : 131)   Used 94632 reads
  0:00:00.604     1M / 1315M INFO    General                 (kmer_index_builder.hpp    : 249)   Starting k-mer counting.
  0:00:00.884     1M / 1315M INFO    General                 (kmer_index_builder.hpp    : 260)   K-mer counting done. There are 268132 kmers in total.
  0:00:00.885     1M / 1315M INFO    General                 (stage.cpp                 : 117)   PROCEDURE == Extension index construction (id: construction:extension_index_construction)
  0:00:00.899     1M / 1315M INFO   K-mer Index Building     (kmer_index_builder.hpp    : 438)   Building kmer index
  0:00:00.900     1M / 1315M INFO    General                 (kmer_index_builder.hpp    : 243)   Splitting kmer instances into 80 files using 8 threads. This might take a while.
  0:00:00.900     1M / 1315M INFO    General                 (file_limit.hpp            :  32)   Open file limit set to 131072
  0:00:00.901     1M / 1315M INFO    General                 (kmer_splitter.hpp         :  93)   Memory available for splitting buffers: 2.66665 Gb
  0:00:00.901     1M / 1315M INFO    General                 (kmer_splitter.hpp         : 101)   Using cell size of 419430
  0:00:01.336  4641M / 4641M INFO    General                 (kmer_splitters.hpp        : 194)   Processed 268132 kmers
  0:00:01.336  4641M / 4641M INFO    General                 (kmer_splitters.hpp        : 199)   Used 268132 kmers.
  0:00:01.337     1M / 1329M INFO    General                 (kmer_index_builder.hpp    : 249)   Starting k-mer counting.
  0:00:01.553     1M / 1329M INFO    General                 (kmer_index_builder.hpp    : 260)   K-mer counting done. There are 265240 kmers in total.
  0:00:01.553     1M / 1329M INFO   K-mer Index Building     (kmer_index_builder.hpp    : 395)   Building perfect hash indices
  0:00:01.608     1M / 1329M INFO   K-mer Index Building     (kmer_index_builder.hpp    : 431)   Index built. Total 265240 kmers, 253040 bytes occupied (7.63203 bits per kmer).
  0:00:01.609     1M / 1329M INFO    General                 (kmer_index_builder.hpp    : 169)   Merging final buckets.
  0:00:01.693     2M / 1329M INFO   DeBruijnExtensionIndexBu (kmer_extension_index_build: 100)   Building k-mer extensions from k+1-mers
  0:00:01.718     2M / 1329M INFO   DeBruijnExtensionIndexBu (kmer_extension_index_build: 105)   Building k-mer extensions from k+1-mers finished.
  0:00:01.720     2M / 1329M INFO    General                 (stage.cpp                 : 117)   PROCEDURE == Early tip clipping (id: construction:early_tip_clipper)
  0:00:01.721     2M / 1329M INFO    General                 (construction.cpp          : 301)   Early tip clipper length bound set as (RL - K)
  0:00:01.721     2M / 1329M INFO   Early tip clipping       (early_simplification.hpp  :  47)   Early tip clipping
  0:00:01.742     2M / 1329M INFO   Early tip clipping       (early_simplification.hpp  :  82)   #tipped junctions: 110
  0:00:01.742     2M / 1329M INFO   Early tip clipping       (early_simplification.hpp  :  93)   Clipped tips: 113
  0:00:01.743     2M / 1329M INFO   Early tip clipping       (early_simplification.hpp  :  49)   5393 34-mers were removed by early tip clipper
  0:00:01.743     2M / 1329M INFO    General                 (stage.cpp                 : 117)   PROCEDURE == Condensing graph (id: construction:graph_condensing)
  0:00:01.744     2M / 1329M INFO   UnbranchingPathExtractor (debruijn_graph_constructor: 354)   Extracting unbranching paths
  0:00:01.762     2M / 1329M INFO   UnbranchingPathExtractor (debruijn_graph_constructor: 373)   Extracting unbranching paths finished. 8119 sequences extracted
  0:00:01.772     2M / 1329M INFO   UnbranchingPathExtractor (debruijn_graph_constructor: 309)   Collecting perfect loops
  0:00:01.777     2M / 1329M INFO   UnbranchingPathExtractor (debruijn_graph_constructor: 342)   Collecting perfect loops finished. 0 loops collected
  0:00:01.779     2M / 1329M INFO    General                 (debruijn_graph_constructor: 487)   Total 16238 edges to create
  0:00:01.779     3M / 1329M INFO    General                 (debruijn_graph_constructor: 489)   Collecting link records
  0:00:01.785     3M / 1329M INFO    General                 (debruijn_graph_constructor: 491)   Ordering link records
  0:00:01.786     3M / 1329M INFO    General                 (debruijn_graph_constructor: 493)   Sorting done
  0:00:01.786     3M / 1329M INFO    General                 (debruijn_graph_constructor: 503)   Total 5227 vertices to create
  0:00:01.787     4M / 1329M INFO    General                 (debruijn_graph_constructor: 506)   Connecting the graph
  0:00:01.791     3M / 1329M INFO    General                 (stage.cpp                 : 117)   PROCEDURE == Filling coverage indices (PHM) (id: construction:coverage_filling_phm)
  0:00:01.791     3M / 1329M INFO   K-mer Index Building     (kmer_index_builder.hpp    : 395)   Building perfect hash indices
  0:00:01.821     3M / 1329M INFO   K-mer Index Building     (kmer_index_builder.hpp    : 431)   Index built. Total 268132 kmers, 255184 bytes occupied (7.61368 bits per kmer).
  0:00:01.822     5M / 1329M INFO    General                 (coverage_hash_map_builder.:  47)   Collecting k-mer coverage information from reads, this takes a while.
  0:00:01.895     5M / 1329M INFO    General                 (construction.cpp          : 430)   Filling coverage and flanking coverage from PHM
  0:00:01.906     5M / 1329M INFO    General                 (coverage_filling.hpp      :  82)   Processed 16238 edges
  0:00:01.924     2M / 1329M INFO   StageManager             (stage.cpp                 : 185)   STAGE == Raw Simplification (id: raw_simplification)
  0:00:01.931     2M / 1329M INFO    General                 (simplification.cpp        : 127)   PROCEDURE == Initial cleaning
  0:00:01.931     2M / 1329M INFO    General                 (graph_simplification.hpp  : 662)   Flanking coverage based disconnection disabled
  0:00:01.931     2M / 1329M INFO   Simplification           (parallel_processing.hpp   : 167)   Running Self conjugate edge remover
  0:00:01.932     2M / 1329M INFO   Simplification           (parallel_processing.hpp   : 170)   Self conjugate edge remover triggered 0 times
  0:00:01.932     2M / 1329M INFO   Simplification           (parallel_processing.hpp   : 167)   Running Initial tip clipper
  0:00:01.932     2M / 1329M INFO   Simplification           (parallel_processing.hpp   : 170)   Initial tip clipper triggered 2 times
  0:00:01.932     2M / 1329M INFO   Simplification           (parallel_processing.hpp   : 167)   Running Initial ec remover
  0:00:01.933     2M / 1329M INFO   Simplification           (parallel_processing.hpp   : 170)   Initial ec remover triggered 27 times
  0:00:01.933     2M / 1329M INFO   Simplification           (parallel_processing.hpp   : 167)   Running Initial isolated edge remover
  0:00:01.933     2M / 1329M INFO   Simplification           (parallel_processing.hpp   : 170)   Initial isolated edge remover triggered 1 times
  0:00:01.933     2M / 1329M INFO   StageManager             (stage.cpp                 : 185)   STAGE == Simplification (id: simplification)
  0:00:01.933     2M / 1329M INFO    General                 (simplification.cpp        : 368)   Graph simplification started
  0:00:01.933     2M / 1329M INFO    General                 (graph_simplification.hpp  : 634)   Creating parallel br instance
  0:00:01.933     2M / 1329M INFO    General                 (simplification.cpp        : 373)   PROCEDURE == Simplification cycle, iteration 1
  0:00:01.933     2M / 1329M INFO   Simplification           (parallel_processing.hpp   : 167)   Running Tip clipper
  0:00:01.934     2M / 1329M INFO   Simplification           (parallel_processing.hpp   : 170)   Tip clipper triggered 39 times
  0:00:01.934     2M / 1329M INFO   Simplification           (parallel_processing.hpp   : 167)   Running Bulge remover
  0:00:01.979     2M / 1329M INFO   Simplification           (parallel_processing.hpp   : 170)   Bulge remover triggered 652 times
  0:00:01.979     2M / 1329M INFO   Simplification           (parallel_processing.hpp   : 167)   Running Low coverage edge remover
  0:00:01.979     2M / 1329M INFO   Simplification           (parallel_processing.hpp   : 170)   Low coverage edge remover triggered 0 times
  0:00:01.980     2M / 1329M INFO    General                 (simplification.cpp        : 373)   PROCEDURE == Simplification cycle, iteration 2
  0:00:01.980     2M / 1329M INFO   Simplification           (parallel_processing.hpp   : 167)   Running Tip clipper
  0:00:01.981     2M / 1329M INFO   Simplification           (parallel_processing.hpp   : 170)   Tip clipper triggered 5 times
  0:00:01.981     2M / 1329M INFO   Simplification           (parallel_processing.hpp   : 167)   Running Bulge remover
  0:00:01.981     2M / 1329M INFO   Simplification           (parallel_processing.hpp   : 170)   Bulge remover triggered 0 times
  0:00:01.981     2M / 1329M INFO   Simplification           (parallel_processing.hpp   : 167)   Running Low coverage edge remover
  0:00:01.981     2M / 1329M INFO   Simplification           (parallel_processing.hpp   : 170)   Low coverage edge remover triggered 0 times
  0:00:01.981     2M / 1329M INFO    General                 (simplification.cpp        : 373)   PROCEDURE == Simplification cycle, iteration 3
  0:00:01.981     2M / 1329M INFO   Simplification           (parallel_processing.hpp   : 167)   Running Tip clipper
  0:00:01.981     2M / 1329M INFO   Simplification           (parallel_processing.hpp   : 170)   Tip clipper triggered 0 times
  0:00:01.981     2M / 1329M INFO   Simplification           (parallel_processing.hpp   : 167)   Running Bulge remover
  0:00:01.981     2M / 1329M INFO   Simplification           (parallel_processing.hpp   : 170)   Bulge remover triggered 0 times
  0:00:01.981     2M / 1329M INFO   Simplification           (parallel_processing.hpp   : 167)   Running Low coverage edge remover
  0:00:01.981     2M / 1329M INFO   Simplification           (parallel_processing.hpp   : 170)   Low coverage edge remover triggered 6 times
  0:00:01.982     2M / 1329M INFO    General                 (simplification.cpp        : 373)   PROCEDURE == Simplification cycle, iteration 4
  0:00:01.982     2M / 1329M INFO   Simplification           (parallel_processing.hpp   : 167)   Running Tip clipper
  0:00:01.982     2M / 1329M INFO   Simplification           (parallel_processing.hpp   : 170)   Tip clipper triggered 3 times
  0:00:01.982     2M / 1329M INFO   Simplification           (parallel_processing.hpp   : 167)   Running Bulge remover
  0:00:01.995     2M / 1329M INFO   Simplification           (parallel_processing.hpp   : 170)   Bulge remover triggered 2 times
  0:00:01.995     2M / 1329M INFO   Simplification           (parallel_processing.hpp   : 167)   Running Low coverage edge remover
  0:00:01.996     2M / 1329M INFO   Simplification           (parallel_processing.hpp   : 170)   Low coverage edge remover triggered 0 times
  0:00:01.996     2M / 1329M INFO    General                 (simplification.cpp        : 373)   PROCEDURE == Simplification cycle, iteration 5
  0:00:01.996     2M / 1329M INFO   Simplification           (parallel_processing.hpp   : 167)   Running Tip clipper
  0:00:01.996     2M / 1329M INFO   Simplification           (parallel_processing.hpp   : 170)   Tip clipper triggered 0 times
  0:00:01.996     2M / 1329M INFO   Simplification           (parallel_processing.hpp   : 167)   Running Bulge remover
  0:00:01.996     2M / 1329M INFO   Simplification           (parallel_processing.hpp   : 170)   Bulge remover triggered 0 times
  0:00:01.996     2M / 1329M INFO   Simplification           (parallel_processing.hpp   : 167)   Running Low coverage edge remover
  0:00:01.996     2M / 1329M INFO   Simplification           (parallel_processing.hpp   : 170)   Low coverage edge remover triggered 0 times
  0:00:01.996     2M / 1329M INFO   StageManager             (stage.cpp                 : 185)   STAGE == Simplification Cleanup (id: simplification_cleanup)
  0:00:01.997     2M / 1329M INFO    General                 (simplification.cpp        : 176)   PROCEDURE == Post simplification
  0:00:01.997     2M / 1329M INFO    General                 (graph_simplification.hpp  : 634)   Creating parallel br instance
  0:00:01.997     2M / 1329M INFO   Simplification           (parallel_processing.hpp   : 167)   Running Relative coverage component remover
  0:00:02.011     2M / 1329M INFO   Simplification           (parallel_processing.hpp   : 170)   Relative coverage component remover triggered 25 times
  0:00:02.011     2M / 1329M INFO   Simplification           (parallel_processing.hpp   : 167)   Running Disconnecting edges with relatively low coverage
  0:00:02.012     2M / 1329M INFO   Simplification           (parallel_processing.hpp   : 170)   Disconnecting edges with relatively low coverage triggered 4 times
  0:00:02.012     2M / 1329M INFO   Simplification           (parallel_processing.hpp   : 167)   Running Complex tip clipper
  0:00:02.013     2M / 1329M INFO   Simplification           (parallel_processing.hpp   : 170)   Complex tip clipper triggered 4 times
  0:00:02.013     2M / 1329M INFO   Simplification           (parallel_processing.hpp   : 167)   Running Complex bulge remover
  0:00:02.022     2M / 1329M INFO   Simplification           (parallel_processing.hpp   : 170)   Complex bulge remover triggered 12 times
  0:00:02.022     2M / 1329M INFO   Simplification           (parallel_processing.hpp   : 167)   Running Tip clipper
  0:00:02.022     2M / 1329M INFO   Simplification           (parallel_processing.hpp   : 170)   Tip clipper triggered 2 times
  0:00:02.022     2M / 1329M INFO   Simplification           (parallel_processing.hpp   : 167)   Running Final tip clipper
  0:00:02.023     2M / 1329M INFO   Simplification           (parallel_processing.hpp   : 170)   Final tip clipper triggered 5 times
  0:00:02.023     2M / 1329M INFO   Simplification           (parallel_processing.hpp   : 167)   Running Bulge remover
  0:00:02.035     2M / 1329M INFO   Simplification           (parallel_processing.hpp   : 170)   Bulge remover triggered 2 times
  0:00:02.036     2M / 1329M INFO   Simplification           (parallel_processing.hpp   : 167)   Running Thorn remover (meta)
  0:00:02.036     2M / 1329M INFO   Simplification           (parallel_processing.hpp   : 170)   Thorn remover (meta) triggered 0 times
  0:00:02.036     2M / 1329M INFO   Simplification           (parallel_processing.hpp   : 167)   Running Relative coverage component remover
  0:00:02.049     2M / 1329M INFO   Simplification           (parallel_processing.hpp   : 170)   Relative coverage component remover triggered 0 times
  0:00:02.049     2M / 1329M INFO   Simplification           (parallel_processing.hpp   : 167)   Running Disconnecting edges with relatively low coverage
  0:00:02.050     2M / 1329M INFO   Simplification           (parallel_processing.hpp   : 170)   Disconnecting edges with relatively low coverage triggered 0 times
  0:00:02.050     2M / 1329M INFO   Simplification           (parallel_processing.hpp   : 167)   Running Complex tip clipper
  0:00:02.050     2M / 1329M INFO   Simplification           (parallel_processing.hpp   : 170)   Complex tip clipper triggered 0 times
  0:00:02.051     2M / 1329M INFO   Simplification           (parallel_processing.hpp   : 167)   Running Complex bulge remover
  0:00:02.057     2M / 1329M INFO   Simplification           (parallel_processing.hpp   : 170)   Complex bulge remover triggered 0 times
  0:00:02.057     2M / 1329M INFO   Simplification           (parallel_processing.hpp   : 167)   Running Tip clipper
  0:00:02.058     2M / 1329M INFO   Simplification           (parallel_processing.hpp   : 170)   Tip clipper triggered 0 times
  0:00:02.058     2M / 1329M INFO   Simplification           (parallel_processing.hpp   : 167)   Running Final tip clipper
  0:00:02.058     2M / 1329M INFO   Simplification           (parallel_processing.hpp   : 170)   Final tip clipper triggered 0 times
  0:00:02.058     2M / 1329M INFO   Simplification           (parallel_processing.hpp   : 167)   Running Bulge remover
  0:00:02.070     2M / 1329M INFO   Simplification           (parallel_processing.hpp   : 170)   Bulge remover triggered 0 times
  0:00:02.071     2M / 1329M INFO   Simplification           (parallel_processing.hpp   : 167)   Running Thorn remover (meta)
  0:00:02.071     2M / 1329M INFO   Simplification           (parallel_processing.hpp   : 170)   Thorn remover (meta) triggered 0 times
  0:00:02.071     2M / 1329M INFO    General                 (simplification.cpp        : 323)   Running Hidden EC remover (meta)
  0:00:02.071     2M / 1329M INFO    General                 (simplification.cpp        : 327)   Disrupting self-conjugate edges
  0:00:02.073     2M / 1329M INFO   Simplification           (parallel_processing.hpp   : 167)   Running Removing isolated edges
  0:00:02.074     2M / 1329M INFO   Simplification           (parallel_processing.hpp   : 170)   Removing isolated edges triggered 0 times
  0:00:02.074     2M / 1329M INFO    General                 (simplification.cpp        : 491)   Counting average coverage
  0:00:02.074     2M / 1329M INFO    General                 (simplification.cpp        : 497)   Average coverage = 19.538
  0:00:02.074     2M / 1329M INFO   StageManager             (stage.cpp                 : 185)   STAGE == Contig Output (id: contig_output)
  0:00:02.080     2M / 1329M INFO    General                 (read_converter.cpp        : 102)   Outputting contigs to /gpfs/projects/p32818/metagenomic_data/out/reconstruction/metaspades_assembly/K33/simplified_contigs
  0:00:02.089     5M / 1329M INFO    General                 (binary_converter.cpp      : 111)   6018 reads written
  0:00:02.097     2M / 1329M INFO    General                 (pipeline.cpp              : 287)   SPAdes finished
  0:00:02.100     1M / 1329M INFO    General                 (main.cpp                  : 136)   Assembling time: 0 hours 0 minutes 2 seconds

===== K33 finished. 


===== K55 started. 


== Running: /gpfs/software/spades/3.15.0/bin/spades-core /gpfs/projects/p32818/metagenomic_data/out/reconstruction/metaspades_assembly/K55/configs/config.info /gpfs/projects/p32818/metagenomic_data/out/reconstruction/metaspades_assembly/K55/configs/mda_mode.info /gpfs/projects/p32818/metagenomic_data/out/reconstruction/metaspades_assembly/K55/configs/meta_mode.info

  0:00:00.000     1M / 40M   INFO    General                 (main.cpp                  :  99)   Loaded config from /gpfs/projects/p32818/metagenomic_data/out/reconstruction/metaspades_assembly/K55/configs/config.info
  0:00:00.000     1M / 40M   INFO    General                 (main.cpp                  :  99)   Loaded config from /gpfs/projects/p32818/metagenomic_data/out/reconstruction/metaspades_assembly/K55/configs/mda_mode.info
  0:00:00.000     1M / 40M   INFO    General                 (main.cpp                  :  99)   Loaded config from /gpfs/projects/p32818/metagenomic_data/out/reconstruction/metaspades_assembly/K55/configs/meta_mode.info
  0:00:00.001     1M / 40M   INFO    General                 (memory_limit.cpp          :  48)   Memory limit set to 64 Gb
  0:00:00.001     1M / 40M   INFO    General                 (main.cpp                  : 107)   Starting SPAdes, built from refs/heads/spades_3.15.0, git revision fe141b4b472f6867d92395b07591cf4f24122c7a
  0:00:00.001     1M / 40M   INFO    General                 (main.cpp                  : 108)   Maximum k-mer length: 128
  0:00:00.001     1M / 40M   INFO    General                 (main.cpp                  : 109)   Assembling dataset (/gpfs/projects/p32818/metagenomic_data/out/reconstruction/metaspades_assembly/dataset.info) with K=55
  0:00:00.001     1M / 40M   INFO    General                 (main.cpp                  : 110)   Maximum # of threads to use (adjusted due to OMP capabilities): 8
  0:00:00.001     1M / 40M   INFO    General                 (pipeline.cpp              : 212)   SPAdes started
  0:00:00.001     1M / 40M   INFO    General                 (pipeline.cpp              : 225)   Starting from stage: read_conversion
  0:00:00.001     1M / 40M   INFO    General                 (pipeline.cpp              : 231)   Two-step repeat resolution enabled
  0:00:00.001     1M / 40M   INFO   GraphCore                (graph_core.hpp            : 672)   Graph created, vertex min_id: 3, edge min_id: 3
  0:00:00.001     1M / 40M   INFO   GraphCore                (graph_core.hpp            : 673)   Vertex size: 48, edge size: 40
  0:00:00.001     1M / 40M   INFO    General                 (edge_index.hpp            : 115)   Size of edge index entries: 12/8
  0:00:00.001     1M / 40M   INFO    General                 (pipeline.cpp              : 242)   Will need read mapping, kmer mapper will be attached
  0:00:00.001     1M / 40M   INFO   StageManager             (stage.cpp                 : 185)   STAGE == Binary Read Conversion (id: read_conversion)
  0:00:00.002     1M / 40M   INFO    General                 (read_converter.cpp        :  53)   Binary reads detected
  0:00:00.013     1M / 40M   INFO   StageManager             (stage.cpp                 : 185)   STAGE == de Bruijn graph construction (id: construction)
  0:00:00.013     1M / 40M   INFO    General                 (construction.cpp          : 118)   Contigs from previous K will be used: /gpfs/projects/p32818/metagenomic_data/out/reconstruction/metaspades_assembly/K33/simplified_contigs
  0:00:00.016     1M / 40M   INFO    General                 (construction.cpp          : 153)   Max read length 150
  0:00:00.016     1M / 40M   INFO    General                 (construction.cpp          : 159)   Average read length 150
  0:00:00.016     1M / 40M   INFO    General                 (stage.cpp                 : 117)   PROCEDURE == k+1-mer counting (id: construction:kpomer_counting)
  0:00:00.016     1M / 40M   INFO    General                 (kmer_index_builder.hpp    : 243)   Splitting kmer instances into 80 files using 8 threads. This might take a while.
  0:00:00.017     1M / 40M   INFO    General                 (file_limit.hpp            :  32)   Open file limit set to 131072
  0:00:00.017     1M / 40M   INFO    General                 (kmer_splitter.hpp         :  93)   Memory available for splitting buffers: 2.66665 Gb
  0:00:00.017     1M / 40M   INFO    General                 (kmer_splitter.hpp         : 101)   Using cell size of 419430
  0:00:00.575  4641M / 4641M INFO    General                 (kmer_splitters.hpp        : 125)   Processed 84060 reads
  0:00:00.576     1M / 1315M INFO    General                 (kmer_splitters.hpp        : 131)   Used 84060 reads
  0:00:00.580     1M / 1315M INFO    General                 (kmer_index_builder.hpp    : 249)   Starting k-mer counting.
  0:00:00.875     1M / 1315M INFO    General                 (kmer_index_builder.hpp    : 260)   K-mer counting done. There are 307766 kmers in total.
  0:00:00.875     1M / 1315M INFO    General                 (stage.cpp                 : 117)   PROCEDURE == Extension index construction (id: construction:extension_index_construction)
  0:00:00.910     1M / 1315M INFO   K-mer Index Building     (kmer_index_builder.hpp    : 438)   Building kmer index
  0:00:00.911     1M / 1315M INFO    General                 (kmer_index_builder.hpp    : 243)   Splitting kmer instances into 80 files using 8 threads. This might take a while.
  0:00:00.912     1M / 1315M INFO    General                 (file_limit.hpp            :  32)   Open file limit set to 131072
  0:00:00.912     1M / 1315M INFO    General                 (kmer_splitter.hpp         :  93)   Memory available for splitting buffers: 2.66665 Gb
  0:00:00.912     1M / 1315M INFO    General                 (kmer_splitter.hpp         : 101)   Using cell size of 419430
  0:00:01.354  4641M / 4641M INFO    General                 (kmer_splitters.hpp        : 194)   Processed 307766 kmers
  0:00:01.355  4641M / 4641M INFO    General                 (kmer_splitters.hpp        : 199)   Used 307766 kmers.
  0:00:01.356     1M / 1329M INFO    General                 (kmer_index_builder.hpp    : 249)   Starting k-mer counting.
  0:00:01.584     1M / 1329M INFO    General                 (kmer_index_builder.hpp    : 260)   K-mer counting done. There are 306536 kmers in total.
  0:00:01.584     1M / 1329M INFO   K-mer Index Building     (kmer_index_builder.hpp    : 395)   Building perfect hash indices
  0:00:01.643     1M / 1329M INFO   K-mer Index Building     (kmer_index_builder.hpp    : 431)   Index built. Total 306536 kmers, 282272 bytes occupied (7.36676 bits per kmer).
  0:00:01.643     1M / 1329M INFO    General                 (kmer_index_builder.hpp    : 169)   Merging final buckets.
  0:00:01.734     2M / 1329M INFO   DeBruijnExtensionIndexBu (kmer_extension_index_build: 100)   Building k-mer extensions from k+1-mers
  0:00:01.761     2M / 1329M INFO   DeBruijnExtensionIndexBu (kmer_extension_index_build: 105)   Building k-mer extensions from k+1-mers finished.
  0:00:01.763     2M / 1329M INFO    General                 (stage.cpp                 : 117)   PROCEDURE == Condensing graph (id: construction:graph_condensing)
  0:00:01.765     2M / 1329M INFO   UnbranchingPathExtractor (debruijn_graph_constructor: 354)   Extracting unbranching paths
  0:00:01.786     2M / 1329M INFO   UnbranchingPathExtractor (debruijn_graph_constructor: 373)   Extracting unbranching paths finished. 3851 sequences extracted
  0:00:01.798     2M / 1329M INFO   UnbranchingPathExtractor (debruijn_graph_constructor: 309)   Collecting perfect loops
  0:00:01.804     2M / 1329M INFO   UnbranchingPathExtractor (debruijn_graph_constructor: 342)   Collecting perfect loops finished. 0 loops collected
  0:00:01.805     2M / 1329M INFO    General                 (debruijn_graph_constructor: 487)   Total 7702 edges to create
  0:00:01.805     2M / 1329M INFO    General                 (debruijn_graph_constructor: 489)   Collecting link records
  0:00:01.808     2M / 1329M INFO    General                 (debruijn_graph_constructor: 491)   Ordering link records
  0:00:01.809     2M / 1329M INFO    General                 (debruijn_graph_constructor: 493)   Sorting done
  0:00:01.809     2M / 1329M INFO    General                 (debruijn_graph_constructor: 503)   Total 2621 vertices to create
  0:00:01.810     3M / 1329M INFO    General                 (debruijn_graph_constructor: 506)   Connecting the graph
  0:00:01.812     2M / 1329M INFO    General                 (stage.cpp                 : 117)   PROCEDURE == Filling coverage indices (PHM) (id: construction:coverage_filling_phm)
  0:00:01.812     2M / 1329M INFO   K-mer Index Building     (kmer_index_builder.hpp    : 395)   Building perfect hash indices
  0:00:01.843     3M / 1329M INFO   K-mer Index Building     (kmer_index_builder.hpp    : 431)   Index built. Total 307766 kmers, 283112 bytes occupied (7.35915 bits per kmer).
  0:00:01.844     4M / 1329M INFO    General                 (coverage_hash_map_builder.:  47)   Collecting k-mer coverage information from reads, this takes a while.
  0:00:01.908     4M / 1329M INFO    General                 (construction.cpp          : 430)   Filling coverage and flanking coverage from PHM
  0:00:01.919     4M / 1329M INFO    General                 (coverage_filling.hpp      :  82)   Processed 7702 edges
  0:00:01.938     1M / 1329M INFO   StageManager             (stage.cpp                 : 185)   STAGE == Gap Closer (id: early_gapcloser)
  0:00:01.944    10M / 1329M INFO    General                 (edge_index.hpp            : 115)   Size of edge index entries: 12/8
  0:00:01.945    10M / 1329M INFO    General                 (gap_closer.cpp            : 100)   Total edges in tip neighborhood: 202 out of 7702, length: 53037
  0:00:01.945    10M / 1329M INFO    General                 (edge_index.hpp            : 167)   Using small index (max_id = 7705)
  0:00:01.946    10M / 1329M INFO   K-mer Index Building     (kmer_index_builder.hpp    : 395)   Building perfect hash indices
  0:00:01.949    10M / 1329M INFO   K-mer Index Building     (kmer_index_builder.hpp    : 431)   Index built. Total 43053 kmers, 31848 bytes occupied (5.91792 bits per kmer).
  0:00:01.949    11M / 1329M INFO    General                 (edge_index_builders.hpp   : 265)   Collecting edge information from graph, this takes a while.
  0:00:02.024    11M / 1329M INFO    General                 (sequence_mapper_notifier.h:  95)   Total 18006 reads processed
  0:00:02.028    10M / 1329M INFO    General                 (gap_closer.cpp            : 448)   Initializing gap closer
  0:00:02.028    10M / 1329M INFO   GapCloser                (gap_closer.cpp            : 355)   Closing short gaps
  0:00:02.030    10M / 1329M INFO   GapCloser                (gap_closer.cpp            : 389)   Closing short gaps complete: filled 0 gaps after checking 0 candidates
  0:00:02.030    10M / 1329M INFO    General                 (gap_closer.cpp            : 452)   Gap closer done
  0:00:02.031     1M / 1329M INFO   StageManager             (stage.cpp                 : 185)   STAGE == Raw Simplification (id: raw_simplification)
  0:00:02.032     1M / 1329M INFO    General                 (simplification.cpp        : 127)   PROCEDURE == Initial cleaning
  0:00:02.032     1M / 1329M INFO   Simplification           (parallel_processing.hpp   : 167)   Running Self conjugate edge remover
  0:00:02.032     1M / 1329M INFO   Simplification           (parallel_processing.hpp   : 170)   Self conjugate edge remover triggered 0 times
  0:00:02.032     1M / 1329M INFO   Simplification           (parallel_processing.hpp   : 167)   Running Initial tip clipper
  0:00:02.033     1M / 1329M INFO   Simplification           (parallel_processing.hpp   : 170)   Initial tip clipper triggered 17 times
  0:00:02.033     1M / 1329M INFO   Simplification           (parallel_processing.hpp   : 167)   Running Initial ec remover
  0:00:02.034     1M / 1329M INFO   Simplification           (parallel_processing.hpp   : 170)   Initial ec remover triggered 16 times
  0:00:02.034     1M / 1329M INFO   Simplification           (parallel_processing.hpp   : 167)   Running Disconnecting edges with low flanking coverage
  0:00:02.034     1M / 1329M INFO   Simplification           (parallel_processing.hpp   : 170)   Disconnecting edges with low flanking coverage triggered 0 times
  0:00:02.034     1M / 1329M INFO   Simplification           (parallel_processing.hpp   : 167)   Running Initial isolated edge remover
  0:00:02.034     1M / 1329M INFO   Simplification           (parallel_processing.hpp   : 170)   Initial isolated edge remover triggered 0 times
  0:00:02.034     1M / 1329M INFO   StageManager             (stage.cpp                 : 185)   STAGE == Preliminary Simplification (id: simplification_preliminary)
  0:00:02.034     1M / 1329M INFO    General                 (simplification.cpp        : 368)   Graph simplification started
  0:00:02.034     1M / 1329M INFO    General                 (graph_simplification.hpp  : 634)   Creating parallel br instance
  0:00:02.034     1M / 1329M INFO    General                 (simplification.cpp        : 373)   PROCEDURE == Simplification cycle, iteration 1
  0:00:02.034     1M / 1329M INFO   Simplification           (parallel_processing.hpp   : 167)   Running Tip clipper
  0:00:02.035     1M / 1329M INFO   Simplification           (parallel_processing.hpp   : 170)   Tip clipper triggered 123 times
  0:00:02.035     1M / 1329M INFO   Simplification           (parallel_processing.hpp   : 167)   Running Bulge remover
  0:00:02.054     2M / 1329M INFO   Simplification           (parallel_processing.hpp   : 170)   Bulge remover triggered 80 times
  0:00:02.055     2M / 1329M INFO   Simplification           (parallel_processing.hpp   : 167)   Running Low coverage edge remover
  0:00:02.055     2M / 1329M INFO   Simplification           (parallel_processing.hpp   : 170)   Low coverage edge remover triggered 0 times
  0:00:02.055     2M / 1329M INFO    General                 (simplification.cpp        : 373)   PROCEDURE == Simplification cycle, iteration 2
  0:00:02.055     2M / 1329M INFO   Simplification           (parallel_processing.hpp   : 167)   Running Tip clipper
  0:00:02.055     2M / 1329M INFO   Simplification           (parallel_processing.hpp   : 170)   Tip clipper triggered 2 times
  0:00:02.055     2M / 1329M INFO   Simplification           (parallel_processing.hpp   : 167)   Running Bulge remover
  0:00:02.055     2M / 1329M INFO   Simplification           (parallel_processing.hpp   : 170)   Bulge remover triggered 0 times
  0:00:02.055     2M / 1329M INFO   Simplification           (parallel_processing.hpp   : 167)   Running Low coverage edge remover
  0:00:02.055     2M / 1329M INFO   Simplification           (parallel_processing.hpp   : 170)   Low coverage edge remover triggered 2 times
  0:00:02.055     2M / 1329M INFO    General                 (simplification.cpp        : 373)   PROCEDURE == Simplification cycle, iteration 3
  0:00:02.056     2M / 1329M INFO   Simplification           (parallel_processing.hpp   : 167)   Running Tip clipper
  0:00:02.056     2M / 1329M INFO   Simplification           (parallel_processing.hpp   : 170)   Tip clipper triggered 1 times
  0:00:02.056     2M / 1329M INFO   Simplification           (parallel_processing.hpp   : 167)   Running Bulge remover
  0:00:02.056     2M / 1329M INFO   Simplification           (parallel_processing.hpp   : 170)   Bulge remover triggered 0 times
  0:00:02.056     2M / 1329M INFO   Simplification           (parallel_processing.hpp   : 167)   Running Low coverage edge remover
  0:00:02.056     2M / 1329M INFO   Simplification           (parallel_processing.hpp   : 170)   Low coverage edge remover triggered 6 times
  0:00:02.056     2M / 1329M INFO    General                 (simplification.cpp        : 373)   PROCEDURE == Simplification cycle, iteration 4
  0:00:02.056     2M / 1329M INFO   Simplification           (parallel_processing.hpp   : 167)   Running Tip clipper
  0:00:02.056     2M / 1329M INFO   Simplification           (parallel_processing.hpp   : 170)   Tip clipper triggered 0 times
  0:00:02.056     2M / 1329M INFO   Simplification           (parallel_processing.hpp   : 167)   Running Bulge remover
  0:00:02.062     2M / 1329M INFO   Simplification           (parallel_processing.hpp   : 170)   Bulge remover triggered 3 times
  0:00:02.062     2M / 1329M INFO   Simplification           (parallel_processing.hpp   : 167)   Running Low coverage edge remover
  0:00:02.063     2M / 1329M INFO   Simplification           (parallel_processing.hpp   : 170)   Low coverage edge remover triggered 0 times
  0:00:02.063     2M / 1329M INFO    General                 (simplification.cpp        : 373)   PROCEDURE == Simplification cycle, iteration 5
  0:00:02.063     2M / 1329M INFO   Simplification           (parallel_processing.hpp   : 167)   Running Tip clipper
  0:00:02.063     2M / 1329M INFO   Simplification           (parallel_processing.hpp   : 170)   Tip clipper triggered 0 times
  0:00:02.063     2M / 1329M INFO   Simplification           (parallel_processing.hpp   : 167)   Running Bulge remover
  0:00:02.063     2M / 1329M INFO   Simplification           (parallel_processing.hpp   : 170)   Bulge remover triggered 0 times
  0:00:02.063     2M / 1329M INFO   Simplification           (parallel_processing.hpp   : 167)   Running Low coverage edge remover
  0:00:02.063     2M / 1329M INFO   Simplification           (parallel_processing.hpp   : 170)   Low coverage edge remover triggered 0 times
  0:00:02.063     2M / 1329M INFO   StageManager             (stage.cpp                 : 185)   STAGE == Gap Closer (id: prelim_gapcloser)
  0:00:02.068    11M / 1329M INFO    General                 (edge_index.hpp            : 115)   Size of edge index entries: 12/8
  0:00:02.069    11M / 1329M INFO    General                 (gap_closer.cpp            : 100)   Total edges in tip neighborhood: 145 out of 6576, length: 51105
  0:00:02.069    11M / 1329M INFO    General                 (edge_index.hpp            : 167)   Using small index (max_id = 7705)
  0:00:02.069    11M / 1329M INFO   K-mer Index Building     (kmer_index_builder.hpp    : 395)   Building perfect hash indices
  0:00:02.073    11M / 1329M INFO   K-mer Index Building     (kmer_index_builder.hpp    : 431)   Index built. Total 41121 kmers, 30456 bytes occupied (5.92515 bits per kmer).
  0:00:02.073    11M / 1329M INFO    General                 (edge_index_builders.hpp   : 265)   Collecting edge information from graph, this takes a while.
  0:00:02.189    12M / 1329M INFO    General                 (sequence_mapper_notifier.h:  95)   Total 18006 reads processed
  0:00:02.193    11M / 1329M INFO    General                 (gap_closer.cpp            : 448)   Initializing gap closer
  0:00:02.194    11M / 1329M INFO   GapCloser                (gap_closer.cpp            : 355)   Closing short gaps
  0:00:02.195    11M / 1329M INFO   GapCloser                (gap_closer.cpp            : 389)   Closing short gaps complete: filled 0 gaps after checking 0 candidates
  0:00:02.195    11M / 1329M INFO    General                 (gap_closer.cpp            : 452)   Gap closer done
  0:00:02.197     2M / 1329M INFO   StageManager             (stage.cpp                 : 185)   STAGE == Preliminary Paired Information Counting (id: late_pair_info_count_preliminary)
  0:00:02.213     4M / 1329M INFO    General                 (graph_pack.cpp            :  67)   Index refill
  0:00:02.213     4M / 1329M INFO    General                 (edge_index.hpp            : 156)   Using small index (max_id = 7705)
  0:00:02.216     4M / 1329M INFO   K-mer Index Building     (kmer_index_builder.hpp    : 395)   Building perfect hash indices
  0:00:02.231     5M / 1329M INFO   K-mer Index Building     (kmer_index_builder.hpp    : 431)   Index built. Total 288842 kmers, 209376 bytes occupied (5.79905 bits per kmer).
  0:00:02.231     7M / 1329M INFO    General                 (edge_index_builders.hpp   : 252)   Collecting edge information from graph, this takes a while.
  0:00:02.239     7M / 1329M INFO    General                 (graph_pack.cpp            :  77)   Normalizing k-mer map. Total 13572 kmers to process
  0:00:02.240     7M / 1329M INFO    General                 (graph_pack.cpp            :  79)   Normalizing done
  0:00:02.241     7M / 1329M INFO    General                 (pair_info_count.cpp       : 339)   Min edge length for estimation: 900
  0:00:02.241     7M / 1329M INFO    General                 (pair_info_count.cpp       : 350)   Estimating insert size for library #0
  0:00:02.241     7M / 1329M INFO    General                 (pair_info_count.cpp       : 202)   Estimating insert size (takes a while)
  0:00:02.273   151M / 1329M INFO    General                 (pair_info_count.cpp       :  48)   Selecting usual mapper
  0:00:02.583   151M / 1329M INFO    General                 (sequence_mapper_notifier.h:  95)   Total 18006 reads processed
  0:00:04.237   151M / 1329M INFO    General                 (pair_info_count.cpp       : 220)   Edge pairs: 47803
  0:00:04.237   151M / 1329M INFO    General                 (pair_info_count.cpp       : 224)   2166 paired reads (12.0293% of all) aligned to long edges
  0:00:04.237     7M / 1329M INFO    General                 (pair_info_count.cpp       : 373)     Insert size = 300, deviation = 0, left quantile = 300, right quantile = 300, read length = 150
  0:00:04.237     7M / 1329M INFO    General                 (pair_info_count.cpp       : 390)   Filtering data for library #0
  0:00:04.238     7M / 1329M INFO    General                 (pair_info_count.cpp       :  48)   Selecting usual mapper
  0:00:04.280     7M / 1329M INFO    General                 (sequence_mapper_notifier.h:  95)   Total 18006 reads processed
  0:00:04.281     7M / 1329M INFO    General                 (pair_info_count.cpp       : 402)   Mapping library #0
  0:00:04.281     7M / 1329M INFO    General                 (pair_info_count.cpp       : 404)   Mapping paired reads (takes a while)
  0:00:04.281     7M / 1329M INFO    General                 (pair_info_count.cpp       : 302)   Left insert size quantile 300, right insert size quantile 300, filtering threshold 1, rounding threshold 0
  0:00:04.286    16M / 1329M INFO    General                 (pair_info_count.cpp       :  48)   Selecting usual mapper
  0:00:04.340    20M / 1329M INFO    General                 (sequence_mapper_notifier.h:  95)   Total 18006 reads processed
  0:00:04.346    11M / 1329M INFO   StageManager             (stage.cpp                 : 185)   STAGE == Preliminary Distance Estimation (id: distance_estimation_preliminary)
  0:00:04.346    11M / 1329M INFO    General                 (distance_estimation.cpp   : 179)   Processing library #0
  0:00:04.346    11M / 1329M INFO    General                 (distance_estimation.cpp   : 150)   Weight Filter Done
  0:00:04.346    11M / 1329M INFO   DistanceEstimator        (distance_estimation.hpp   : 116)   Using SIMPLE distance estimator
  0:00:04.507    16M / 1329M INFO    General                 (distance_estimation.cpp   :  37)   Filtering info
  0:00:04.509    16M / 1329M INFO    General                 (pair_info_filters.hpp     : 242)   Start filtering; index size: 89180
  0:00:04.541    18M / 1329M INFO    General                 (pair_info_filters.hpp     : 263)   Done filtering
  0:00:04.541    16M / 1329M INFO    General                 (distance_estimation.cpp   : 156)   Refining clustered pair information
  0:00:04.569    16M / 1329M INFO    General                 (distance_estimation.cpp   : 158)   The refining of clustered pair information has been finished
  0:00:04.569    16M / 1329M INFO    General                 (distance_estimation.cpp   : 160)   Improving paired information
  0:00:04.737    18M / 1329M INFO   PairInfoImprover         (pair_info_improver.hpp    : 105)   Paired info stats: missing = 16211; contradictional = 0
  0:00:04.905    18M / 1329M INFO   PairInfoImprover         (pair_info_improver.hpp    : 105)   Paired info stats: missing = 186; contradictional = 0
  0:00:04.907    18M / 1329M INFO    General                 (distance_estimation.cpp   : 104)   Filling scaffolding index
  0:00:04.908    18M / 1329M INFO   DistanceEstimator        (distance_estimation.hpp   : 116)   Using SMOOTHING distance estimator
  0:00:05.022    18M / 1329M INFO    General                 (distance_estimation.cpp   :  37)   Filtering info
  0:00:05.024    18M / 1329M INFO    General                 (pair_info_filters.hpp     : 242)   Start filtering; index size: 6576
  0:00:05.026    18M / 1329M INFO    General                 (pair_info_filters.hpp     : 263)   Done filtering
  0:00:05.026    18M / 1329M INFO    General                 (distance_estimation.cpp   : 186)   Clearing raw paired index
  0:00:05.031    14M / 1329M INFO   StageManager             (stage.cpp                 : 185)   STAGE == Preliminary Repeat Resolving (id: repeat_resolving_preliminary)
  0:00:05.031    14M / 1329M INFO    General                 (repeat_resolving.cpp      :  74)   Setting up preliminary path extend settings
  0:00:05.031    14M / 1329M INFO    General                 (repeat_resolving.cpp      :  87)   Using Path-Extend repeat resolving
  0:00:05.031    14M / 1329M INFO    General                 (launcher.cpp              : 599)   ExSPAnder repeat resolving tool started
  0:00:05.045    27M / 1329M INFO    General                 (launcher.cpp              : 418)   Creating main extenders, unique edge length = 2000
  0:00:05.046    28M / 1329M INFO    General                 (extenders_logic.cpp       : 542)   Using 1 paired-end library
  0:00:05.047    28M / 1329M INFO    General                 (extenders_logic.cpp       : 543)   Using 1 paired-end scaffolding library
  0:00:05.047    28M / 1329M INFO    General                 (extenders_logic.cpp       : 544)   Using 0 single read libraries
  0:00:05.047    28M / 1329M INFO    General                 (launcher.cpp              : 446)   Total number of extenders is 3
  0:00:05.047    28M / 1329M INFO    General                 (path_extenders.cpp        :  36)   Processed 0 paths from 3288 (0%)
  0:00:05.192    36M / 1329M INFO    General                 (path_extenders.cpp        :  34)   Processed 128 paths from 3288 (3%)
  0:00:05.288    40M / 1329M INFO    General                 (path_extenders.cpp        :  34)   Processed 256 paths from 3288 (7%)
  0:00:05.325    42M / 1329M INFO    General                 (path_extenders.cpp        :  36)   Processed 329 paths from 3288 (10%)
  0:00:05.400    44M / 1329M INFO    General                 (path_extenders.cpp        :  34)   Processed 512 paths from 3288 (15%)
  0:00:05.432    45M / 1329M INFO    General                 (path_extenders.cpp        :  36)   Processed 658 paths from 3288 (20%)
  0:00:05.453    46M / 1329M INFO    General                 (path_extenders.cpp        :  36)   Processed 987 paths from 3288 (30%)
  0:00:05.454    46M / 1329M INFO    General                 (path_extenders.cpp        :  34)   Processed 1024 paths from 3288 (31%)
  0:00:05.458    46M / 1329M INFO    General                 (path_extenders.cpp        :  36)   Processed 1316 paths from 3288 (40%)
  0:00:05.458    46M / 1329M INFO    General                 (path_extenders.cpp        :  36)   Processed 1645 paths from 3288 (50%)
  0:00:05.458    46M / 1329M INFO    General                 (path_extenders.cpp        :  36)   Processed 1974 paths from 3288 (60%)
  0:00:05.459    46M / 1329M INFO    General                 (path_extenders.cpp        :  34)   Processed 2048 paths from 3288 (62%)
  0:00:05.459    46M / 1329M INFO    General                 (path_extenders.cpp        :  36)   Processed 2303 paths from 3288 (70%)
  0:00:05.459    46M / 1329M INFO    General                 (path_extenders.cpp        :  36)   Processed 2632 paths from 3288 (80%)
  0:00:05.459    46M / 1329M INFO    General                 (path_extenders.cpp        :  36)   Processed 2961 paths from 3288 (90%)
  0:00:05.459    46M / 1329M INFO    General                 (launcher.cpp              : 250)   Finalizing paths
  0:00:05.459    46M / 1329M INFO    General                 (launcher.cpp              : 252)   Deduplicating paths
  0:00:05.469    45M / 1329M INFO    General                 (launcher.cpp              : 256)   Paths deduplicated
  0:00:05.469    45M / 1329M INFO    General                 (launcher.cpp              : 263)   Overlaps will not be removed
  0:00:05.469    45M / 1329M INFO    General                 (launcher.cpp              : 273)   Paths finalized
  0:00:05.469    45M / 1329M INFO    General                 (launcher.cpp              : 453)   Closing gaps in paths
  0:00:05.472    47M / 1329M INFO    General                 (launcher.cpp              : 483)   Gap closing completed
  0:00:05.474    47M / 1329M INFO    General                 (launcher.cpp              : 302)   Traversing tandem repeats
  0:00:05.483    47M / 1329M INFO    General                 (launcher.cpp              : 312)   Traversed 0 loops
  0:00:05.484    47M / 1329M INFO    General                 (launcher.cpp              : 250)   Finalizing paths
  0:00:05.484    47M / 1329M INFO    General                 (launcher.cpp              : 252)   Deduplicating paths
  0:00:05.491    47M / 1329M INFO    General                 (launcher.cpp              : 256)   Paths deduplicated
  0:00:05.491    47M / 1329M INFO    General                 (launcher.cpp              : 263)   Overlaps will not be removed
  0:00:05.491    47M / 1329M INFO    General                 (launcher.cpp              : 273)   Paths finalized
  0:00:05.491    47M / 1329M INFO    General                 (launcher.cpp              : 663)   ExSPAnder repeat resolving tool finished
  0:00:05.500    15M / 1329M INFO    General                 (repeat_resolving.cpp      :  93)   Restoring initial path extend settings
  0:00:05.501    15M / 1329M INFO   StageManager             (stage.cpp                 : 185)   STAGE == Contig Output (id: contig_output)
  0:00:05.503    15M / 1329M INFO    General                 (contig_output_stage.cpp   : 151)   Writing GFA graph to /gpfs/projects/p32818/metagenomic_data/out/reconstruction/metaspades_assembly/K55/strain_graph.gfa
  0:00:05.516    15M / 1329M INFO    General                 (contig_output_stage.cpp   : 196)   Breaking scaffolds
  0:00:05.530    18M / 1329M INFO    General                 (contig_output_stage.cpp   :  98)   Outputting contigs to /gpfs/projects/p32818/metagenomic_data/out/reconstruction/metaspades_assembly/K55/final_contigs.fasta
  0:00:05.536    15M / 1329M INFO   StageManager             (stage.cpp                 : 185)   STAGE == Second Phase Setup (id: second_phase_setup)
  0:00:05.537    15M / 1329M INFO    General                 (second_phase_setup.cpp    :  18)   Preparing second phase
  0:00:05.544     5M / 1329M INFO    General                 (second_phase_setup.cpp    :  29)   Moving preliminary contigs from /gpfs/projects/p32818/metagenomic_data/out/reconstruction/metaspades_assembly/K55/final_contigs.fasta to /gpfs/projects/p32818/metagenomic_data/out/reconstruction/metaspades_assembly/K55/first_pe_contigs.fasta
  0:00:05.545     5M / 1329M INFO    General                 (second_phase_setup.cpp    :  41)   Ready to run second phase
  0:00:05.545     5M / 1329M INFO   StageManager             (stage.cpp                 : 185)   STAGE == Simplification (id: simplification)
  0:00:05.546     2M / 1329M INFO    General                 (simplification.cpp        : 368)   Graph simplification started
  0:00:05.546     2M / 1329M INFO    General                 (graph_simplification.hpp  : 634)   Creating parallel br instance
  0:00:05.546     2M / 1329M INFO    General                 (simplification.cpp        : 373)   PROCEDURE == Simplification cycle, iteration 1
  0:00:05.546     2M / 1329M INFO   Simplification           (parallel_processing.hpp   : 167)   Running Tip clipper
  0:00:05.546     2M / 1329M INFO   Simplification           (parallel_processing.hpp   : 170)   Tip clipper triggered 0 times
  0:00:05.546     2M / 1329M INFO   Simplification           (parallel_processing.hpp   : 167)   Running Bulge remover
  0:00:05.583     4M / 1329M INFO   Simplification           (parallel_processing.hpp   : 170)   Bulge remover triggered 173 times
  0:00:05.583     4M / 1329M INFO   Simplification           (parallel_processing.hpp   : 167)   Running Low coverage edge remover
  0:00:05.584     4M / 1329M INFO   Simplification           (parallel_processing.hpp   : 170)   Low coverage edge remover triggered 0 times
  0:00:05.584     4M / 1329M INFO    General                 (simplification.cpp        : 373)   PROCEDURE == Simplification cycle, iteration 2
  0:00:05.584     4M / 1329M INFO   Simplification           (parallel_processing.hpp   : 167)   Running Tip clipper
  0:00:05.584     4M / 1329M INFO   Simplification           (parallel_processing.hpp   : 170)   Tip clipper triggered 0 times
  0:00:05.584     4M / 1329M INFO   Simplification           (parallel_processing.hpp   : 167)   Running Bulge remover
  0:00:05.584     4M / 1329M INFO   Simplification           (parallel_processing.hpp   : 170)   Bulge remover triggered 0 times
  0:00:05.584     4M / 1329M INFO   Simplification           (parallel_processing.hpp   : 167)   Running Low coverage edge remover
  0:00:05.584     4M / 1329M INFO   Simplification           (parallel_processing.hpp   : 170)   Low coverage edge remover triggered 0 times
  0:00:05.584     4M / 1329M INFO    General                 (simplification.cpp        : 373)   PROCEDURE == Simplification cycle, iteration 3
  0:00:05.584     4M / 1329M INFO   Simplification           (parallel_processing.hpp   : 167)   Running Tip clipper
  0:00:05.584     4M / 1329M INFO   Simplification           (parallel_processing.hpp   : 170)   Tip clipper triggered 0 times
  0:00:05.584     4M / 1329M INFO   Simplification           (parallel_processing.hpp   : 167)   Running Bulge remover
  0:00:05.584     4M / 1329M INFO   Simplification           (parallel_processing.hpp   : 170)   Bulge remover triggered 0 times
  0:00:05.584     4M / 1329M INFO   Simplification           (parallel_processing.hpp   : 167)   Running Low coverage edge remover
  0:00:05.585     4M / 1329M INFO   Simplification           (parallel_processing.hpp   : 170)   Low coverage edge remover triggered 0 times
  0:00:05.585     4M / 1329M INFO    General                 (simplification.cpp        : 373)   PROCEDURE == Simplification cycle, iteration 4
  0:00:05.585     4M / 1329M INFO   Simplification           (parallel_processing.hpp   : 167)   Running Tip clipper
  0:00:05.585     4M / 1329M INFO   Simplification           (parallel_processing.hpp   : 170)   Tip clipper triggered 0 times
  0:00:05.585     4M / 1329M INFO   Simplification           (parallel_processing.hpp   : 167)   Running Bulge remover
  0:00:05.589     4M / 1329M INFO   Simplification           (parallel_processing.hpp   : 170)   Bulge remover triggered 0 times
  0:00:05.589     4M / 1329M INFO   Simplification           (parallel_processing.hpp   : 167)   Running Low coverage edge remover
  0:00:05.589     4M / 1329M INFO   Simplification           (parallel_processing.hpp   : 170)   Low coverage edge remover triggered 0 times
  0:00:05.589     4M / 1329M INFO   StageManager             (stage.cpp                 : 185)   STAGE == Gap Closer (id: late_gapcloser)
  0:00:05.594    13M / 1329M INFO    General                 (edge_index.hpp            : 115)   Size of edge index entries: 12/8
  0:00:05.594    13M / 1329M INFO    General                 (gap_closer.cpp            : 100)   Total edges in tip neighborhood: 135 out of 5610, length: 52605
  0:00:05.594    13M / 1329M INFO    General                 (edge_index.hpp            : 167)   Using small index (max_id = 7705)
  0:00:05.595    13M / 1329M INFO   K-mer Index Building     (kmer_index_builder.hpp    : 395)   Building perfect hash indices
  0:00:05.599    13M / 1329M INFO   K-mer Index Building     (kmer_index_builder.hpp    : 431)   Index built. Total 42621 kmers, 31536 bytes occupied (5.91934 bits per kmer).
  0:00:05.599    13M / 1329M INFO    General                 (edge_index_builders.hpp   : 265)   Collecting edge information from graph, this takes a while.
  0:00:05.725    13M / 1329M INFO    General                 (sequence_mapper_notifier.h:  95)   Total 18006 reads processed
  0:00:05.730    13M / 1329M INFO    General                 (gap_closer.cpp            : 448)   Initializing gap closer
  0:00:05.730    13M / 1329M INFO   GapCloser                (gap_closer.cpp            : 355)   Closing short gaps
  0:00:05.731    13M / 1329M INFO   GapCloser                (gap_closer.cpp            : 389)   Closing short gaps complete: filled 0 gaps after checking 0 candidates
  0:00:05.732    13M / 1329M INFO    General                 (gap_closer.cpp            : 452)   Gap closer done
  0:00:05.733     4M / 1329M INFO   StageManager             (stage.cpp                 : 185)   STAGE == Simplification Cleanup (id: simplification_cleanup)
  0:00:05.733     4M / 1329M INFO    General                 (simplification.cpp        : 176)   PROCEDURE == Post simplification
  0:00:05.733     4M / 1329M INFO    General                 (graph_simplification.hpp  : 634)   Creating parallel br instance
  0:00:05.733     4M / 1329M INFO    General                 (graph_simplification.hpp  : 634)   Creating parallel br instance
  0:00:05.733     4M / 1329M INFO   Simplification           (parallel_processing.hpp   : 167)   Running Relative coverage component remover
  0:00:05.737     4M / 1329M INFO   Simplification           (parallel_processing.hpp   : 170)   Relative coverage component remover triggered 17 times
  0:00:05.737     4M / 1329M INFO   Simplification           (parallel_processing.hpp   : 167)   Running Disconnecting edges with relatively low coverage
  0:00:05.738     4M / 1329M INFO   Simplification           (parallel_processing.hpp   : 170)   Disconnecting edges with relatively low coverage triggered 0 times
  0:00:05.738     4M / 1329M INFO   Simplification           (parallel_processing.hpp   : 167)   Running Complex tip clipper
  0:00:05.738     4M / 1329M INFO   Simplification           (parallel_processing.hpp   : 170)   Complex tip clipper triggered 5 times
  0:00:05.738     4M / 1329M INFO   Simplification           (parallel_processing.hpp   : 167)   Running Complex bulge remover
  0:00:05.748     4M / 1329M INFO   Simplification           (parallel_processing.hpp   : 170)   Complex bulge remover triggered 14 times
  0:00:05.748     4M / 1329M INFO   Simplification           (parallel_processing.hpp   : 167)   Running Tip clipper
  0:00:05.748     4M / 1329M INFO   Simplification           (parallel_processing.hpp   : 170)   Tip clipper triggered 0 times
  0:00:05.748     4M / 1329M INFO   Simplification           (parallel_processing.hpp   : 167)   Running Final tip clipper
  0:00:05.749     4M / 1329M INFO   Simplification           (parallel_processing.hpp   : 170)   Final tip clipper triggered 3 times
  0:00:05.749     4M / 1329M INFO   Simplification           (parallel_processing.hpp   : 167)   Running Bulge remover
  0:00:05.753     4M / 1329M INFO   Simplification           (parallel_processing.hpp   : 170)   Bulge remover triggered 1 times
  0:00:05.753     4M / 1329M INFO   Simplification           (parallel_processing.hpp   : 167)   Running Final bulge remover
  0:00:05.910     6M / 1329M INFO   Simplification           (parallel_processing.hpp   : 170)   Final bulge remover triggered 63 times
  0:00:05.910     6M / 1329M INFO   Simplification           (parallel_processing.hpp   : 167)   Running Thorn remover (meta)
  0:00:05.911     6M / 1329M INFO   Simplification           (parallel_processing.hpp   : 170)   Thorn remover (meta) triggered 0 times
  0:00:05.911     6M / 1329M INFO   Simplification           (parallel_processing.hpp   : 167)   Running Relative coverage component remover
  0:00:05.919     6M / 1329M INFO   Simplification           (parallel_processing.hpp   : 170)   Relative coverage component remover triggered 2 times
  0:00:05.919     6M / 1329M INFO   Simplification           (parallel_processing.hpp   : 167)   Running Disconnecting edges with relatively low coverage
  0:00:05.920     6M / 1329M INFO   Simplification           (parallel_processing.hpp   : 170)   Disconnecting edges with relatively low coverage triggered 0 times
  0:00:05.920     6M / 1329M INFO   Simplification           (parallel_processing.hpp   : 167)   Running Complex tip clipper
  0:00:05.920     6M / 1329M INFO   Simplification           (parallel_processing.hpp   : 170)   Complex tip clipper triggered 1 times
  0:00:05.920     6M / 1329M INFO   Simplification           (parallel_processing.hpp   : 167)   Running Complex bulge remover
  0:00:05.925     6M / 1329M INFO   Simplification           (parallel_processing.hpp   : 170)   Complex bulge remover triggered 0 times
  0:00:05.925     6M / 1329M INFO   Simplification           (parallel_processing.hpp   : 167)   Running Tip clipper
  0:00:05.925     6M / 1329M INFO   Simplification           (parallel_processing.hpp   : 170)   Tip clipper triggered 0 times
  0:00:05.925     6M / 1329M INFO   Simplification           (parallel_processing.hpp   : 167)   Running Final tip clipper
  0:00:05.926     6M / 1329M INFO   Simplification           (parallel_processing.hpp   : 170)   Final tip clipper triggered 1 times
  0:00:05.926     6M / 1329M INFO   Simplification           (parallel_processing.hpp   : 167)   Running Bulge remover
  0:00:05.930     6M / 1329M INFO   Simplification           (parallel_processing.hpp   : 170)   Bulge remover triggered 2 times
  0:00:05.930     6M / 1329M INFO   Simplification           (parallel_processing.hpp   : 167)   Running Final bulge remover
  0:00:05.944     6M / 1329M INFO   Simplification           (parallel_processing.hpp   : 170)   Final bulge remover triggered 2 times
  0:00:05.944     6M / 1329M INFO   Simplification           (parallel_processing.hpp   : 167)   Running Thorn remover (meta)
  0:00:05.945     6M / 1329M INFO   Simplification           (parallel_processing.hpp   : 170)   Thorn remover (meta) triggered 0 times
  0:00:05.945     6M / 1329M INFO   Simplification           (parallel_processing.hpp   : 167)   Running Relative coverage component remover
  0:00:05.949     6M / 1329M INFO   Simplification           (parallel_processing.hpp   : 170)   Relative coverage component remover triggered 0 times
  0:00:05.949     6M / 1329M INFO   Simplification           (parallel_processing.hpp   : 167)   Running Disconnecting edges with relatively low coverage
  0:00:05.949     6M / 1329M INFO   Simplification           (parallel_processing.hpp   : 170)   Disconnecting edges with relatively low coverage triggered 0 times
  0:00:05.949     6M / 1329M INFO   Simplification           (parallel_processing.hpp   : 167)   Running Complex tip clipper
  0:00:05.949     6M / 1329M INFO   Simplification           (parallel_processing.hpp   : 170)   Complex tip clipper triggered 0 times
  0:00:05.949     6M / 1329M INFO   Simplification           (parallel_processing.hpp   : 167)   Running Complex bulge remover
  0:00:05.952     6M / 1329M INFO   Simplification           (parallel_processing.hpp   : 170)   Complex bulge remover triggered 0 times
  0:00:05.952     6M / 1329M INFO   Simplification           (parallel_processing.hpp   : 167)   Running Tip clipper
  0:00:05.953     6M / 1329M INFO   Simplification           (parallel_processing.hpp   : 170)   Tip clipper triggered 0 times
  0:00:05.953     6M / 1329M INFO   Simplification           (parallel_processing.hpp   : 167)   Running Final tip clipper
  0:00:05.953     6M / 1329M INFO   Simplification           (parallel_processing.hpp   : 170)   Final tip clipper triggered 0 times
  0:00:05.953     6M / 1329M INFO   Simplification           (parallel_processing.hpp   : 167)   Running Bulge remover
  0:00:05.954     6M / 1329M INFO   Simplification           (parallel_processing.hpp   : 170)   Bulge remover triggered 3 times
  0:00:05.954     6M / 1329M INFO   Simplification           (parallel_processing.hpp   : 167)   Running Final bulge remover
  0:00:05.954     6M / 1329M INFO   Simplification           (parallel_processing.hpp   : 170)   Final bulge remover triggered 0 times
  0:00:05.954     6M / 1329M INFO   Simplification           (parallel_processing.hpp   : 167)   Running Thorn remover (meta)
  0:00:05.954     6M / 1329M INFO   Simplification           (parallel_processing.hpp   : 170)   Thorn remover (meta) triggered 0 times
  0:00:05.955     6M / 1329M INFO   Simplification           (parallel_processing.hpp   : 167)   Running Relative coverage component remover
  0:00:05.959     6M / 1329M INFO   Simplification           (parallel_processing.hpp   : 170)   Relative coverage component remover triggered 0 times
  0:00:05.959     6M / 1329M INFO   Simplification           (parallel_processing.hpp   : 167)   Running Disconnecting edges with relatively low coverage
  0:00:05.959     6M / 1329M INFO   Simplification           (parallel_processing.hpp   : 170)   Disconnecting edges with relatively low coverage triggered 0 times
  0:00:05.959     6M / 1329M INFO   Simplification           (parallel_processing.hpp   : 167)   Running Complex tip clipper
  0:00:05.959     6M / 1329M INFO   Simplification           (parallel_processing.hpp   : 170)   Complex tip clipper triggered 0 times
  0:00:05.959     6M / 1329M INFO   Simplification           (parallel_processing.hpp   : 167)   Running Complex bulge remover
  0:00:05.962     6M / 1329M INFO   Simplification           (parallel_processing.hpp   : 170)   Complex bulge remover triggered 0 times
  0:00:05.962     6M / 1329M INFO   Simplification           (parallel_processing.hpp   : 167)   Running Tip clipper
  0:00:05.962     6M / 1329M INFO   Simplification           (parallel_processing.hpp   : 170)   Tip clipper triggered 0 times
  0:00:05.962     6M / 1329M INFO   Simplification           (parallel_processing.hpp   : 167)   Running Final tip clipper
  0:00:05.962     6M / 1329M INFO   Simplification           (parallel_processing.hpp   : 170)   Final tip clipper triggered 0 times
  0:00:05.962     6M / 1329M INFO   Simplification           (parallel_processing.hpp   : 167)   Running Bulge remover
  0:00:05.962     6M / 1329M INFO   Simplification           (parallel_processing.hpp   : 170)   Bulge remover triggered 0 times
  0:00:05.962     6M / 1329M INFO   Simplification           (parallel_processing.hpp   : 167)   Running Final bulge remover
  0:00:05.962     6M / 1329M INFO   Simplification           (parallel_processing.hpp   : 170)   Final bulge remover triggered 0 times
  0:00:05.963     6M / 1329M INFO   Simplification           (parallel_processing.hpp   : 167)   Running Thorn remover (meta)
  0:00:05.963     6M / 1329M INFO   Simplification           (parallel_processing.hpp   : 170)   Thorn remover (meta) triggered 0 times
  0:00:05.963     6M / 1329M INFO    General                 (simplification.cpp        : 323)   Running Hidden EC remover (meta)
  0:00:05.963     6M / 1329M INFO    General                 (simplification.cpp        : 327)   Disrupting self-conjugate edges
  0:00:05.964     6M / 1329M INFO   Simplification           (parallel_processing.hpp   : 167)   Running Removing isolated edges
  0:00:05.964     6M / 1329M INFO   Simplification           (parallel_processing.hpp   : 170)   Removing isolated edges triggered 0 times
  0:00:05.964     6M / 1329M INFO    General                 (simplification.cpp        : 491)   Counting average coverage
  0:00:05.964     6M / 1329M INFO    General                 (simplification.cpp        : 497)   Average coverage = 13.617
  0:00:05.964     6M / 1329M INFO   StageManager             (stage.cpp                 : 185)   STAGE == Mismatch Correction (id: mismatch_correction)
  0:00:05.964     6M / 1329M INFO    General                 (graph_pack.cpp            :  67)   Index refill
  0:00:05.964     6M / 1329M INFO    General                 (edge_index.hpp            : 156)   Using small index (max_id = 7705)
  0:00:05.966     6M / 1329M INFO   K-mer Index Building     (kmer_index_builder.hpp    : 395)   Building perfect hash indices
  0:00:05.980     6M / 1329M INFO   K-mer Index Building     (kmer_index_builder.hpp    : 431)   Index built. Total 245170 kmers, 177816 bytes occupied (5.80221 bits per kmer).
  0:00:05.981     8M / 1329M INFO    General                 (edge_index_builders.hpp   : 252)   Collecting edge information from graph, this takes a while.
  0:00:05.987     8M / 1329M INFO    General                 (graph_pack.cpp            :  77)   Normalizing k-mer map. Total 91810 kmers to process
  0:00:06.003     8M / 1329M INFO    General                 (graph_pack.cpp            :  79)   Normalizing done
  0:00:06.004     8M / 1329M INFO    General                 (mismatch_correction.cpp   : 400)   Collect potential mismatches
  0:00:06.028     8M / 1329M INFO    General                 (mismatch_correction.cpp   : 193)   Total 1472 edges (out of 4922) with 12762 potential mismatch positions (8.66984 positions per edge)
  0:00:06.029     8M / 1329M INFO    General                 (mismatch_correction.cpp   : 402)   Potential mismatches collected
  0:00:06.175     9M / 1329M INFO    General                 (sequence_mapper_notifier.h:  95)   Total 72024 reads processed
  0:00:06.186     9M / 1329M INFO    General                 (mismatch_correction.cpp   : 395)   All edges processed
  0:00:06.186     8M / 1329M INFO    General                 (mismatch_correction.cpp   : 450)   Corrected 11 nucleotides
  0:00:06.187     8M / 1329M INFO   StageManager             (stage.cpp                 : 185)   STAGE == Contig Output (id: contig_output)
  0:00:06.187     8M / 1329M INFO    General                 (contig_output.hpp         :  16)   Outputting contigs to /gpfs/projects/p32818/metagenomic_data/out/reconstruction/metaspades_assembly/K55/before_rr.fasta
  0:00:06.209     8M / 1329M INFO    General                 (contig_output_stage.cpp   : 151)   Writing GFA graph to /gpfs/projects/p32818/metagenomic_data/out/reconstruction/metaspades_assembly/K55/assembly_graph_after_simplification.gfa
  0:00:06.221     8M / 1329M INFO   StageManager             (stage.cpp                 : 185)   STAGE == Paired Information Counting (id: late_pair_info_count)
  0:00:06.233    10M / 1329M INFO    General                 (graph_pack.cpp            :  77)   Normalizing k-mer map. Total 93012 kmers to process
  0:00:06.252    10M / 1329M INFO    General                 (graph_pack.cpp            :  79)   Normalizing done
  0:00:06.252    10M / 1329M INFO    General                 (pair_info_count.cpp       : 339)   Min edge length for estimation: 900
  0:00:06.252    10M / 1329M INFO    General                 (pair_info_count.cpp       : 350)   Estimating insert size for library #0
  0:00:06.252    10M / 1329M INFO    General                 (pair_info_count.cpp       : 202)   Estimating insert size (takes a while)
  0:00:06.265   154M / 1329M INFO    General                 (pair_info_count.cpp       :  48)   Selecting usual mapper
  0:00:06.617   154M / 1329M INFO    General                 (sequence_mapper_notifier.h:  95)   Total 18006 reads processed
  0:00:07.872   154M / 1329M INFO    General                 (pair_info_count.cpp       : 220)   Edge pairs: 35718
  0:00:07.872   154M / 1329M INFO    General                 (pair_info_count.cpp       : 224)   2257 paired reads (12.5347% of all) aligned to long edges
  0:00:07.872    10M / 1329M INFO    General                 (pair_info_count.cpp       : 373)     Insert size = 300, deviation = 0, left quantile = 300, right quantile = 300, read length = 150
  0:00:07.872    10M / 1329M INFO    General                 (pair_info_count.cpp       : 390)   Filtering data for library #0
  0:00:07.873    10M / 1329M INFO    General                 (pair_info_count.cpp       :  48)   Selecting usual mapper
  0:00:07.961    10M / 1329M INFO    General                 (sequence_mapper_notifier.h:  95)   Total 18006 reads processed
  0:00:07.962    10M / 1329M INFO    General                 (pair_info_count.cpp       : 402)   Mapping library #0
  0:00:07.962    10M / 1329M INFO    General                 (pair_info_count.cpp       : 404)   Mapping paired reads (takes a while)
  0:00:07.962    10M / 1329M INFO    General                 (pair_info_count.cpp       : 302)   Left insert size quantile 300, right insert size quantile 300, filtering threshold 1, rounding threshold 0
  0:00:07.970    19M / 1329M INFO    General                 (pair_info_count.cpp       :  48)   Selecting usual mapper
  0:00:08.058    22M / 1329M INFO    General                 (sequence_mapper_notifier.h:  95)   Total 18006 reads processed
  0:00:08.064    13M / 1329M INFO    General                 (pair_info_count.cpp       : 346)   Mapping contigs library #1
  0:00:08.065    13M / 1329M INFO    General                 (pair_info_count.cpp       :  48)   Selecting usual mapper
  0:00:08.119    13M / 1329M INFO    General                 (sequence_mapper_notifier.h:  95)   Total 198 reads processed
  0:00:08.120    13M / 1329M INFO   StageManager             (stage.cpp                 : 185)   STAGE == Distance Estimation (id: distance_estimation)
  0:00:08.120    13M / 1329M INFO    General                 (distance_estimation.cpp   : 179)   Processing library #0
  0:00:08.120    13M / 1329M INFO    General                 (distance_estimation.cpp   : 150)   Weight Filter Done
  0:00:08.120    13M / 1329M INFO   DistanceEstimator        (distance_estimation.hpp   : 116)   Using SIMPLE distance estimator
  0:00:08.225    17M / 1329M INFO    General                 (distance_estimation.cpp   :  37)   Filtering info
  0:00:08.226    17M / 1329M INFO    General                 (pair_info_filters.hpp     : 242)   Start filtering; index size: 65772
  0:00:08.244    18M / 1329M INFO    General                 (pair_info_filters.hpp     : 263)   Done filtering
  0:00:08.244    17M / 1329M INFO    General                 (distance_estimation.cpp   : 156)   Refining clustered pair information
  0:00:08.260    17M / 1329M INFO    General                 (distance_estimation.cpp   : 158)   The refining of clustered pair information has been finished
  0:00:08.260    17M / 1329M INFO    General                 (distance_estimation.cpp   : 160)   Improving paired information
  0:00:08.356    18M / 1329M INFO   PairInfoImprover         (pair_info_improver.hpp    : 105)   Paired info stats: missing = 11192; contradictional = 0
  0:00:08.457    18M / 1329M INFO   PairInfoImprover         (pair_info_improver.hpp    : 105)   Paired info stats: missing = 144; contradictional = 0
  0:00:08.459    18M / 1329M INFO    General                 (distance_estimation.cpp   : 104)   Filling scaffolding index
  0:00:08.459    18M / 1329M INFO   DistanceEstimator        (distance_estimation.hpp   : 116)   Using SMOOTHING distance estimator
  0:00:08.536    18M / 1329M INFO    General                 (distance_estimation.cpp   :  37)   Filtering info
  0:00:08.537    18M / 1329M INFO    General                 (pair_info_filters.hpp     : 242)   Start filtering; index size: 4922
  0:00:08.538    18M / 1329M INFO    General                 (pair_info_filters.hpp     : 263)   Done filtering
  0:00:08.538    18M / 1329M INFO    General                 (distance_estimation.cpp   : 186)   Clearing raw paired index
  0:00:08.542    15M / 1329M INFO   StageManager             (stage.cpp                 : 185)   STAGE == Repeat Resolving (id: repeat_resolving)
  0:00:08.542    15M / 1329M INFO    General                 (repeat_resolving.cpp      :  87)   Using Path-Extend repeat resolving
  0:00:08.542    15M / 1329M INFO    General                 (launcher.cpp              : 599)   ExSPAnder repeat resolving tool started
  0:00:08.547    25M / 1329M INFO    General                 (launcher.cpp              : 418)   Creating main extenders, unique edge length = 2000
  0:00:08.547    25M / 1329M INFO    General                 (launcher.cpp              : 342)   filling path container
  0:00:08.550    28M / 1329M INFO    General                 (extenders_logic.cpp       :  47)   resolvable_repeat_length_bound set to 10000
  0:00:08.569    28M / 1329M INFO    General                 (extenders_logic.cpp       : 542)   Using 1 paired-end library
  0:00:08.569    28M / 1329M INFO    General                 (extenders_logic.cpp       : 543)   Using 1 paired-end scaffolding library
  0:00:08.570    28M / 1329M INFO    General                 (extenders_logic.cpp       : 544)   Using 1 single read library
  0:00:08.570    28M / 1329M INFO    General                 (launcher.cpp              : 385)   Filling backbone edges for long reads scaffolding...
  0:00:08.570    28M / 1329M INFO    General                 (launcher.cpp              : 387)    with long reads paths
  0:00:08.570    28M / 1329M INFO    General                 (launcher.cpp              : 396)   Removing fake unique with paired-end libs
  0:00:08.570    28M / 1329M INFO    General                 (launcher.cpp              : 407)   0 unique edges
  0:00:08.570    28M / 1329M INFO    General                 (extenders_logic.cpp       : 445)   Using 0 long reads scaffolding libraries
  0:00:08.570    28M / 1329M INFO    General                 (extenders_logic.cpp       : 455)   Using additional coordinated coverage extender
  0:00:08.570    29M / 1329M INFO    General                 (launcher.cpp              : 446)   Total number of extenders is 5
  0:00:08.570    29M / 1329M INFO    General                 (path_extenders.cpp        :  36)   Processed 0 paths from 2461 (0%)
  0:00:08.695    39M / 1329M INFO    General                 (path_extenders.cpp        :  34)   Processed 128 paths from 2461 (5%)
  0:00:08.752    41M / 1329M INFO    General                 (path_extenders.cpp        :  36)   Processed 247 paths from 2461 (10%)
  0:00:08.755    42M / 1329M INFO    General                 (path_extenders.cpp        :  34)   Processed 256 paths from 2461 (10%)
  0:00:08.792    43M / 1329M INFO    General                 (path_extenders.cpp        :  36)   Processed 494 paths from 2461 (20%)
  0:00:08.793    43M / 1329M INFO    General                 (path_extenders.cpp        :  34)   Processed 512 paths from 2461 (20%)
  0:00:08.810    44M / 1329M INFO    General                 (path_extenders.cpp        :  36)   Processed 741 paths from 2461 (30%)
  0:00:08.816    44M / 1329M INFO    General                 (path_extenders.cpp        :  36)   Processed 988 paths from 2461 (40%)
  0:00:08.817    44M / 1329M INFO    General                 (path_extenders.cpp        :  34)   Processed 1024 paths from 2461 (41%)
  0:00:08.817    44M / 1329M INFO    General                 (path_extenders.cpp        :  36)   Processed 1235 paths from 2461 (50%)
  0:00:08.819    44M / 1329M INFO    General                 (path_extenders.cpp        :  36)   Processed 1482 paths from 2461 (60%)
  0:00:08.819    44M / 1329M INFO    General                 (path_extenders.cpp        :  36)   Processed 1729 paths from 2461 (70%)
  0:00:08.819    44M / 1329M INFO    General                 (path_extenders.cpp        :  36)   Processed 1976 paths from 2461 (80%)
  0:00:08.820    44M / 1329M INFO    General                 (path_extenders.cpp        :  34)   Processed 2048 paths from 2461 (83%)
  0:00:08.820    44M / 1329M INFO    General                 (path_extenders.cpp        :  36)   Processed 2223 paths from 2461 (90%)
  0:00:08.820    44M / 1329M INFO    General                 (launcher.cpp              : 250)   Finalizing paths
  0:00:08.820    44M / 1329M INFO    General                 (launcher.cpp              : 252)   Deduplicating paths
  0:00:08.825    44M / 1329M INFO    General                 (launcher.cpp              : 256)   Paths deduplicated
  0:00:08.825    44M / 1329M INFO   PEResolver               (pe_resolver.cpp           :  60)   Removing overlaps
  0:00:08.826    44M / 1329M INFO   PEResolver               (pe_resolver.cpp           :  70)   Marking overlaps
  0:00:08.826    44M / 1329M INFO   OverlapRemover           (overlap_remover.hpp       : 116)   Marking start/end overlaps
  0:00:08.834    44M / 1329M INFO   OverlapRemover           (overlap_remover.hpp       : 119)   Marking remaining overlaps
  0:00:08.843    44M / 1329M INFO   PEResolver               (pe_resolver.cpp           :  73)   Splitting paths
  0:00:08.849    49M / 1329M INFO   PEResolver               (pe_resolver.cpp           :  78)   Deduplicating paths
  0:00:08.853    44M / 1329M INFO   PEResolver               (pe_resolver.cpp           :  80)   Overlaps removed
  0:00:08.854    44M / 1329M INFO    General                 (launcher.cpp              : 273)   Paths finalized
  0:00:08.854    44M / 1329M INFO    General                 (launcher.cpp              : 453)   Closing gaps in paths
  0:00:08.856    46M / 1329M INFO    General                 (launcher.cpp              : 483)   Gap closing completed
  0:00:08.857    46M / 1329M INFO    General                 (launcher.cpp              : 302)   Traversing tandem repeats
  0:00:08.862    46M / 1329M INFO    General                 (launcher.cpp              : 312)   Traversed 0 loops
  0:00:08.862    46M / 1329M INFO    General                 (launcher.cpp              : 250)   Finalizing paths
  0:00:08.862    46M / 1329M INFO    General                 (launcher.cpp              : 252)   Deduplicating paths
  0:00:08.863    46M / 1329M INFO    General                 (launcher.cpp              : 256)   Paths deduplicated
  0:00:08.863    46M / 1329M INFO   PEResolver               (pe_resolver.cpp           :  60)   Removing overlaps
  0:00:08.863    46M / 1329M INFO   PEResolver               (pe_resolver.cpp           :  70)   Marking overlaps
  0:00:08.863    46M / 1329M INFO   OverlapRemover           (overlap_remover.hpp       : 116)   Marking start/end overlaps
  0:00:08.865    46M / 1329M INFO   OverlapRemover           (overlap_remover.hpp       : 119)   Marking remaining overlaps
  0:00:08.867    46M / 1329M INFO   PEResolver               (pe_resolver.cpp           :  73)   Splitting paths
  0:00:08.869    48M / 1329M INFO   PEResolver               (pe_resolver.cpp           :  78)   Deduplicating paths
  0:00:08.871    46M / 1329M INFO   PEResolver               (pe_resolver.cpp           :  80)   Overlaps removed
  0:00:08.872    46M / 1329M INFO    General                 (launcher.cpp              : 273)   Paths finalized
  0:00:08.872    46M / 1329M INFO    General                 (launcher.cpp              : 663)   ExSPAnder repeat resolving tool finished
  0:00:08.879    16M / 1329M INFO   StageManager             (stage.cpp                 : 185)   STAGE == Contig Output (id: contig_output)
  0:00:08.882    16M / 1329M INFO    General                 (contig_output.hpp         :  16)   Outputting contigs to /gpfs/projects/p32818/metagenomic_data/out/reconstruction/metaspades_assembly/K55/before_rr.fasta
  0:00:08.898    16M / 1329M INFO    General                 (contig_output_stage.cpp   : 151)   Writing GFA graph to /gpfs/projects/p32818/metagenomic_data/out/reconstruction/metaspades_assembly/K55/assembly_graph_with_scaffolds.gfa
  0:00:08.907    16M / 1329M INFO    General                 (contig_output_stage.cpp   : 165)   Outputting FastG graph to /gpfs/projects/p32818/metagenomic_data/out/reconstruction/metaspades_assembly/K55/assembly_graph.fastg
  0:00:08.932    16M / 1329M INFO    General                 (contig_output_stage.cpp   : 196)   Breaking scaffolds
  0:00:08.937    19M / 1329M INFO    General                 (contig_output_stage.cpp   :  98)   Outputting contigs to /gpfs/projects/p32818/metagenomic_data/out/reconstruction/metaspades_assembly/K55/final_contigs.fasta
  0:00:08.943    19M / 1329M INFO    General                 (contig_output_stage.cpp   : 104)   Outputting FastG paths to /gpfs/projects/p32818/metagenomic_data/out/reconstruction/metaspades_assembly/K55/final_contigs.paths
  0:00:08.957    17M / 1329M INFO    General                 (contig_output_stage.cpp   :  98)   Outputting contigs to /gpfs/projects/p32818/metagenomic_data/out/reconstruction/metaspades_assembly/K55/scaffolds.fasta
  0:00:08.964    17M / 1329M INFO    General                 (contig_output_stage.cpp   : 104)   Outputting FastG paths to /gpfs/projects/p32818/metagenomic_data/out/reconstruction/metaspades_assembly/K55/scaffolds.paths
  0:00:08.973    17M / 1329M INFO    General                 (contig_output_stage.cpp   : 111)   Populating GFA with scaffold paths
  0:00:08.980    16M / 1329M INFO    General                 (pipeline.cpp              : 287)   SPAdes finished
  0:00:08.995     1M / 1329M INFO    General                 (main.cpp                  : 136)   Assembling time: 0 hours 0 minutes 9 seconds

===== K55 finished. 


===== Copy files started. 


== Running: /home/aie7773/.conda/envs/mybase/bin/python /gpfs/software/spades/3.15.0/share/spades/spades_pipeline/scripts/copy_files.py /gpfs/projects/p32818/metagenomic_data/out/reconstruction/metaspades_assembly/K55/before_rr.fasta /gpfs/projects/p32818/metagenomic_data/out/reconstruction/metaspades_assembly/before_rr.fasta /gpfs/projects/p32818/metagenomic_data/out/reconstruction/metaspades_assembly/K55/assembly_graph_after_simplification.gfa /gpfs/projects/p32818/metagenomic_data/out/reconstruction/metaspades_assembly/assembly_graph_after_simplification.gfa /gpfs/projects/p32818/metagenomic_data/out/reconstruction/metaspades_assembly/K55/final_contigs.fasta /gpfs/projects/p32818/metagenomic_data/out/reconstruction/metaspades_assembly/contigs.fasta /gpfs/projects/p32818/metagenomic_data/out/reconstruction/metaspades_assembly/K55/first_pe_contigs.fasta /gpfs/projects/p32818/metagenomic_data/out/reconstruction/metaspades_assembly/first_pe_contigs.fasta /gpfs/projects/p32818/metagenomic_data/out/reconstruction/metaspades_assembly/K55/strain_graph.gfa /gpfs/projects/p32818/metagenomic_data/out/reconstruction/metaspades_assembly/strain_graph.gfa /gpfs/projects/p32818/metagenomic_data/out/reconstruction/metaspades_assembly/K55/scaffolds.fasta /gpfs/projects/p32818/metagenomic_data/out/reconstruction/metaspades_assembly/scaffolds.fasta /gpfs/projects/p32818/metagenomic_data/out/reconstruction/metaspades_assembly/K55/scaffolds.paths /gpfs/projects/p32818/metagenomic_data/out/reconstruction/metaspades_assembly/scaffolds.paths /gpfs/projects/p32818/metagenomic_data/out/reconstruction/metaspades_assembly/K55/assembly_graph_with_scaffolds.gfa /gpfs/projects/p32818/metagenomic_data/out/reconstruction/metaspades_assembly/assembly_graph_with_scaffolds.gfa /gpfs/projects/p32818/metagenomic_data/out/reconstruction/metaspades_assembly/K55/assembly_graph.fastg /gpfs/projects/p32818/metagenomic_data/out/reconstruction/metaspades_assembly/assembly_graph.fastg /gpfs/projects/p32818/metagenomic_data/out/reconstruction/metaspades_assembly/K55/final_contigs.paths /gpfs/projects/p32818/metagenomic_data/out/reconstruction/metaspades_assembly/contigs.paths


===== Copy files finished. 


===== Assembling finished. 


===== Breaking scaffolds started. 


== Running: /home/aie7773/.conda/envs/mybase/bin/python /gpfs/software/spades/3.15.0/share/spades/spades_pipeline/scripts/breaking_scaffolds_script.py --result_scaffolds_filename /gpfs/projects/p32818/metagenomic_data/out/reconstruction/metaspades_assembly/scaffolds.fasta --misc_dir /gpfs/projects/p32818/metagenomic_data/out/reconstruction/metaspades_assembly/misc --threshold_for_breaking_scaffolds 3

/gpfs/software/spades/3.15.0/share/spades/spades_pipeline/scripts/../support.py:484: SyntaxWarning: invalid escape sequence '\d'
  return [atoi(c) for c in re.split("(\d+)", text)]
/gpfs/software/spades/3.15.0/share/spades/spades_pipeline/scripts/../support.py:540: SyntaxWarning: invalid escape sequence '\d'
  lib_number = int(option[re.search("\d", option).start()])

===== Breaking scaffolds finished. 


===== Terminate started. 


===== Terminate finished. 

 * Assembled contigs are in /gpfs/projects/p32818/metagenomic_data/out/reconstruction/metaspades_assembly/contigs.fasta
 * Assembled scaffolds are in /gpfs/projects/p32818/metagenomic_data/out/reconstruction/metaspades_assembly/scaffolds.fasta
 * Paths in the assembly graph corresponding to the contigs are in /gpfs/projects/p32818/metagenomic_data/out/reconstruction/metaspades_assembly/contigs.paths
 * Paths in the assembly graph corresponding to the scaffolds are in /gpfs/projects/p32818/metagenomic_data/out/reconstruction/metaspades_assembly/scaffolds.paths
 * Assembly graph is in /gpfs/projects/p32818/metagenomic_data/out/reconstruction/metaspades_assembly/assembly_graph.fastg
 * Assembly graph in GFA format is in /gpfs/projects/p32818/metagenomic_data/out/reconstruction/metaspades_assembly/assembly_graph_with_scaffolds.gfa

======= SPAdes pipeline finished.

SPAdes log can be found here: /gpfs/projects/p32818/metagenomic_data/out/reconstruction/metaspades_assembly/spades.log

Thank you for using SPAdes!
Assembly complete! Contigs: ../out/reconstruction/metaspades_assembly/contigs.fasta
